Date	Day	Hindu Month (Amanta)	Paksha	Tithi	Nakshatra	Yog	Karan	Sunrise	Sunset	Moonrise	Moonset	Rahu Kaal	Yamaganda Kaal	Gulika Kaal	Abhijit Muhurat	Special Festival / Vrat
2026-08-01	Saturday	Shravana	Shukla Paksha	Dwitiya (up to 14:00)	Ardra	Atiganda	Bava	05:35 AM	07:15 PM	07:00 AM	19:00 PM	09:00 AM - 10:30 AM	01:30 PM - 03:00 PM	06:00 AM - 07:30 AM	11:55 AM - 12:45 PM	Normal Day
2026-08-02	Sunday	Shravana	Shukla Paksha	Tritiya (up to 21:13)	Punarvasu	Sukarma	Balava	05:35 AM	07:15 PM	08:17 AM	20:23 PM	04:30 PM - 06:00 PM	12:00 PM - 01:30 PM	03:00 PM - 04:30 PM	11:55 AM - 12:45 PM	Normal Day
2026-08-03	Monday	Shravana	Shukla Paksha	Chaturthi (up to 20:26)	Pushya	Dhriti	Kaulava	05:35 AM	07:15 PM	09:34 AM	21:46 PM	07:30 AM - 09:00 AM	10:30 AM - 12:00 PM	01:30 PM - 03:00 PM	11:55 AM - 12:45 PM	Normal Day
2026-08-04	Tuesday	Shravana	Shukla Paksha	Panchami (up to 19:39)	Ashlesha	Shool	Taitila	05:35 AM	07:15 PM	10:51 AM	22:09 PM	03:00 PM - 04:30 PM	09:00 AM - 10:30 AM	12:00 PM - 01:30 PM	11:55 AM - 12:45 PM	Nag Panchami
2026-08-05	Wednesday	Shravana	Shukla Paksha	Shasthi (up to 18:52)	Magha	Ganda	Garaja	05:35 AM	07:15 PM	12:08 PM	00:32 AM	12:00 PM - 01:30 PM	07:30 AM - 09:00 AM	10:30 AM - 12:00 PM	11:55 AM - 12:45 PM	Normal Day
2026-08-06	Thursday	Shravana	Shukla Paksha	Saptami (up to 17:05)	Purva Phalguni	Vriddhi	Vanija	05:35 AM	07:15 PM	13:25 PM	01:55 AM	01:30 PM - 03:00 PM	06:00 AM - 07:30 AM	09:00 AM - 10:30 AM	11:55 AM - 12:45 PM	Normal Day
2026-08-07	Friday	Shravana	Shukla Paksha	Ashtami (up to 16:18)	Uttara Phalguni	Dhruva	Vishti	05:35 AM	07:15 PM	14:42 PM	02:18 AM	10:30 AM - 12:00 PM	03:00 PM - 04:30 PM	07:30 AM - 09:00 AM	11:55 AM - 12:45 PM	Normal Day
2026-08-08	Saturday	Shravana	Shukla Paksha	Navami (up to 15:31)	Hasta	Vyaghat	Bava	05:35 AM	07:15 PM	15:59 PM	03:41 AM	09:00 AM - 10:30 AM	01:30 PM - 03:00 PM	06:00 AM - 07:30 AM	11:55 AM - 12:45 PM	Normal Day
2026-08-09	Sunday	Shravana	Shukla Paksha	Dashami (up to 14:44)	Chitra	Harshan	Balava	05:35 AM	07:15 PM	16:16 PM	04:04 AM	04:30 PM - 06:00 PM	12:00 PM - 01:30 PM	03:00 PM - 04:30 PM	11:55 AM - 12:45 PM	Normal Day
2026-08-10	Monday	Shravana	Shukla Paksha	Ekadashi (up to 21:57)	Swati	Vajra	Kaulava	05:35 AM	07:15 PM	18:33 PM	06:27 AM	07:30 AM - 09:00 AM	10:30 AM - 12:00 PM	01:30 PM - 03:00 PM	11:55 AM - 12:45 PM	Shravana Putrada Ekadashi Vrat
2026-08-11	Tuesday	Shravana	Shukla Paksha	Dwadashi (up to 20:10)	Vishakha	Siddhi	Taitila	05:35 AM	07:15 PM	19:50 PM	07:50 AM	03:00 PM - 04:30 PM	09:00 AM - 10:30 AM	12:00 PM - 01:30 PM	11:55 AM - 12:45 PM	Normal Day
2026-08-12	Wednesday	Shravana	Shukla Paksha	Trayodashi (up to 19:23)	Anuradha	Vyatipat	Garaja	05:35 AM	07:15 PM	20:07 PM	08:13 AM	12:00 PM - 01:30 PM	07:30 AM - 09:00 AM	10:30 AM - 12:00 PM	11:55 AM - 12:45 PM	Pradosh Vrat
2026-08-13	Thursday	Shravana	Shukla Paksha	Chaturdashi (up to 18:36)	Jyeshtha	Variyan	Vanija	05:35 AM	07:15 PM	21:24 PM	09:36 AM	01:30 PM - 03:00 PM	06:00 AM - 07:30 AM	09:00 AM - 10:30 AM	11:55 AM - 12:45 PM	Normal Day
2026-08-14	Friday	Shravana	Shukla Paksha	Purnima (up to 17:49)	Mula	Parigha	Vishti	05:35 AM	07:15 PM	22:41 PM	10:59 AM	10:30 AM - 12:00 PM	03:00 PM - 04:30 PM	07:30 AM - 09:00 AM	11:55 AM - 12:45 PM	Raksha Bandhan / Shravani Purnima
2026-08-15	Saturday	Shravana	Krishna Paksha	Pratipada (up to 16:02)	Purva Ashadha	Shiva	Bava	05:35 AM	07:15 PM	06:58 AM	18:22 PM	09:00 AM - 10:30 AM	01:30 PM - 03:00 PM	06:00 AM - 07:30 AM	11:55 AM - 12:45 PM	Independence Day
2026-08-16	Sunday	Shravana	Krishna Paksha	Dwitiya (up to 15:15)	Uttara Ashadha	Siddha	Balava	05:35 AM	07:15 PM	07:15 AM	19:45 PM	04:30 PM - 06:00 PM	12:00 PM - 01:30 PM	03:00 PM - 04:30 PM	11:55 AM - 12:45 PM	Normal Day
2026-08-17	Monday	Shravana	Krishna Paksha	Tritiya (up to 14:28)	Shravana	Sadhya	Kaulava	05:35 AM	07:15 PM	08:32 AM	20:08 PM	07:30 AM - 09:00 AM	10:30 AM - 12:00 PM	01:30 PM - 03:00 PM	11:55 AM - 12:45 PM	Normal Day
2026-08-18	Tuesday	Shravana	Krishna Paksha	Chaturthi (up to 21:41)	Dhanishta	Shubha	Taitila	05:35 AM	07:15 PM	09:49 AM	21:31 PM	03:00 PM - 04:30 PM	09:00 AM - 10:30 AM	12:00 PM - 01:30 PM	11:55 AM - 12:45 PM	Sankashti Chaturthi Vrat
2026-08-19	Wednesday	Shravana	Krishna Paksha	Panchami (up to 20:54)	Shatabhisha	Shukla	Garaja	05:35 AM	07:15 PM	10:06 AM	22:54 PM	12:00 PM - 01:30 PM	07:30 AM - 09:00 AM	10:30 AM - 12:00 PM	11:55 AM - 12:45 PM	Normal Day
2026-08-20	Thursday	Shravana	Krishna Paksha	Shasthi (up to 19:07)	Purva Bhadrapada	Brahma	Vanija	05:35 AM	07:15 PM	12:23 PM	00:17 AM	01:30 PM - 03:00 PM	06:00 AM - 07:30 AM	09:00 AM - 10:30 AM	11:55 AM - 12:45 PM	Normal Day
2026-08-21	Friday	Shravana	Krishna Paksha	Saptami (up to 18:20)	Uttara Bhadrapada	Indra	Vishti	05:35 AM	07:15 PM	13:40 PM	01:40 AM	10:30 AM - 12:00 PM	03:00 PM - 04:30 PM	07:30 AM - 09:00 AM	11:55 AM - 12:45 PM	Normal Day
2026-08-22	Saturday	Shravana	Krishna Paksha	Ashtami (up to 17:33)	Revati	Vaidhriti	Bava	05:35 AM	07:15 PM	14:57 PM	02:03 AM	09:00 AM - 10:30 AM	01:30 PM - 03:00 PM	06:00 AM - 07:30 AM	11:55 AM - 12:45 PM	Normal Day
2026-08-23	Sunday	Shravana	Krishna Paksha	Navami (up to 16:46)	Ashwini	Vishkambha	Balava	05:35 AM	07:15 PM	15:14 PM	03:26 AM	04:30 PM - 06:00 PM	12:00 PM - 01:30 PM	03:00 PM - 04:30 PM	11:55 AM - 12:45 PM	Normal Day
2026-08-24	Monday	Shravana	Krishna Paksha	Dashami (up to 15:59)	Bharani	Priti	Kaulava	05:35 AM	07:15 PM	16:31 PM	04:49 AM	07:30 AM - 09:00 AM	10:30 AM - 12:00 PM	01:30 PM - 03:00 PM	11:55 AM - 12:45 PM	Normal Day
2026-08-25	Tuesday	Shravana	Krishna Paksha	Ekadashi (up to 14:12)	Krittika	Ayushman	Taitila	05:35 AM	07:15 PM	18:48 PM	06:12 AM	03:00 PM - 04:30 PM	09:00 AM - 10:30 AM	12:00 PM - 01:30 PM	11:55 AM - 12:45 PM	Kamika Ekadashi Vrat
2026-08-26	Wednesday	Shravana	Krishna Paksha	Dwadashi (up to 21:25)	Rohini	Saubhagya	Garaja	05:35 AM	07:15 PM	19:05 PM	07:35 AM	12:00 PM - 01:30 PM	07:30 AM - 09:00 AM	10:30 AM - 12:00 PM	11:55 AM - 12:45 PM	Normal Day
2026-08-27	Thursday	Shravana	Krishna Paksha	Trayodashi (up to 20:38)	Mrigashira	Sobhana	Vanija	05:35 AM	07:15 PM	20:22 PM	08:58 AM	01:30 PM - 03:00 PM	06:00 AM - 07:30 AM	09:00 AM - 10:30 AM	11:55 AM - 12:45 PM	Pradosh Vrat
2026-08-28	Friday	Shravana	Krishna Paksha	Chaturdashi (up to 19:51)	Ardra	Atiganda	Vishti	05:35 AM	07:15 PM	21:39 PM	09:21 AM	10:30 AM - 12:00 PM	03:00 PM - 04:30 PM	07:30 AM - 09:00 AM	11:55 AM - 12:45 PM	Normal Day
2026-08-29	Saturday	Shravana	Krishna Paksha	Purnima (up to 18:04)	Punarvasu	Sukarma	Bava	05:35 AM	07:15 PM	22:56 PM	10:44 AM	09:00 AM - 10:30 AM	01:30 PM - 03:00 PM	06:00 AM - 07:30 AM	11:55 AM - 12:45 PM	Amavasya (Pitru Tarpan)
2026-08-30	Sunday	Bhadrapada	Shukla Paksha	Pratipada (up to 17:17)	Pushya	Dhriti	Balava	05:35 AM	07:15 PM	06:13 AM	18:07 PM	04:30 PM - 06:00 PM	12:00 PM - 01:30 PM	03:00 PM - 04:30 PM	11:55 AM - 12:45 PM	Normal Day
2026-08-31	Monday	Bhadrapada	Shukla Paksha	Dwitiya (up to 16:30)	Ashlesha	Shool	Kaulava	05:35 AM	07:15 PM	07:30 AM	19:30 PM	07:30 AM - 09:00 AM	10:30 AM - 12:00 PM	01:30 PM - 03:00 PM	11:55 AM - 12:45 PM	Normal Day
2026-09-01	Tuesday	Bhadrapada	Shukla Paksha	Tritiya (up to 15:43)	Magha	Ganda	Taitila	05:35 AM	07:15 PM	08:47 AM	20:53 PM	03:00 PM - 04:30 PM	09:00 AM - 10:30 AM	12:00 PM - 01:30 PM	11:55 AM - 12:45 PM	Normal Day
2026-09-02	Wednesday	Bhadrapada	Shukla Paksha	Chaturthi (up to 14:56)	Purva Phalguni	Vriddhi	Garaja	05:35 AM	07:15 PM	09:04 AM	21:16 PM	12:00 PM - 01:30 PM	07:30 AM - 09:00 AM	10:30 AM - 12:00 PM	11:55 AM - 12:45 PM	Ganesh Chaturthi / Haritalika Teej
2026-09-03	Thursday	Bhadrapada	Shukla Paksha	Panchami (up to 21:09)	Uttara Phalguni	Dhruva	Vanija	05:35 AM	07:15 PM	10:21 AM	22:39 PM	01:30 PM - 03:00 PM	06:00 AM - 07:30 AM	09:00 AM - 10:30 AM	11:55 AM - 12:45 PM	Normal Day
2026-09-04	Friday	Bhadrapada	Shukla Paksha	Shasthi (up to 20:22)	Hasta	Vyaghat	Vishti	05:35 AM	07:15 PM	12:38 PM	00:02 AM	10:30 AM - 12:00 PM	03:00 PM - 04:30 PM	07:30 AM - 09:00 AM	11:55 AM - 12:45 PM	Normal Day
2026-09-05	Saturday	Bhadrapada	Shukla Paksha	Saptami (up to 19:35)	Chitra	Harshan	Bava	05:35 AM	07:15 PM	13:55 PM	01:25 AM	09:00 AM - 10:30 AM	01:30 PM - 03:00 PM	06:00 AM - 07:30 AM	11:55 AM - 12:45 PM	Normal Day
2026-09-06	Sunday	Bhadrapada	Shukla Paksha	Ashtami (up to 18:48)	Swati	Vajra	Balava	05:35 AM	07:15 PM	14:12 PM	02:48 AM	04:30 PM - 06:00 PM	12:00 PM - 01:30 PM	03:00 PM - 04:30 PM	11:55 AM - 12:45 PM	Normal Day
2026-09-07	Monday	Bhadrapada	Shukla Paksha	Navami (up to 17:01)	Vishakha	Siddhi	Kaulava	05:35 AM	07:15 PM	15:29 PM	03:11 AM	07:30 AM - 09:00 AM	10:30 AM - 12:00 PM	01:30 PM - 03:00 PM	11:55 AM - 12:45 PM	Normal Day
2026-09-08	Tuesday	Bhadrapada	Shukla Paksha	Dashami (up to 16:14)	Anuradha	Vyatipat	Taitila	05:35 AM	07:15 PM	16:46 PM	04:34 AM	03:00 PM - 04:30 PM	09:00 AM - 10:30 AM	12:00 PM - 01:30 PM	11:55 AM - 12:45 PM	Normal Day
2026-09-09	Wednesday	Bhadrapada	Shukla Paksha	Ekadashi (up to 15:27)	Jyeshtha	Variyan	Garaja	05:35 AM	07:15 PM	18:03 PM	06:57 AM	12:00 PM - 01:30 PM	07:30 AM - 09:00 AM	10:30 AM - 12:00 PM	11:55 AM - 12:45 PM	Parivartini Ekadashi Vrat
2026-09-10	Thursday	Bhadrapada	Shukla Paksha	Dwadashi (up to 14:40)	Mula	Parigha	Vanija	05:35 AM	07:15 PM	19:20 PM	07:20 AM	01:30 PM - 03:00 PM	06:00 AM - 07:30 AM	09:00 AM - 10:30 AM	11:55 AM - 12:45 PM	Normal Day
2026-09-11	Friday	Bhadrapada	Shukla Paksha	Trayodashi (up to 21:53)	Purva Ashadha	Shiva	Vishti	05:35 AM	07:15 PM	20:37 PM	08:43 AM	10:30 AM - 12:00 PM	03:00 PM - 04:30 PM	07:30 AM - 09:00 AM	11:55 AM - 12:45 PM	Pradosh Vrat
2026-09-12	Saturday	Bhadrapada	Shukla Paksha	Chaturdashi (up to 20:06)	Uttara Ashadha	Siddha	Bava	05:35 AM	07:15 PM	21:54 PM	09:06 AM	09:00 AM - 10:30 AM	01:30 PM - 03:00 PM	06:00 AM - 07:30 AM	11:55 AM - 12:45 PM	Anant Chaturdashi
2026-09-13	Sunday	Bhadrapada	Shukla Paksha	Purnima (up to 19:19)	Shravana	Sadhya	Balava	05:35 AM	07:15 PM	22:11 PM	10:29 AM	04:30 PM - 06:00 PM	12:00 PM - 01:30 PM	03:00 PM - 04:30 PM	11:55 AM - 12:45 PM	Purnima Vrat & Satyanarayan Puja
2026-09-14	Monday	Bhadrapada	Krishna Paksha	Pratipada (up to 18:32)	Dhanishta	Shubha	Kaulava	05:35 AM	07:15 PM	06:28 AM	18:52 PM	07:30 AM - 09:00 AM	10:30 AM - 12:00 PM	01:30 PM - 03:00 PM	11:55 AM - 12:45 PM	Normal Day
2026-09-15	Tuesday	Bhadrapada	Krishna Paksha	Dwitiya (up to 17:45)	Shatabhisha	Shukla	Taitila	05:35 AM	07:15 PM	07:45 AM	19:15 PM	03:00 PM - 04:30 PM	09:00 AM - 10:30 AM	12:00 PM - 01:30 PM	11:55 AM - 12:45 PM	Normal Day
2026-09-16	Wednesday	Bhadrapada	Krishna Paksha	Tritiya (up to 16:58)	Purva Bhadrapada	Brahma	Garaja	05:35 AM	07:15 PM	08:02 AM	20:38 PM	12:00 PM - 01:30 PM	07:30 AM - 09:00 AM	10:30 AM - 12:00 PM	11:55 AM - 12:45 PM	Normal Day
2026-09-17	Thursday	Bhadrapada	Krishna Paksha	Chaturthi (up to 15:11)	Uttara Bhadrapada	Indra	Vanija	05:35 AM	07:15 PM	09:19 AM	21:01 PM	01:30 PM - 03:00 PM	06:00 AM - 07:30 AM	09:00 AM - 10:30 AM	11:55 AM - 12:45 PM	Sankashti Chaturthi Vrat
2026-09-18	Friday	Bhadrapada	Krishna Paksha	Panchami (up to 14:24)	Revati	Vaidhriti	Vishti	05:35 AM	07:15 PM	10:36 AM	22:24 PM	10:30 AM - 12:00 PM	03:00 PM - 04:30 PM	07:30 AM - 09:00 AM	11:55 AM - 12:45 PM	Normal Day
2026-09-19	Saturday	Bhadrapada	Krishna Paksha	Shasthi (up to 21:37)	Ashwini	Vishkambha	Bava	05:35 AM	07:15 PM	12:53 PM	00:47 AM	09:00 AM - 10:30 AM	01:30 PM - 03:00 PM	06:00 AM - 07:30 AM	11:55 AM - 12:45 PM	Normal Day
2026-09-20	Sunday	Bhadrapada	Krishna Paksha	Saptami (up to 20:50)	Bharani	Priti	Balava	05:35 AM	07:15 PM	13:10 PM	01:10 AM	04:30 PM - 06:00 PM	12:00 PM - 01:30 PM	03:00 PM - 04:30 PM	11:55 AM - 12:45 PM	Normal Day
2026-09-21	Monday	Bhadrapada	Krishna Paksha	Ashtami (up to 19:03)	Krittika	Ayushman	Kaulava	05:35 AM	07:15 PM	14:27 PM	02:33 AM	07:30 AM - 09:00 AM	10:30 AM - 12:00 PM	01:30 PM - 03:00 PM	11:55 AM - 12:45 PM	Shri Krishna Janmashtami
2026-09-22	Tuesday	Bhadrapada	Krishna Paksha	Navami (up to 18:16)	Rohini	Saubhagya	Taitila	05:35 AM	07:15 PM	15:44 PM	03:56 AM	03:00 PM - 04:30 PM	09:00 AM - 10:30 AM	12:00 PM - 01:30 PM	11:55 AM - 12:45 PM	Normal Day
2026-09-23	Wednesday	Bhadrapada	Krishna Paksha	Dashami (up to 17:29)	Mrigashira	Sobhana	Garaja	05:35 AM	07:15 PM	16:01 PM	04:19 AM	12:00 PM - 01:30 PM	07:30 AM - 09:00 AM	10:30 AM - 12:00 PM	11:55 AM - 12:45 PM	Normal Day
2026-09-24	Thursday	Bhadrapada	Krishna Paksha	Ekadashi (up to 16:42)	Ardra	Atiganda	Vanija	05:35 AM	07:15 PM	18:18 PM	06:42 AM	01:30 PM - 03:00 PM	06:00 AM - 07:30 AM	09:00 AM - 10:30 AM	11:55 AM - 12:45 PM	Aja Ekadashi Vrat
2026-09-25	Friday	Bhadrapada	Krishna Paksha	Dwadashi (up to 15:55)	Punarvasu	Sukarma	Vishti	05:35 AM	07:15 PM	19:35 PM	07:05 AM	10:30 AM - 12:00 PM	03:00 PM - 04:30 PM	07:30 AM - 09:00 AM	11:55 AM - 12:45 PM	Normal Day
2026-09-26	Saturday	Bhadrapada	Krishna Paksha	Trayodashi (up to 14:08)	Pushya	Dhriti	Bava	05:35 AM	07:15 PM	20:52 PM	08:28 AM	09:00 AM - 10:30 AM	01:30 PM - 03:00 PM	06:00 AM - 07:30 AM	11:55 AM - 12:45 PM	Pradosh Vrat
2026-09-27	Sunday	Bhadrapada	Krishna Paksha	Chaturdashi (up to 21:21)	Ashlesha	Shool	Balava	05:35 AM	07:15 PM	21:09 PM	09:51 AM	04:30 PM - 06:00 PM	12:00 PM - 01:30 PM	03:00 PM - 04:30 PM	11:55 AM - 12:45 PM	Normal Day
2026-09-28	Monday	Bhadrapada	Krishna Paksha	Purnima (up to 20:34)	Magha	Ganda	Kaulava	05:35 AM	07:15 PM	22:26 PM	10:14 AM	07:30 AM - 09:00 AM	10:30 AM - 12:00 PM	01:30 PM - 03:00 PM	11:55 AM - 12:45 PM	Amavasya (Pitru Tarpan)
2026-09-29	Tuesday	Ashvina	Shukla Paksha	Pratipada (up to 19:47)	Purva Phalguni	Vriddhi	Taitila	05:35 AM	07:15 PM	06:43 AM	18:37 PM	03:00 PM - 04:30 PM	09:00 AM - 10:30 AM	12:00 PM - 01:30 PM	11:55 AM - 12:45 PM	Sharad Navratri Ghatasthapana
2026-09-30	Wednesday	Ashvina	Shukla Paksha	Dwitiya (up to 18:00)	Uttara Phalguni	Dhruva	Garaja	05:35 AM	07:15 PM	07:00 AM	19:00 PM	12:00 PM - 01:30 PM	07:30 AM - 09:00 AM	10:30 AM - 12:00 PM	11:55 AM - 12:45 PM	Normal Day
2026-10-01	Thursday	Ashvina	Shukla Paksha	Tritiya (up to 17:13)	Hasta	Vyaghat	Vanija	05:42 AM	07:12 PM	08:17 AM	20:23 PM	01:30 PM - 03:00 PM	06:00 AM - 07:30 AM	09:00 AM - 10:30 AM	11:55 AM - 12:45 PM	Normal Day
2026-10-02	Friday	Ashvina	Shukla Paksha	Chaturthi (up to 16:26)	Chitra	Harshan	Vishti	05:42 AM	07:12 PM	09:34 AM	21:46 PM	10:30 AM - 12:00 PM	03:00 PM - 04:30 PM	07:30 AM - 09:00 AM	11:55 AM - 12:45 PM	Normal Day
2026-10-03	Saturday	Ashvina	Shukla Paksha	Panchami (up to 15:39)	Swati	Vajra	Bava	05:42 AM	07:12 PM	10:51 AM	22:09 PM	09:00 AM - 10:30 AM	01:30 PM - 03:00 PM	06:00 AM - 07:30 AM	11:55 AM - 12:45 PM	Normal Day
2026-10-04	Sunday	Ashvina	Shukla Paksha	Shasthi (up to 14:52)	Vishakha	Siddhi	Balava	05:42 AM	07:12 PM	12:08 PM	00:32 AM	04:30 PM - 06:00 PM	12:00 PM - 01:30 PM	03:00 PM - 04:30 PM	11:55 AM - 12:45 PM	Normal Day
2026-10-05	Monday	Ashvina	Shukla Paksha	Saptami (up to 21:05)	Anuradha	Vyatipat	Kaulava	05:42 AM	07:12 PM	13:25 PM	01:55 AM	07:30 AM - 09:00 AM	10:30 AM - 12:00 PM	01:30 PM - 03:00 PM	11:55 AM - 12:45 PM	Normal Day
2026-10-06	Tuesday	Ashvina	Shukla Paksha	Ashtami (up to 20:18)	Jyeshtha	Variyan	Taitila	05:42 AM	07:12 PM	14:42 PM	02:18 AM	03:00 PM - 04:30 PM	09:00 AM - 10:30 AM	12:00 PM - 01:30 PM	11:55 AM - 12:45 PM	Maha Durgashtami
2026-10-07	Wednesday	Ashvina	Shukla Paksha	Navami (up to 19:31)	Mula	Parigha	Garaja	05:42 AM	07:12 PM	15:59 PM	03:41 AM	12:00 PM - 01:30 PM	07:30 AM - 09:00 AM	10:30 AM - 12:00 PM	11:55 AM - 12:45 PM	Maha Navami / Kanya Pujan
2026-10-08	Thursday	Ashvina	Shukla Paksha	Dashami (up to 18:44)	Purva Ashadha	Shiva	Vanija	05:42 AM	07:12 PM	16:16 PM	04:04 AM	01:30 PM - 03:00 PM	06:00 AM - 07:30 AM	09:00 AM - 10:30 AM	11:55 AM - 12:45 PM	Dussehra / Vijayadashami
2026-10-09	Friday	Ashvina	Shukla Paksha	Ekadashi (up to 17:57)	Uttara Ashadha	Siddha	Vishti	05:42 AM	07:12 PM	18:33 PM	06:27 AM	10:30 AM - 12:00 PM	03:00 PM - 04:30 PM	07:30 AM - 09:00 AM	11:55 AM - 12:45 PM	Papankusha Ekadashi Vrat
2026-10-10	Saturday	Ashvina	Shukla Paksha	Dwadashi (up to 16:10)	Shravana	Sadhya	Bava	05:42 AM	07:12 PM	19:50 PM	07:50 AM	09:00 AM - 10:30 AM	01:30 PM - 03:00 PM	06:00 AM - 07:30 AM	11:55 AM - 12:45 PM	Normal Day
2026-10-11	Sunday	Ashvina	Shukla Paksha	Trayodashi (up to 15:23)	Dhanishta	Shubha	Balava	05:42 AM	07:12 PM	20:07 PM	08:13 AM	04:30 PM - 06:00 PM	12:00 PM - 01:30 PM	03:00 PM - 04:30 PM	11:55 AM - 12:45 PM	Pradosh Vrat
2026-10-12	Monday	Ashvina	Shukla Paksha	Chaturdashi (up to 14:36)	Shatabhisha	Shukla	Kaulava	05:42 AM	07:12 PM	21:24 PM	09:36 AM	07:30 AM - 09:00 AM	10:30 AM - 12:00 PM	01:30 PM - 03:00 PM	11:55 AM - 12:45 PM	Normal Day
2026-10-13	Tuesday	Ashvina	Shukla Paksha	Purnima (up to 21:49)	Purva Bhadrapada	Brahma	Taitila	05:42 AM	07:12 PM	22:41 PM	10:59 AM	03:00 PM - 04:30 PM	09:00 AM - 10:30 AM	12:00 PM - 01:30 PM	11:55 AM - 12:45 PM	Purnima Vrat & Satyanarayan Puja
2026-10-14	Wednesday	Ashvina	Krishna Paksha	Pratipada (up to 20:02)	Uttara Bhadrapada	Indra	Garaja	05:42 AM	07:12 PM	06:58 AM	18:22 PM	12:00 PM - 01:30 PM	07:30 AM - 09:00 AM	10:30 AM - 12:00 PM	11:55 AM - 12:45 PM	Normal Day
2026-10-15	Thursday	Ashvina	Krishna Paksha	Dwitiya (up to 19:15)	Revati	Vaidhriti	Vanija	05:42 AM	07:12 PM	07:15 AM	19:45 PM	01:30 PM - 03:00 PM	06:00 AM - 07:30 AM	09:00 AM - 10:30 AM	11:55 AM - 12:45 PM	Normal Day
2026-10-16	Friday	Ashvina	Krishna Paksha	Tritiya (up to 18:28)	Ashwini	Vishkambha	Vishti	05:42 AM	07:12 PM	08:32 AM	20:08 PM	10:30 AM - 12:00 PM	03:00 PM - 04:30 PM	07:30 AM - 09:00 AM	11:55 AM - 12:45 PM	Normal Day
2026-10-17	Saturday	Ashvina	Krishna Paksha	Chaturthi (up to 17:41)	Bharani	Priti	Bava	05:42 AM	07:12 PM	09:49 AM	21:31 PM	09:00 AM - 10:30 AM	01:30 PM - 03:00 PM	06:00 AM - 07:30 AM	11:55 AM - 12:45 PM	Sankashti Chaturthi Vrat
2026-10-18	Sunday	Ashvina	Krishna Paksha	Panchami (up to 16:54)	Krittika	Ayushman	Balava	05:42 AM	07:12 PM	10:06 AM	22:54 PM	04:30 PM - 06:00 PM	12:00 PM - 01:30 PM	03:00 PM - 04:30 PM	11:55 AM - 12:45 PM	Normal Day
2026-10-19	Monday	Ashvina	Krishna Paksha	Shasthi (up to 15:07)	Rohini	Saubhagya	Kaulava	05:42 AM	07:12 PM	12:23 PM	00:17 AM	07:30 AM - 09:00 AM	10:30 AM - 12:00 PM	01:30 PM - 03:00 PM	11:55 AM - 12:45 PM	Normal Day
2026-10-20	Tuesday	Ashvina	Krishna Paksha	Saptami (up to 14:20)	Mrigashira	Sobhana	Taitila	05:42 AM	07:12 PM	13:40 PM	01:40 AM	03:00 PM - 04:30 PM	09:00 AM - 10:30 AM	12:00 PM - 01:30 PM	11:55 AM - 12:45 PM	Normal Day
2026-10-21	Wednesday	Ashvina	Krishna Paksha	Ashtami (up to 21:33)	Ardra	Atiganda	Garaja	05:42 AM	07:12 PM	14:57 PM	02:03 AM	12:00 PM - 01:30 PM	07:30 AM - 09:00 AM	10:30 AM - 12:00 PM	11:55 AM - 12:45 PM	Normal Day
2026-10-22	Thursday	Ashvina	Krishna Paksha	Navami (up to 20:46)	Punarvasu	Sukarma	Vanija	05:42 AM	07:12 PM	15:14 PM	03:26 AM	01:30 PM - 03:00 PM	06:00 AM - 07:30 AM	09:00 AM - 10:30 AM	11:55 AM - 12:45 PM	Normal Day
2026-10-23	Friday	Ashvina	Krishna Paksha	Dashami (up to 19:59)	Pushya	Dhriti	Vishti	05:42 AM	07:12 PM	16:31 PM	04:49 AM	10:30 AM - 12:00 PM	03:00 PM - 04:30 PM	07:30 AM - 09:00 AM	11:55 AM - 12:45 PM	Normal Day
2026-10-24	Saturday	Ashvina	Krishna Paksha	Ekadashi (up to 18:12)	Ashlesha	Shool	Bava	05:42 AM	07:12 PM	18:48 PM	06:12 AM	09:00 AM - 10:30 AM	01:30 PM - 03:00 PM	06:00 AM - 07:30 AM	11:55 AM - 12:45 PM	Indira Ekadashi Vrat
2026-10-25	Sunday	Ashvina	Krishna Paksha	Dwadashi (up to 17:25)	Magha	Ganda	Balava	05:42 AM	07:12 PM	19:05 PM	07:35 AM	04:30 PM - 06:00 PM	12:00 PM - 01:30 PM	03:00 PM - 04:30 PM	11:55 AM - 12:45 PM	Normal Day
2026-10-26	Monday	Ashvina	Krishna Paksha	Trayodashi (up to 16:38)	Purva Phalguni	Vriddhi	Kaulava	05:42 AM	07:12 PM	20:22 PM	08:58 AM	07:30 AM - 09:00 AM	10:30 AM - 12:00 PM	01:30 PM - 03:00 PM	11:55 AM - 12:45 PM	Pradosh Vrat
2026-10-27	Tuesday	Ashvina	Krishna Paksha	Chaturdashi (up to 15:51)	Uttara Phalguni	Dhruva	Taitila	05:42 AM	07:12 PM	21:39 PM	09:21 AM	03:00 PM - 04:30 PM	09:00 AM - 10:30 AM	12:00 PM - 01:30 PM	11:55 AM - 12:45 PM	Normal Day
2026-10-28	Wednesday	Ashvina	Krishna Paksha	Purnima (up to 14:04)	Hasta	Vyaghat	Garaja	05:42 AM	07:12 PM	22:56 PM	10:44 AM	12:00 PM - 01:30 PM	07:30 AM - 09:00 AM	10:30 AM - 12:00 PM	11:55 AM - 12:45 PM	Amavasya (Pitru Tarpan)
2026-10-29	Thursday	Kartika	Shukla Paksha	Pratipada (up to 21:17)	Chitra	Harshan	Vanija	05:42 AM	07:12 PM	06:13 AM	18:07 PM	01:30 PM - 03:00 PM	06:00 AM - 07:30 AM	09:00 AM - 10:30 AM	11:55 AM - 12:45 PM	Govardhan Puja / Annakut
2026-10-30	Friday	Kartika	Shukla Paksha	Dwitiya (up to 20:30)	Swati	Vajra	Vishti	05:42 AM	07:12 PM	07:30 AM	19:30 PM	10:30 AM - 12:00 PM	03:00 PM - 04:30 PM	07:30 AM - 09:00 AM	11:55 AM - 12:45 PM	Bhai Dooj / Yama Dwitiya
2026-10-31	Saturday	Kartika	Shukla Paksha	Tritiya (up to 19:43)	Vishakha	Siddhi	Bava	05:42 AM	07:12 PM	08:47 AM	20:53 PM	09:00 AM - 10:30 AM	01:30 PM - 03:00 PM	06:00 AM - 07:30 AM	11:55 AM - 12:45 PM	Normal Day
2026-11-01	Sunday	Kartika	Shukla Paksha	Chaturthi (up to 18:56)	Anuradha	Vyatipat	Balava	06:45 AM	05:35 PM	09:04 AM	21:16 PM	04:30 PM - 06:00 PM	12:00 PM - 01:30 PM	03:00 PM - 04:30 PM	11:55 AM - 12:45 PM	Normal Day
2026-11-02	Monday	Kartika	Shukla Paksha	Panchami (up to 17:09)	Jyeshtha	Variyan	Kaulava	06:45 AM	05:35 PM	10:21 AM	22:39 PM	07:30 AM - 09:00 AM	10:30 AM - 12:00 PM	01:30 PM - 03:00 PM	11:55 AM - 12:45 PM	Normal Day
2026-11-03	Tuesday	Kartika	Shukla Paksha	Shasthi (up to 16:22)	Mula	Parigha	Taitila	06:45 AM	05:35 PM	12:38 PM	00:02 AM	03:00 PM - 04:30 PM	09:00 AM - 10:30 AM	12:00 PM - 01:30 PM	11:55 AM - 12:45 PM	Chhath Puja (Surya Sashthi)
2026-11-04	Wednesday	Kartika	Shukla Paksha	Saptami (up to 15:35)	Purva Ashadha	Shiva	Garaja	06:45 AM	05:35 PM	13:55 PM	01:25 AM	12:00 PM - 01:30 PM	07:30 AM - 09:00 AM	10:30 AM - 12:00 PM	11:55 AM - 12:45 PM	Normal Day
2026-11-05	Thursday	Kartika	Shukla Paksha	Ashtami (up to 14:48)	Uttara Ashadha	Siddha	Vanija	06:45 AM	05:35 PM	14:12 PM	02:48 AM	01:30 PM - 03:00 PM	06:00 AM - 07:30 AM	09:00 AM - 10:30 AM	11:55 AM - 12:45 PM	Normal Day
2026-11-06	Friday	Kartika	Shukla Paksha	Navami (up to 21:01)	Shravana	Sadhya	Vishti	06:45 AM	05:35 PM	15:29 PM	03:11 AM	10:30 AM - 12:00 PM	03:00 PM - 04:30 PM	07:30 AM - 09:00 AM	11:55 AM - 12:45 PM	Normal Day
2026-11-07	Saturday	Kartika	Shukla Paksha	Dashami (up to 20:14)	Dhanishta	Shubha	Bava	06:45 AM	05:35 PM	16:46 PM	04:34 AM	09:00 AM - 10:30 AM	01:30 PM - 03:00 PM	06:00 AM - 07:30 AM	11:55 AM - 12:45 PM	Normal Day
2026-11-08	Sunday	Kartika	Shukla Paksha	Ekadashi (up to 19:27)	Shatabhisha	Shukla	Balava	06:45 AM	05:35 PM	18:03 PM	06:57 AM	04:30 PM - 06:00 PM	12:00 PM - 01:30 PM	03:00 PM - 04:30 PM	11:55 AM - 12:45 PM	Dev Uthani / Prabodhini Ekadashi
2026-11-09	Monday	Kartika	Shukla Paksha	Dwadashi (up to 18:40)	Purva Bhadrapada	Brahma	Kaulava	06:45 AM	05:35 PM	19:20 PM	07:20 AM	07:30 AM - 09:00 AM	10:30 AM - 12:00 PM	01:30 PM - 03:00 PM	11:55 AM - 12:45 PM	Tulsi Vivah / Devotthan
2026-11-10	Tuesday	Kartika	Shukla Paksha	Trayodashi (up to 17:53)	Uttara Bhadrapada	Indra	Taitila	06:45 AM	05:35 PM	20:37 PM	08:43 AM	03:00 PM - 04:30 PM	09:00 AM - 10:30 AM	12:00 PM - 01:30 PM	11:55 AM - 12:45 PM	Pradosh Vrat
2026-11-11	Wednesday	Kartika	Shukla Paksha	Chaturdashi (up to 16:06)	Revati	Vaidhriti	Garaja	06:45 AM	05:35 PM	21:54 PM	09:06 AM	12:00 PM - 01:30 PM	07:30 AM - 09:00 AM	10:30 AM - 12:00 PM	11:55 AM - 12:45 PM	Normal Day
2026-11-12	Thursday	Kartika	Shukla Paksha	Purnima (up to 15:19)	Ashwini	Vishkambha	Vanija	06:45 AM	05:35 PM	22:11 PM	10:29 AM	01:30 PM - 03:00 PM	06:00 AM - 07:30 AM	09:00 AM - 10:30 AM	11:55 AM - 12:45 PM	Purnima Vrat & Satyanarayan Puja
2026-11-13	Friday	Kartika	Krishna Paksha	Pratipada (up to 14:32)	Bharani	Priti	Vishti	06:45 AM	05:35 PM	06:28 AM	18:52 PM	10:30 AM - 12:00 PM	03:00 PM - 04:30 PM	07:30 AM - 09:00 AM	11:55 AM - 12:45 PM	Normal Day
2026-11-14	Saturday	Kartika	Krishna Paksha	Dwitiya (up to 21:45)	Krittika	Ayushman	Bava	06:45 AM	05:35 PM	07:45 AM	19:15 PM	09:00 AM - 10:30 AM	01:30 PM - 03:00 PM	06:00 AM - 07:30 AM	11:55 AM - 12:45 PM	Normal Day
2026-11-15	Sunday	Kartika	Krishna Paksha	Tritiya (up to 20:58)	Rohini	Saubhagya	Balava	06:45 AM	05:35 PM	08:02 AM	20:38 PM	04:30 PM - 06:00 PM	12:00 PM - 01:30 PM	03:00 PM - 04:30 PM	11:55 AM - 12:45 PM	Normal Day
2026-11-16	Monday	Kartika	Krishna Paksha	Chaturthi (up to 19:11)	Mrigashira	Sobhana	Kaulava	06:45 AM	05:35 PM	09:19 AM	21:01 PM	07:30 AM - 09:00 AM	10:30 AM - 12:00 PM	01:30 PM - 03:00 PM	11:55 AM - 12:45 PM	Karwa Chauth Vrat
2026-11-17	Tuesday	Kartika	Krishna Paksha	Panchami (up to 18:24)	Ardra	Atiganda	Taitila	06:45 AM	05:35 PM	10:36 AM	22:24 PM	03:00 PM - 04:30 PM	09:00 AM - 10:30 AM	12:00 PM - 01:30 PM	11:55 AM - 12:45 PM	Normal Day
2026-11-18	Wednesday	Kartika	Krishna Paksha	Shasthi (up to 17:37)	Punarvasu	Sukarma	Garaja	06:45 AM	05:35 PM	12:53 PM	00:47 AM	12:00 PM - 01:30 PM	07:30 AM - 09:00 AM	10:30 AM - 12:00 PM	11:55 AM - 12:45 PM	Normal Day
2026-11-19	Thursday	Kartika	Krishna Paksha	Saptami (up to 16:50)	Pushya	Dhriti	Vanija	06:45 AM	05:35 PM	13:10 PM	01:10 AM	01:30 PM - 03:00 PM	06:00 AM - 07:30 AM	09:00 AM - 10:30 AM	11:55 AM - 12:45 PM	Normal Day
2026-11-20	Friday	Kartika	Krishna Paksha	Ashtami (up to 15:03)	Ashlesha	Shool	Vishti	06:45 AM	05:35 PM	14:27 PM	02:33 AM	10:30 AM - 12:00 PM	03:00 PM - 04:30 PM	07:30 AM - 09:00 AM	11:55 AM - 12:45 PM	Normal Day
2026-11-21	Saturday	Kartika	Krishna Paksha	Navami (up to 14:16)	Magha	Ganda	Bava	06:45 AM	05:35 PM	15:44 PM	03:56 AM	09:00 AM - 10:30 AM	01:30 PM - 03:00 PM	06:00 AM - 07:30 AM	11:55 AM - 12:45 PM	Normal Day
2026-11-22	Sunday	Kartika	Krishna Paksha	Dashami (up to 21:29)	Purva Phalguni	Vriddhi	Balava	06:45 AM	05:35 PM	16:01 PM	04:19 AM	04:30 PM - 06:00 PM	12:00 PM - 01:30 PM	03:00 PM - 04:30 PM	11:55 AM - 12:45 PM	Normal Day
2026-11-23	Monday	Kartika	Krishna Paksha	Ekadashi (up to 20:42)	Uttara Phalguni	Dhruva	Kaulava	06:45 AM	05:35 PM	18:18 PM	06:42 AM	07:30 AM - 09:00 AM	10:30 AM - 12:00 PM	01:30 PM - 03:00 PM	11:55 AM - 12:45 PM	Rama Ekadashi Vrat
2026-11-24	Tuesday	Kartika	Krishna Paksha	Dwadashi (up to 19:55)	Hasta	Vyaghat	Taitila	06:45 AM	05:35 PM	19:35 PM	07:05 AM	03:00 PM - 04:30 PM	09:00 AM - 10:30 AM	12:00 PM - 01:30 PM	11:55 AM - 12:45 PM	Normal Day
2026-11-25	Wednesday	Kartika	Krishna Paksha	Trayodashi (up to 18:08)	Chitra	Harshan	Garaja	06:45 AM	05:35 PM	20:52 PM	08:28 AM	12:00 PM - 01:30 PM	07:30 AM - 09:00 AM	10:30 AM - 12:00 PM	11:55 AM - 12:45 PM	Dhanteras / Dhanvantari Jayanti
2026-11-26	Thursday	Kartika	Krishna Paksha	Chaturdashi (up to 17:21)	Swati	Vajra	Vanija	06:45 AM	05:35 PM	21:09 PM	09:51 AM	01:30 PM - 03:00 PM	06:00 AM - 07:30 AM	09:00 AM - 10:30 AM	11:55 AM - 12:45 PM	Chhoti Diwali / Narak Chaturdashi
2026-11-27	Friday	Kartika	Krishna Paksha	Purnima (up to 16:34)	Vishakha	Siddhi	Vishti	06:45 AM	05:35 PM	22:26 PM	10:14 AM	10:30 AM - 12:00 PM	03:00 PM - 04:30 PM	07:30 AM - 09:00 AM	11:55 AM - 12:45 PM	Deepawali / Lakshmi Puja
2026-11-28	Saturday	Margashirsha	Shukla Paksha	Pratipada (up to 15:47)	Anuradha	Vyatipat	Bava	06:45 AM	05:35 PM	06:43 AM	18:37 PM	09:00 AM - 10:30 AM	01:30 PM - 03:00 PM	06:00 AM - 07:30 AM	11:55 AM - 12:45 PM	Normal Day
2026-11-29	Sunday	Margashirsha	Shukla Paksha	Dwitiya (up to 14:00)	Jyeshtha	Variyan	Balava	06:45 AM	05:35 PM	07:00 AM	19:00 PM	04:30 PM - 06:00 PM	12:00 PM - 01:30 PM	03:00 PM - 04:30 PM	11:55 AM - 12:45 PM	Normal Day
2026-11-30	Monday	Margashirsha	Shukla Paksha	Tritiya (up to 21:13)	Mula	Parigha	Kaulava	06:45 AM	05:35 PM	08:17 AM	20:23 PM	07:30 AM - 09:00 AM	10:30 AM - 12:00 PM	01:30 PM - 03:00 PM	11:55 AM - 12:45 PM	Normal Day
2026-12-01	Tuesday	Margashirsha	Shukla Paksha	Chaturthi (up to 20:26)	Purva Ashadha	Shiva	Taitila	06:45 AM	05:35 PM	09:34 AM	21:46 PM	03:00 PM - 04:30 PM	09:00 AM - 10:30 AM	12:00 PM - 01:30 PM	11:55 AM - 12:45 PM	Normal Day
2026-12-02	Wednesday	Margashirsha	Shukla Paksha	Panchami (up to 19:39)	Uttara Ashadha	Siddha	Garaja	06:45 AM	05:35 PM	10:51 AM	22:09 PM	12:00 PM - 01:30 PM	07:30 AM - 09:00 AM	10:30 AM - 12:00 PM	11:55 AM - 12:45 PM	Normal Day
2026-12-03	Thursday	Margashirsha	Shukla Paksha	Shasthi (up to 18:52)	Shravana	Sadhya	Vanija	06:45 AM	05:35 PM	12:08 PM	00:32 AM	01:30 PM - 03:00 PM	06:00 AM - 07:30 AM	09:00 AM - 10:30 AM	11:55 AM - 12:45 PM	Normal Day
2026-12-04	Friday	Margashirsha	Shukla Paksha	Saptami (up to 17:05)	Dhanishta	Shubha	Vishti	06:45 AM	05:35 PM	13:25 PM	01:55 AM	10:30 AM - 12:00 PM	03:00 PM - 04:30 PM	07:30 AM - 09:00 AM	11:55 AM - 12:45 PM	Normal Day
2026-12-05	Saturday	Margashirsha	Shukla Paksha	Ashtami (up to 16:18)	Shatabhisha	Shukla	Bava	06:45 AM	05:35 PM	14:42 PM	02:18 AM	09:00 AM - 10:30 AM	01:30 PM - 03:00 PM	06:00 AM - 07:30 AM	11:55 AM - 12:45 PM	Normal Day
2026-12-06	Sunday	Margashirsha	Shukla Paksha	Navami (up to 15:31)	Purva Bhadrapada	Brahma	Balava	06:45 AM	05:35 PM	15:59 PM	03:41 AM	04:30 PM - 06:00 PM	12:00 PM - 01:30 PM	03:00 PM - 04:30 PM	11:55 AM - 12:45 PM	Normal Day
2026-12-07	Monday	Margashirsha	Shukla Paksha	Dashami (up to 14:44)	Uttara Bhadrapada	Indra	Kaulava	06:45 AM	05:35 PM	16:16 PM	04:04 AM	07:30 AM - 09:00 AM	10:30 AM - 12:00 PM	01:30 PM - 03:00 PM	11:55 AM - 12:45 PM	Normal Day
2026-12-08	Tuesday	Margashirsha	Shukla Paksha	Ekadashi (up to 21:57)	Revati	Vaidhriti	Taitila	06:45 AM	05:35 PM	18:33 PM	06:27 AM	03:00 PM - 04:30 PM	09:00 AM - 10:30 AM	12:00 PM - 01:30 PM	11:55 AM - 12:45 PM	Gita Jayanti / Mokshada Ekadashi
2026-12-09	Wednesday	Margashirsha	Shukla Paksha	Dwadashi (up to 20:10)	Ashwini	Vishkambha	Garaja	06:45 AM	05:35 PM	19:50 PM	07:50 AM	12:00 PM - 01:30 PM	07:30 AM - 09:00 AM	10:30 AM - 12:00 PM	11:55 AM - 12:45 PM	Normal Day
2026-12-10	Thursday	Margashirsha	Shukla Paksha	Trayodashi (up to 19:23)	Bharani	Priti	Vanija	06:45 AM	05:35 PM	20:07 PM	08:13 AM	01:30 PM - 03:00 PM	06:00 AM - 07:30 AM	09:00 AM - 10:30 AM	11:55 AM - 12:45 PM	Pradosh Vrat
2026-12-11	Friday	Margashirsha	Shukla Paksha	Chaturdashi (up to 18:36)	Krittika	Ayushman	Vishti	06:45 AM	05:35 PM	21:24 PM	09:36 AM	10:30 AM - 12:00 PM	03:00 PM - 04:30 PM	07:30 AM - 09:00 AM	11:55 AM - 12:45 PM	Normal Day
2026-12-12	Saturday	Margashirsha	Shukla Paksha	Purnima (up to 17:49)	Rohini	Saubhagya	Bava	06:45 AM	05:35 PM	22:41 PM	10:59 AM	09:00 AM - 10:30 AM	01:30 PM - 03:00 PM	06:00 AM - 07:30 AM	11:55 AM - 12:45 PM	Purnima Vrat & Satyanarayan Puja
2026-12-13	Sunday	Margashirsha	Krishna Paksha	Pratipada (up to 16:02)	Mrigashira	Sobhana	Balava	06:45 AM	05:35 PM	06:58 AM	18:22 PM	04:30 PM - 06:00 PM	12:00 PM - 01:30 PM	03:00 PM - 04:30 PM	11:55 AM - 12:45 PM	Normal Day
2026-12-14	Monday	Margashirsha	Krishna Paksha	Dwitiya (up to 15:15)	Ardra	Atiganda	Kaulava	06:45 AM	05:35 PM	07:15 AM	19:45 PM	07:30 AM - 09:00 AM	10:30 AM - 12:00 PM	01:30 PM - 03:00 PM	11:55 AM - 12:45 PM	Normal Day
2026-12-15	Tuesday	Margashirsha	Krishna Paksha	Tritiya (up to 14:28)	Punarvasu	Sukarma	Taitila	06:45 AM	05:35 PM	08:32 AM	20:08 PM	03:00 PM - 04:30 PM	09:00 AM - 10:30 AM	12:00 PM - 01:30 PM	11:55 AM - 12:45 PM	Normal Day
2026-12-16	Wednesday	Margashirsha	Krishna Paksha	Chaturthi (up to 21:41)	Pushya	Dhriti	Garaja	06:45 AM	05:35 PM	09:49 AM	21:31 PM	12:00 PM - 01:30 PM	07:30 AM - 09:00 AM	10:30 AM - 12:00 PM	11:55 AM - 12:45 PM	Sankashti Chaturthi Vrat
2026-12-17	Thursday	Margashirsha	Krishna Paksha	Panchami (up to 20:54)	Ashlesha	Shool	Vanija	06:45 AM	05:35 PM	10:06 AM	22:54 PM	01:30 PM - 03:00 PM	06:00 AM - 07:30 AM	09:00 AM - 10:30 AM	11:55 AM - 12:45 PM	Normal Day
2026-12-18	Friday	Margashirsha	Krishna Paksha	Shasthi (up to 19:07)	Magha	Ganda	Vishti	06:45 AM	05:35 PM	12:23 PM	00:17 AM	10:30 AM - 12:00 PM	03:00 PM - 04:30 PM	07:30 AM - 09:00 AM	11:55 AM - 12:45 PM	Normal Day
2026-12-19	Saturday	Margashirsha	Krishna Paksha	Saptami (up to 18:20)	Purva Phalguni	Vriddhi	Bava	06:45 AM	05:35 PM	13:40 PM	01:40 AM	09:00 AM - 10:30 AM	01:30 PM - 03:00 PM	06:00 AM - 07:30 AM	11:55 AM - 12:45 PM	Normal Day
2026-12-20	Sunday	Margashirsha	Krishna Paksha	Ashtami (up to 17:33)	Uttara Phalguni	Dhruva	Balava	06:45 AM	05:35 PM	14:57 PM	02:03 AM	04:30 PM - 06:00 PM	12:00 PM - 01:30 PM	03:00 PM - 04:30 PM	11:55 AM - 12:45 PM	Normal Day
2026-12-21	Monday	Margashirsha	Krishna Paksha	Navami (up to 16:46)	Hasta	Vyaghat	Kaulava	06:45 AM	05:35 PM	15:14 PM	03:26 AM	07:30 AM - 09:00 AM	10:30 AM - 12:00 PM	01:30 PM - 03:00 PM	11:55 AM - 12:45 PM	Normal Day
2026-12-22	Tuesday	Margashirsha	Krishna Paksha	Dashami (up to 15:59)	Chitra	Harshan	Taitila	06:45 AM	05:35 PM	16:31 PM	04:49 AM	03:00 PM - 04:30 PM	09:00 AM - 10:30 AM	12:00 PM - 01:30 PM	11:55 AM - 12:45 PM	Normal Day
2026-12-23	Wednesday	Margashirsha	Krishna Paksha	Ekadashi (up to 14:12)	Swati	Vajra	Garaja	06:45 AM	05:35 PM	18:48 PM	06:12 AM	12:00 PM - 01:30 PM	07:30 AM - 09:00 AM	10:30 AM - 12:00 PM	11:55 AM - 12:45 PM	Utpanna Ekadashi Vrat
2026-12-24	Thursday	Margashirsha	Krishna Paksha	Dwadashi (up to 21:25)	Vishakha	Siddhi	Vanija	06:45 AM	05:35 PM	19:05 PM	07:35 AM	01:30 PM - 03:00 PM	06:00 AM - 07:30 AM	09:00 AM - 10:30 AM	11:55 AM - 12:45 PM	Normal Day
2026-12-25	Friday	Margashirsha	Krishna Paksha	Trayodashi (up to 20:38)	Anuradha	Vyatipat	Vishti	06:45 AM	05:35 PM	20:22 PM	08:58 AM	10:30 AM - 12:00 PM	03:00 PM - 04:30 PM	07:30 AM - 09:00 AM	11:55 AM - 12:45 PM	Pradosh Vrat
2026-12-26	Saturday	Margashirsha	Krishna Paksha	Chaturdashi (up to 19:51)	Jyeshtha	Variyan	Bava	06:45 AM	05:35 PM	21:39 PM	09:21 AM	09:00 AM - 10:30 AM	01:30 PM - 03:00 PM	06:00 AM - 07:30 AM	11:55 AM - 12:45 PM	Normal Day
2026-12-27	Sunday	Margashirsha	Krishna Paksha	Purnima (up to 18:04)	Mula	Parigha	Balava	06:45 AM	05:35 PM	22:56 PM	10:44 AM	04:30 PM - 06:00 PM	12:00 PM - 01:30 PM	03:00 PM - 04:30 PM	11:55 AM - 12:45 PM	Amavasya (Pitru Tarpan)
2026-12-28	Monday	Pausha	Shukla Paksha	Pratipada (up to 17:17)	Purva Ashadha	Shiva	Kaulava	06:45 AM	05:35 PM	06:13 AM	18:07 PM	07:30 AM - 09:00 AM	10:30 AM - 12:00 PM	01:30 PM - 03:00 PM	11:55 AM - 12:45 PM	Normal Day
2026-12-29	Tuesday	Pausha	Shukla Paksha	Dwitiya (up to 16:30)	Uttara Ashadha	Siddha	Taitila	06:45 AM	05:35 PM	07:30 AM	19:30 PM	03:00 PM - 04:30 PM	09:00 AM - 10:30 AM	12:00 PM - 01:30 PM	11:55 AM - 12:45 PM	Normal Day
2026-12-30	Wednesday	Pausha	Shukla Paksha	Tritiya (up to 15:43)	Shravana	Sadhya	Garaja	06:45 AM	05:35 PM	08:47 AM	20:53 PM	12:00 PM - 01:30 PM	07:30 AM - 09:00 AM	10:30 AM - 12:00 PM	11:55 AM - 12:45 PM	Normal Day
2026-12-31	Thursday	Pausha	Shukla Paksha	Chaturthi (up to 14:56)	Dhanishta	Shubha	Vanija	06:45 AM	05:35 PM	09:04 AM	21:16 PM	01:30 PM - 03:00 PM	06:00 AM - 07:30 AM	09:00 AM - 10:30 AM	11:55 AM - 12:45 PM	Normal Day
2027-01-01	Friday	Pausha	Shukla Paksha	Panchami (up to 21:09)	Shatabhisha	Shukla	Vishti	06:45 AM	05:35 PM	10:21 AM	22:39 PM	10:30 AM - 12:00 PM	03:00 PM - 04:30 PM	07:30 AM - 09:00 AM	11:55 AM - 12:45 PM	Normal Day
2027-01-02	Saturday	Pausha	Shukla Paksha	Shasthi (up to 20:22)	Purva Bhadrapada	Brahma	Bava	06:45 AM	05:35 PM	12:38 PM	00:02 AM	09:00 AM - 10:30 AM	01:30 PM - 03:00 PM	06:00 AM - 07:30 AM	11:55 AM - 12:45 PM	Normal Day
2027-01-03	Sunday	Pausha	Shukla Paksha	Saptami (up to 19:35)	Uttara Bhadrapada	Indra	Balava	06:45 AM	05:35 PM	13:55 PM	01:25 AM	04:30 PM - 06:00 PM	12:00 PM - 01:30 PM	03:00 PM - 04:30 PM	11:55 AM - 12:45 PM	Normal Day
2027-01-04	Monday	Pausha	Shukla Paksha	Ashtami (up to 18:48)	Revati	Vaidhriti	Kaulava	06:45 AM	05:35 PM	14:12 PM	02:48 AM	07:30 AM - 09:00 AM	10:30 AM - 12:00 PM	01:30 PM - 03:00 PM	11:55 AM - 12:45 PM	Normal Day
2027-01-05	Tuesday	Pausha	Shukla Paksha	Navami (up to 17:01)	Ashwini	Vishkambha	Taitila	06:45 AM	05:35 PM	15:29 PM	03:11 AM	03:00 PM - 04:30 PM	09:00 AM - 10:30 AM	12:00 PM - 01:30 PM	11:55 AM - 12:45 PM	Normal Day
2027-01-06	Wednesday	Pausha	Shukla Paksha	Dashami (up to 16:14)	Bharani	Priti	Garaja	06:45 AM	05:35 PM	16:46 PM	04:34 AM	12:00 PM - 01:30 PM	07:30 AM - 09:00 AM	10:30 AM - 12:00 PM	11:55 AM - 12:45 PM	Normal Day
2027-01-07	Thursday	Pausha	Shukla Paksha	Ekadashi (up to 15:27)	Krittika	Ayushman	Vanija	06:45 AM	05:35 PM	18:03 PM	06:57 AM	01:30 PM - 03:00 PM	06:00 AM - 07:30 AM	09:00 AM - 10:30 AM	11:55 AM - 12:45 PM	Pausha Putrada Ekadashi Vrat
2027-01-08	Friday	Pausha	Shukla Paksha	Dwadashi (up to 14:40)	Rohini	Saubhagya	Vishti	06:45 AM	05:35 PM	19:20 PM	07:20 AM	10:30 AM - 12:00 PM	03:00 PM - 04:30 PM	07:30 AM - 09:00 AM	11:55 AM - 12:45 PM	Normal Day
2027-01-09	Saturday	Pausha	Shukla Paksha	Trayodashi (up to 21:53)	Mrigashira	Sobhana	Bava	06:45 AM	05:35 PM	20:37 PM	08:43 AM	09:00 AM - 10:30 AM	01:30 PM - 03:00 PM	06:00 AM - 07:30 AM	11:55 AM - 12:45 PM	Pradosh Vrat
2027-01-10	Sunday	Pausha	Shukla Paksha	Chaturdashi (up to 20:06)	Ardra	Atiganda	Balava	06:45 AM	05:35 PM	21:54 PM	09:06 AM	04:30 PM - 06:00 PM	12:00 PM - 01:30 PM	03:00 PM - 04:30 PM	11:55 AM - 12:45 PM	Normal Day
2027-01-11	Monday	Pausha	Shukla Paksha	Purnima (up to 19:19)	Punarvasu	Sukarma	Kaulava	06:45 AM	05:35 PM	22:11 PM	10:29 AM	07:30 AM - 09:00 AM	10:30 AM - 12:00 PM	01:30 PM - 03:00 PM	11:55 AM - 12:45 PM	Purnima Vrat & Satyanarayan Puja
2027-01-12	Tuesday	Pausha	Krishna Paksha	Pratipada (up to 18:32)	Pushya	Dhriti	Taitila	06:45 AM	05:35 PM	06:28 AM	18:52 PM	03:00 PM - 04:30 PM	09:00 AM - 10:30 AM	12:00 PM - 01:30 PM	11:55 AM - 12:45 PM	Normal Day
2027-01-13	Wednesday	Pausha	Krishna Paksha	Dwitiya (up to 17:45)	Ashlesha	Shool	Garaja	06:45 AM	05:35 PM	07:45 AM	19:15 PM	12:00 PM - 01:30 PM	07:30 AM - 09:00 AM	10:30 AM - 12:00 PM	11:55 AM - 12:45 PM	Normal Day
2027-01-14	Thursday	Pausha	Krishna Paksha	Tritiya (up to 16:58)	Magha	Ganda	Vanija	06:45 AM	05:35 PM	08:02 AM	20:38 PM	01:30 PM - 03:00 PM	06:00 AM - 07:30 AM	09:00 AM - 10:30 AM	11:55 AM - 12:45 PM	Makar Sankranti
2027-01-15	Friday	Pausha	Krishna Paksha	Chaturthi (up to 15:11)	Purva Phalguni	Vriddhi	Vishti	06:45 AM	05:35 PM	09:19 AM	21:01 PM	10:30 AM - 12:00 PM	03:00 PM - 04:30 PM	07:30 AM - 09:00 AM	11:55 AM - 12:45 PM	Makar Sankranti
2027-01-16	Saturday	Pausha	Krishna Paksha	Panchami (up to 14:24)	Uttara Phalguni	Dhruva	Bava	06:45 AM	05:35 PM	10:36 AM	22:24 PM	09:00 AM - 10:30 AM	01:30 PM - 03:00 PM	06:00 AM - 07:30 AM	11:55 AM - 12:45 PM	Normal Day
2027-01-17	Sunday	Pausha	Krishna Paksha	Shasthi (up to 21:37)	Hasta	Vyaghat	Balava	06:45 AM	05:35 PM	12:53 PM	00:47 AM	04:30 PM - 06:00 PM	12:00 PM - 01:30 PM	03:00 PM - 04:30 PM	11:55 AM - 12:45 PM	Normal Day
2027-01-18	Monday	Pausha	Krishna Paksha	Saptami (up to 20:50)	Chitra	Harshan	Kaulava	06:45 AM	05:35 PM	13:10 PM	01:10 AM	07:30 AM - 09:00 AM	10:30 AM - 12:00 PM	01:30 PM - 03:00 PM	11:55 AM - 12:45 PM	Normal Day
2027-01-19	Tuesday	Pausha	Krishna Paksha	Ashtami (up to 19:03)	Swati	Vajra	Taitila	06:45 AM	05:35 PM	14:27 PM	02:33 AM	03:00 PM - 04:30 PM	09:00 AM - 10:30 AM	12:00 PM - 01:30 PM	11:55 AM - 12:45 PM	Normal Day
2027-01-20	Wednesday	Pausha	Krishna Paksha	Navami (up to 18:16)	Vishakha	Siddhi	Garaja	06:45 AM	05:35 PM	15:44 PM	03:56 AM	12:00 PM - 01:30 PM	07:30 AM - 09:00 AM	10:30 AM - 12:00 PM	11:55 AM - 12:45 PM	Normal Day
2027-01-21	Thursday	Pausha	Krishna Paksha	Dashami (up to 17:29)	Anuradha	Vyatipat	Vanija	06:45 AM	05:35 PM	16:01 PM	04:19 AM	01:30 PM - 03:00 PM	06:00 AM - 07:30 AM	09:00 AM - 10:30 AM	11:55 AM - 12:45 PM	Normal Day
2027-01-22	Friday	Pausha	Krishna Paksha	Ekadashi (up to 16:42)	Jyeshtha	Variyan	Vishti	06:45 AM	05:35 PM	18:18 PM	06:42 AM	10:30 AM - 12:00 PM	03:00 PM - 04:30 PM	07:30 AM - 09:00 AM	11:55 AM - 12:45 PM	Saphala Ekadashi Vrat
2027-01-23	Saturday	Pausha	Krishna Paksha	Dwadashi (up to 15:55)	Mula	Parigha	Bava	06:45 AM	05:35 PM	19:35 PM	07:05 AM	09:00 AM - 10:30 AM	01:30 PM - 03:00 PM	06:00 AM - 07:30 AM	11:55 AM - 12:45 PM	Normal Day
2027-01-24	Sunday	Pausha	Krishna Paksha	Trayodashi (up to 14:08)	Purva Ashadha	Shiva	Balava	06:45 AM	05:35 PM	20:52 PM	08:28 AM	04:30 PM - 06:00 PM	12:00 PM - 01:30 PM	03:00 PM - 04:30 PM	11:55 AM - 12:45 PM	Pradosh Vrat
2027-01-25	Monday	Pausha	Krishna Paksha	Chaturdashi (up to 21:21)	Uttara Ashadha	Siddha	Kaulava	06:45 AM	05:35 PM	21:09 PM	09:51 AM	07:30 AM - 09:00 AM	10:30 AM - 12:00 PM	01:30 PM - 03:00 PM	11:55 AM - 12:45 PM	Normal Day
2027-01-26	Tuesday	Pausha	Krishna Paksha	Purnima (up to 20:34)	Shravana	Sadhya	Taitila	06:45 AM	05:35 PM	22:26 PM	10:14 AM	03:00 PM - 04:30 PM	09:00 AM - 10:30 AM	12:00 PM - 01:30 PM	11:55 AM - 12:45 PM	Republic Day
2027-01-27	Wednesday	Magha	Shukla Paksha	Pratipada (up to 19:47)	Dhanishta	Shubha	Garaja	06:45 AM	05:35 PM	06:43 AM	18:37 PM	12:00 PM - 01:30 PM	07:30 AM - 09:00 AM	10:30 AM - 12:00 PM	11:55 AM - 12:45 PM	Normal Day
2027-01-28	Thursday	Magha	Shukla Paksha	Dwitiya (up to 18:00)	Shatabhisha	Shukla	Vanija	06:45 AM	05:35 PM	07:00 AM	19:00 PM	01:30 PM - 03:00 PM	06:00 AM - 07:30 AM	09:00 AM - 10:30 AM	11:55 AM - 12:45 PM	Normal Day
2027-01-29	Friday	Magha	Shukla Paksha	Tritiya (up to 17:13)	Purva Bhadrapada	Brahma	Vishti	06:45 AM	05:35 PM	08:17 AM	20:23 PM	10:30 AM - 12:00 PM	03:00 PM - 04:30 PM	07:30 AM - 09:00 AM	11:55 AM - 12:45 PM	Normal Day
2027-01-30	Saturday	Magha	Shukla Paksha	Chaturthi (up to 16:26)	Uttara Bhadrapada	Indra	Bava	06:45 AM	05:35 PM	09:34 AM	21:46 PM	09:00 AM - 10:30 AM	01:30 PM - 03:00 PM	06:00 AM - 07:30 AM	11:55 AM - 12:45 PM	Normal Day
2027-01-31	Sunday	Magha	Shukla Paksha	Panchami (up to 15:39)	Revati	Vaidhriti	Balava	06:45 AM	05:35 PM	10:51 AM	22:09 PM	04:30 PM - 06:00 PM	12:00 PM - 01:30 PM	03:00 PM - 04:30 PM	11:55 AM - 12:45 PM	Vasant Panchami / Saraswati Puja
2027-02-01	Monday	Magha	Shukla Paksha	Shasthi (up to 14:52)	Ashwini	Vishkambha	Kaulava	06:45 AM	05:35 PM	12:08 PM	00:32 AM	07:30 AM - 09:00 AM	10:30 AM - 12:00 PM	01:30 PM - 03:00 PM	11:55 AM - 12:45 PM	Normal Day
2027-02-02	Tuesday	Magha	Shukla Paksha	Saptami (up to 21:05)	Bharani	Priti	Taitila	06:45 AM	05:35 PM	13:25 PM	01:55 AM	03:00 PM - 04:30 PM	09:00 AM - 10:30 AM	12:00 PM - 01:30 PM	11:55 AM - 12:45 PM	Normal Day
2027-02-03	Wednesday	Magha	Shukla Paksha	Ashtami (up to 20:18)	Krittika	Ayushman	Garaja	06:45 AM	05:35 PM	14:42 PM	02:18 AM	12:00 PM - 01:30 PM	07:30 AM - 09:00 AM	10:30 AM - 12:00 PM	11:55 AM - 12:45 PM	Normal Day
2027-02-04	Thursday	Magha	Shukla Paksha	Navami (up to 19:31)	Rohini	Saubhagya	Vanija	06:45 AM	05:35 PM	15:59 PM	03:41 AM	01:30 PM - 03:00 PM	06:00 AM - 07:30 AM	09:00 AM - 10:30 AM	11:55 AM - 12:45 PM	Normal Day
2027-02-05	Friday	Magha	Shukla Paksha	Dashami (up to 18:44)	Mrigashira	Sobhana	Vishti	06:45 AM	05:35 PM	16:16 PM	04:04 AM	10:30 AM - 12:00 PM	03:00 PM - 04:30 PM	07:30 AM - 09:00 AM	11:55 AM - 12:45 PM	Normal Day
2027-02-06	Saturday	Magha	Shukla Paksha	Ekadashi (up to 17:57)	Ardra	Atiganda	Bava	06:45 AM	05:35 PM	18:33 PM	06:27 AM	09:00 AM - 10:30 AM	01:30 PM - 03:00 PM	06:00 AM - 07:30 AM	11:55 AM - 12:45 PM	Jaya Ekadashi Vrat
2027-02-07	Sunday	Magha	Shukla Paksha	Dwadashi (up to 16:10)	Punarvasu	Sukarma	Balava	06:45 AM	05:35 PM	19:50 PM	07:50 AM	04:30 PM - 06:00 PM	12:00 PM - 01:30 PM	03:00 PM - 04:30 PM	11:55 AM - 12:45 PM	Normal Day
2027-02-08	Monday	Magha	Shukla Paksha	Trayodashi (up to 15:23)	Pushya	Dhriti	Kaulava	06:45 AM	05:35 PM	20:07 PM	08:13 AM	07:30 AM - 09:00 AM	10:30 AM - 12:00 PM	01:30 PM - 03:00 PM	11:55 AM - 12:45 PM	Pradosh Vrat
2027-02-09	Tuesday	Magha	Shukla Paksha	Chaturdashi (up to 14:36)	Ashlesha	Shool	Taitila	06:45 AM	05:35 PM	21:24 PM	09:36 AM	03:00 PM - 04:30 PM	09:00 AM - 10:30 AM	12:00 PM - 01:30 PM	11:55 AM - 12:45 PM	Normal Day
2027-02-10	Wednesday	Magha	Shukla Paksha	Purnima (up to 21:49)	Magha	Ganda	Garaja	06:45 AM	05:35 PM	22:41 PM	10:59 AM	12:00 PM - 01:30 PM	07:30 AM - 09:00 AM	10:30 AM - 12:00 PM	11:55 AM - 12:45 PM	Purnima Vrat & Satyanarayan Puja
2027-02-11	Thursday	Magha	Krishna Paksha	Pratipada (up to 20:02)	Purva Phalguni	Vriddhi	Vanija	06:45 AM	05:35 PM	06:58 AM	18:22 PM	01:30 PM - 03:00 PM	06:00 AM - 07:30 AM	09:00 AM - 10:30 AM	11:55 AM - 12:45 PM	Normal Day
2027-02-12	Friday	Magha	Krishna Paksha	Dwitiya (up to 19:15)	Uttara Phalguni	Dhruva	Vishti	06:45 AM	05:35 PM	07:15 AM	19:45 PM	10:30 AM - 12:00 PM	03:00 PM - 04:30 PM	07:30 AM - 09:00 AM	11:55 AM - 12:45 PM	Normal Day
2027-02-13	Saturday	Magha	Krishna Paksha	Tritiya (up to 18:28)	Hasta	Vyaghat	Bava	06:45 AM	05:35 PM	08:32 AM	20:08 PM	09:00 AM - 10:30 AM	01:30 PM - 03:00 PM	06:00 AM - 07:30 AM	11:55 AM - 12:45 PM	Normal Day
2027-02-14	Sunday	Magha	Krishna Paksha	Chaturthi (up to 17:41)	Chitra	Harshan	Balava	06:45 AM	05:35 PM	09:49 AM	21:31 PM	04:30 PM - 06:00 PM	12:00 PM - 01:30 PM	03:00 PM - 04:30 PM	11:55 AM - 12:45 PM	Sankashti Chaturthi Vrat
2027-02-15	Monday	Magha	Krishna Paksha	Panchami (up to 16:54)	Swati	Vajra	Kaulava	06:45 AM	05:35 PM	10:06 AM	22:54 PM	07:30 AM - 09:00 AM	10:30 AM - 12:00 PM	01:30 PM - 03:00 PM	11:55 AM - 12:45 PM	Normal Day
2027-02-16	Tuesday	Magha	Krishna Paksha	Shasthi (up to 15:07)	Vishakha	Siddhi	Taitila	06:45 AM	05:35 PM	12:23 PM	00:17 AM	03:00 PM - 04:30 PM	09:00 AM - 10:30 AM	12:00 PM - 01:30 PM	11:55 AM - 12:45 PM	Normal Day
2027-02-17	Wednesday	Magha	Krishna Paksha	Saptami (up to 14:20)	Anuradha	Vyatipat	Garaja	06:45 AM	05:35 PM	13:40 PM	01:40 AM	12:00 PM - 01:30 PM	07:30 AM - 09:00 AM	10:30 AM - 12:00 PM	11:55 AM - 12:45 PM	Normal Day
2027-02-18	Thursday	Magha	Krishna Paksha	Ashtami (up to 21:33)	Jyeshtha	Variyan	Vanija	06:45 AM	05:35 PM	14:57 PM	02:03 AM	01:30 PM - 03:00 PM	06:00 AM - 07:30 AM	09:00 AM - 10:30 AM	11:55 AM - 12:45 PM	Normal Day
2027-02-19	Friday	Magha	Krishna Paksha	Navami (up to 20:46)	Mula	Parigha	Vishti	06:45 AM	05:35 PM	15:14 PM	03:26 AM	10:30 AM - 12:00 PM	03:00 PM - 04:30 PM	07:30 AM - 09:00 AM	11:55 AM - 12:45 PM	Normal Day
2027-02-20	Saturday	Magha	Krishna Paksha	Dashami (up to 19:59)	Purva Ashadha	Shiva	Bava	06:45 AM	05:35 PM	16:31 PM	04:49 AM	09:00 AM - 10:30 AM	01:30 PM - 03:00 PM	06:00 AM - 07:30 AM	11:55 AM - 12:45 PM	Normal Day
2027-02-21	Sunday	Magha	Krishna Paksha	Ekadashi (up to 18:12)	Uttara Ashadha	Siddha	Balava	06:45 AM	05:35 PM	18:48 PM	06:12 AM	04:30 PM - 06:00 PM	12:00 PM - 01:30 PM	03:00 PM - 04:30 PM	11:55 AM - 12:45 PM	Shattila Ekadashi Vrat
2027-02-22	Monday	Magha	Krishna Paksha	Dwadashi (up to 17:25)	Shravana	Sadhya	Kaulava	06:45 AM	05:35 PM	19:05 PM	07:35 AM	07:30 AM - 09:00 AM	10:30 AM - 12:00 PM	01:30 PM - 03:00 PM	11:55 AM - 12:45 PM	Normal Day
2027-02-23	Tuesday	Magha	Krishna Paksha	Trayodashi (up to 16:38)	Dhanishta	Shubha	Taitila	06:45 AM	05:35 PM	20:22 PM	08:58 AM	03:00 PM - 04:30 PM	09:00 AM - 10:30 AM	12:00 PM - 01:30 PM	11:55 AM - 12:45 PM	Pradosh Vrat
2027-02-24	Wednesday	Magha	Krishna Paksha	Chaturdashi (up to 15:51)	Shatabhisha	Shukla	Garaja	06:45 AM	05:35 PM	21:39 PM	09:21 AM	12:00 PM - 01:30 PM	07:30 AM - 09:00 AM	10:30 AM - 12:00 PM	11:55 AM - 12:45 PM	Normal Day
2027-02-25	Thursday	Magha	Krishna Paksha	Purnima (up to 14:04)	Purva Bhadrapada	Brahma	Vanija	06:45 AM	05:35 PM	22:56 PM	10:44 AM	01:30 PM - 03:00 PM	06:00 AM - 07:30 AM	09:00 AM - 10:30 AM	11:55 AM - 12:45 PM	Amavasya (Pitru Tarpan)
2027-02-26	Friday	Phalguna	Shukla Paksha	Pratipada (up to 21:17)	Uttara Bhadrapada	Indra	Vishti	06:45 AM	05:35 PM	06:13 AM	18:07 PM	10:30 AM - 12:00 PM	03:00 PM - 04:30 PM	07:30 AM - 09:00 AM	11:55 AM - 12:45 PM	Normal Day
2027-02-27	Saturday	Phalguna	Shukla Paksha	Dwitiya (up to 20:30)	Revati	Vaidhriti	Bava	06:45 AM	05:35 PM	07:30 AM	19:30 PM	09:00 AM - 10:30 AM	01:30 PM - 03:00 PM	06:00 AM - 07:30 AM	11:55 AM - 12:45 PM	Normal Day
2027-02-28	Sunday	Phalguna	Shukla Paksha	Tritiya (up to 19:43)	Ashwini	Vishkambha	Balava	06:45 AM	05:35 PM	08:47 AM	20:53 PM	04:30 PM - 06:00 PM	12:00 PM - 01:30 PM	03:00 PM - 04:30 PM	11:55 AM - 12:45 PM	Normal Day
2027-03-01	Monday	Phalguna	Shukla Paksha	Chaturthi (up to 18:56)	Bharani	Priti	Kaulava	06:10 AM	06:30 PM	09:04 AM	21:16 PM	07:30 AM - 09:00 AM	10:30 AM - 12:00 PM	01:30 PM - 03:00 PM	11:55 AM - 12:45 PM	Normal Day
2027-03-02	Tuesday	Phalguna	Shukla Paksha	Panchami (up to 17:09)	Krittika	Ayushman	Taitila	06:10 AM	06:30 PM	10:21 AM	22:39 PM	03:00 PM - 04:30 PM	09:00 AM - 10:30 AM	12:00 PM - 01:30 PM	11:55 AM - 12:45 PM	Normal Day
2027-03-03	Wednesday	Phalguna	Shukla Paksha	Shasthi (up to 16:22)	Rohini	Saubhagya	Garaja	06:10 AM	06:30 PM	12:38 PM	00:02 AM	12:00 PM - 01:30 PM	07:30 AM - 09:00 AM	10:30 AM - 12:00 PM	11:55 AM - 12:45 PM	Normal Day
2027-03-04	Thursday	Phalguna	Shukla Paksha	Saptami (up to 15:35)	Mrigashira	Sobhana	Vanija	06:10 AM	06:30 PM	13:55 PM	01:25 AM	01:30 PM - 03:00 PM	06:00 AM - 07:30 AM	09:00 AM - 10:30 AM	11:55 AM - 12:45 PM	Normal Day
2027-03-05	Friday	Phalguna	Shukla Paksha	Ashtami (up to 14:48)	Ardra	Atiganda	Vishti	06:10 AM	06:30 PM	14:12 PM	02:48 AM	10:30 AM - 12:00 PM	03:00 PM - 04:30 PM	07:30 AM - 09:00 AM	11:55 AM - 12:45 PM	Normal Day
2027-03-06	Saturday	Phalguna	Shukla Paksha	Navami (up to 21:01)	Punarvasu	Sukarma	Bava	06:10 AM	06:30 PM	15:29 PM	03:11 AM	09:00 AM - 10:30 AM	01:30 PM - 03:00 PM	06:00 AM - 07:30 AM	11:55 AM - 12:45 PM	Normal Day
2027-03-07	Sunday	Phalguna	Shukla Paksha	Dashami (up to 20:14)	Pushya	Dhriti	Balava	06:10 AM	06:30 PM	16:46 PM	04:34 AM	04:30 PM - 06:00 PM	12:00 PM - 01:30 PM	03:00 PM - 04:30 PM	11:55 AM - 12:45 PM	Normal Day
2027-03-08	Monday	Phalguna	Shukla Paksha	Ekadashi (up to 19:27)	Ashlesha	Shool	Kaulava	06:10 AM	06:30 PM	18:03 PM	06:57 AM	07:30 AM - 09:00 AM	10:30 AM - 12:00 PM	01:30 PM - 03:00 PM	11:55 AM - 12:45 PM	Amalaki Ekadashi Vrat
2027-03-09	Tuesday	Phalguna	Shukla Paksha	Dwadashi (up to 18:40)	Magha	Ganda	Taitila	06:10 AM	06:30 PM	19:20 PM	07:20 AM	03:00 PM - 04:30 PM	09:00 AM - 10:30 AM	12:00 PM - 01:30 PM	11:55 AM - 12:45 PM	Normal Day
2027-03-10	Wednesday	Phalguna	Shukla Paksha	Trayodashi (up to 17:53)	Purva Phalguni	Vriddhi	Garaja	06:10 AM	06:30 PM	20:37 PM	08:43 AM	12:00 PM - 01:30 PM	07:30 AM - 09:00 AM	10:30 AM - 12:00 PM	11:55 AM - 12:45 PM	Pradosh Vrat
2027-03-11	Thursday	Phalguna	Shukla Paksha	Chaturdashi (up to 16:06)	Uttara Phalguni	Dhruva	Vanija	06:10 AM	06:30 PM	21:54 PM	09:06 AM	01:30 PM - 03:00 PM	06:00 AM - 07:30 AM	09:00 AM - 10:30 AM	11:55 AM - 12:45 PM	Normal Day
2027-03-12	Friday	Phalguna	Shukla Paksha	Purnima (up to 15:19)	Hasta	Vyaghat	Vishti	06:10 AM	06:30 PM	22:11 PM	10:29 AM	10:30 AM - 12:00 PM	03:00 PM - 04:30 PM	07:30 AM - 09:00 AM	11:55 AM - 12:45 PM	Holika Dahan / Holi Purnima
2027-03-13	Saturday	Phalguna	Krishna Paksha	Pratipada (up to 14:32)	Chitra	Harshan	Bava	06:10 AM	06:30 PM	06:28 AM	18:52 PM	09:00 AM - 10:30 AM	01:30 PM - 03:00 PM	06:00 AM - 07:30 AM	11:55 AM - 12:45 PM	Normal Day
2027-03-14	Sunday	Phalguna	Krishna Paksha	Dwitiya (up to 21:45)	Swati	Vajra	Balava	06:10 AM	06:30 PM	07:45 AM	19:15 PM	04:30 PM - 06:00 PM	12:00 PM - 01:30 PM	03:00 PM - 04:30 PM	11:55 AM - 12:45 PM	Normal Day
2027-03-15	Monday	Phalguna	Krishna Paksha	Tritiya (up to 20:58)	Vishakha	Siddhi	Kaulava	06:10 AM	06:30 PM	08:02 AM	20:38 PM	07:30 AM - 09:00 AM	10:30 AM - 12:00 PM	01:30 PM - 03:00 PM	11:55 AM - 12:45 PM	Normal Day
2027-03-16	Tuesday	Phalguna	Krishna Paksha	Chaturthi (up to 19:11)	Anuradha	Vyatipat	Taitila	06:10 AM	06:30 PM	09:19 AM	21:01 PM	03:00 PM - 04:30 PM	09:00 AM - 10:30 AM	12:00 PM - 01:30 PM	11:55 AM - 12:45 PM	Sankashti Chaturthi Vrat
2027-03-17	Wednesday	Phalguna	Krishna Paksha	Panchami (up to 18:24)	Jyeshtha	Variyan	Garaja	06:10 AM	06:30 PM	10:36 AM	22:24 PM	12:00 PM - 01:30 PM	07:30 AM - 09:00 AM	10:30 AM - 12:00 PM	11:55 AM - 12:45 PM	Normal Day
2027-03-18	Thursday	Phalguna	Krishna Paksha	Shasthi (up to 17:37)	Mula	Parigha	Vanija	06:10 AM	06:30 PM	12:53 PM	00:47 AM	01:30 PM - 03:00 PM	06:00 AM - 07:30 AM	09:00 AM - 10:30 AM	11:55 AM - 12:45 PM	Normal Day
2027-03-19	Friday	Phalguna	Krishna Paksha	Saptami (up to 16:50)	Purva Ashadha	Shiva	Vishti	06:10 AM	06:30 PM	13:10 PM	01:10 AM	10:30 AM - 12:00 PM	03:00 PM - 04:30 PM	07:30 AM - 09:00 AM	11:55 AM - 12:45 PM	Normal Day
2027-03-20	Saturday	Phalguna	Krishna Paksha	Ashtami (up to 15:03)	Uttara Ashadha	Siddha	Bava	06:10 AM	06:30 PM	14:27 PM	02:33 AM	09:00 AM - 10:30 AM	01:30 PM - 03:00 PM	06:00 AM - 07:30 AM	11:55 AM - 12:45 PM	Normal Day
2027-03-21	Sunday	Phalguna	Krishna Paksha	Navami (up to 14:16)	Shravana	Sadhya	Balava	06:10 AM	06:30 PM	15:44 PM	03:56 AM	04:30 PM - 06:00 PM	12:00 PM - 01:30 PM	03:00 PM - 04:30 PM	11:55 AM - 12:45 PM	Normal Day
2027-03-22	Monday	Phalguna	Krishna Paksha	Dashami (up to 21:29)	Dhanishta	Shubha	Kaulava	06:10 AM	06:30 PM	16:01 PM	04:19 AM	07:30 AM - 09:00 AM	10:30 AM - 12:00 PM	01:30 PM - 03:00 PM	11:55 AM - 12:45 PM	Normal Day
2027-03-23	Tuesday	Phalguna	Krishna Paksha	Ekadashi (up to 20:42)	Shatabhisha	Shukla	Taitila	06:10 AM	06:30 PM	18:18 PM	06:42 AM	03:00 PM - 04:30 PM	09:00 AM - 10:30 AM	12:00 PM - 01:30 PM	11:55 AM - 12:45 PM	Vijaya Ekadashi Vrat
2027-03-24	Wednesday	Phalguna	Krishna Paksha	Dwadashi (up to 19:55)	Purva Bhadrapada	Brahma	Garaja	06:10 AM	06:30 PM	19:35 PM	07:05 AM	12:00 PM - 01:30 PM	07:30 AM - 09:00 AM	10:30 AM - 12:00 PM	11:55 AM - 12:45 PM	Normal Day
2027-03-25	Thursday	Phalguna	Krishna Paksha	Trayodashi (up to 18:08)	Uttara Bhadrapada	Indra	Vanija	06:10 AM	06:30 PM	20:52 PM	08:28 AM	01:30 PM - 03:00 PM	06:00 AM - 07:30 AM	09:00 AM - 10:30 AM	11:55 AM - 12:45 PM	Pradosh Vrat
2027-03-26	Friday	Phalguna	Krishna Paksha	Chaturdashi (up to 17:21)	Revati	Vaidhriti	Vishti	06:10 AM	06:30 PM	21:09 PM	09:51 AM	10:30 AM - 12:00 PM	03:00 PM - 04:30 PM	07:30 AM - 09:00 AM	11:55 AM - 12:45 PM	Maha Shivratri Vrat
2027-03-27	Saturday	Phalguna	Krishna Paksha	Purnima (up to 16:34)	Ashwini	Vishkambha	Bava	06:10 AM	06:30 PM	22:26 PM	10:14 AM	09:00 AM - 10:30 AM	01:30 PM - 03:00 PM	06:00 AM - 07:30 AM	11:55 AM - 12:45 PM	Amavasya (Pitru Tarpan)
2027-03-28	Sunday	Chaitra	Shukla Paksha	Pratipada (up to 15:47)	Bharani	Priti	Balava	06:10 AM	06:30 PM	06:43 AM	18:37 PM	04:30 PM - 06:00 PM	12:00 PM - 01:30 PM	03:00 PM - 04:30 PM	11:55 AM - 12:45 PM	Chaitra Navratri / Vikram Samvat Gudi Padwa
2027-03-29	Monday	Chaitra	Shukla Paksha	Dwitiya (up to 14:00)	Krittika	Ayushman	Kaulava	06:10 AM	06:30 PM	07:00 AM	19:00 PM	07:30 AM - 09:00 AM	10:30 AM - 12:00 PM	01:30 PM - 03:00 PM	11:55 AM - 12:45 PM	Normal Day
2027-03-30	Tuesday	Chaitra	Shukla Paksha	Tritiya (up to 21:13)	Rohini	Saubhagya	Taitila	06:10 AM	06:30 PM	08:17 AM	20:23 PM	03:00 PM - 04:30 PM	09:00 AM - 10:30 AM	12:00 PM - 01:30 PM	11:55 AM - 12:45 PM	Normal Day
2027-03-31	Wednesday	Chaitra	Shukla Paksha	Chaturthi (up to 20:26)	Mrigashira	Sobhana	Garaja	06:10 AM	06:30 PM	09:34 AM	21:46 PM	12:00 PM - 01:30 PM	07:30 AM - 09:00 AM	10:30 AM - 12:00 PM	11:55 AM - 12:45 PM	Normal Day
2027-04-01	Thursday	Chaitra	Shukla Paksha	Panchami (up to 19:39)	Ardra	Atiganda	Vanija	06:10 AM	06:30 PM	10:51 AM	22:09 PM	01:30 PM - 03:00 PM	06:00 AM - 07:30 AM	09:00 AM - 10:30 AM	11:55 AM - 12:45 PM	Normal Day
2027-04-02	Friday	Chaitra	Shukla Paksha	Shasthi (up to 18:52)	Punarvasu	Sukarma	Vishti	06:10 AM	06:30 PM	12:08 PM	00:32 AM	10:30 AM - 12:00 PM	03:00 PM - 04:30 PM	07:30 AM - 09:00 AM	11:55 AM - 12:45 PM	Normal Day
2027-04-03	Saturday	Chaitra	Shukla Paksha	Saptami (up to 17:05)	Pushya	Dhriti	Bava	06:10 AM	06:30 PM	13:25 PM	01:55 AM	09:00 AM - 10:30 AM	01:30 PM - 03:00 PM	06:00 AM - 07:30 AM	11:55 AM - 12:45 PM	Normal Day
2027-04-04	Sunday	Chaitra	Shukla Paksha	Ashtami (up to 16:18)	Ashlesha	Shool	Balava	06:10 AM	06:30 PM	14:42 PM	02:18 AM	04:30 PM - 06:00 PM	12:00 PM - 01:30 PM	03:00 PM - 04:30 PM	11:55 AM - 12:45 PM	Normal Day
2027-04-05	Monday	Chaitra	Shukla Paksha	Navami (up to 15:31)	Magha	Ganda	Kaulava	06:10 AM	06:30 PM	15:59 PM	03:41 AM	07:30 AM - 09:00 AM	10:30 AM - 12:00 PM	01:30 PM - 03:00 PM	11:55 AM - 12:45 PM	Shri Rama Navami
2027-04-06	Tuesday	Chaitra	Shukla Paksha	Dashami (up to 14:44)	Purva Phalguni	Vriddhi	Taitila	06:10 AM	06:30 PM	16:16 PM	04:04 AM	03:00 PM - 04:30 PM	09:00 AM - 10:30 AM	12:00 PM - 01:30 PM	11:55 AM - 12:45 PM	Normal Day
2027-04-07	Wednesday	Chaitra	Shukla Paksha	Ekadashi (up to 21:57)	Uttara Phalguni	Dhruva	Garaja	06:10 AM	06:30 PM	18:33 PM	06:27 AM	12:00 PM - 01:30 PM	07:30 AM - 09:00 AM	10:30 AM - 12:00 PM	11:55 AM - 12:45 PM	Kamada Ekadashi Vrat
2027-04-08	Thursday	Chaitra	Shukla Paksha	Dwadashi (up to 20:10)	Hasta	Vyaghat	Vanija	06:10 AM	06:30 PM	19:50 PM	07:50 AM	01:30 PM - 03:00 PM	06:00 AM - 07:30 AM	09:00 AM - 10:30 AM	11:55 AM - 12:45 PM	Normal Day
2027-04-09	Friday	Chaitra	Shukla Paksha	Trayodashi (up to 19:23)	Chitra	Harshan	Vishti	06:10 AM	06:30 PM	20:07 PM	08:13 AM	10:30 AM - 12:00 PM	03:00 PM - 04:30 PM	07:30 AM - 09:00 AM	11:55 AM - 12:45 PM	Pradosh Vrat
2027-04-10	Saturday	Chaitra	Shukla Paksha	Chaturdashi (up to 18:36)	Swati	Vajra	Bava	06:10 AM	06:30 PM	21:24 PM	09:36 AM	09:00 AM - 10:30 AM	01:30 PM - 03:00 PM	06:00 AM - 07:30 AM	11:55 AM - 12:45 PM	Normal Day
2027-04-11	Sunday	Chaitra	Shukla Paksha	Purnima (up to 17:49)	Vishakha	Siddhi	Balava	06:10 AM	06:30 PM	22:41 PM	10:59 AM	04:30 PM - 06:00 PM	12:00 PM - 01:30 PM	03:00 PM - 04:30 PM	11:55 AM - 12:45 PM	Hanuman Jayanti
2027-04-12	Monday	Chaitra	Krishna Paksha	Pratipada (up to 16:02)	Anuradha	Vyatipat	Kaulava	06:10 AM	06:30 PM	06:58 AM	18:22 PM	07:30 AM - 09:00 AM	10:30 AM - 12:00 PM	01:30 PM - 03:00 PM	11:55 AM - 12:45 PM	Normal Day
2027-04-13	Tuesday	Chaitra	Krishna Paksha	Dwitiya (up to 15:15)	Jyeshtha	Variyan	Taitila	06:10 AM	06:30 PM	07:15 AM	19:45 PM	03:00 PM - 04:30 PM	09:00 AM - 10:30 AM	12:00 PM - 01:30 PM	11:55 AM - 12:45 PM	Normal Day
2027-04-14	Wednesday	Chaitra	Krishna Paksha	Tritiya (up to 14:28)	Mula	Parigha	Garaja	06:10 AM	06:30 PM	08:32 AM	20:08 PM	12:00 PM - 01:30 PM	07:30 AM - 09:00 AM	10:30 AM - 12:00 PM	11:55 AM - 12:45 PM	Normal Day
2027-04-15	Thursday	Chaitra	Krishna Paksha	Chaturthi (up to 21:41)	Purva Ashadha	Shiva	Vanija	06:10 AM	06:30 PM	09:49 AM	21:31 PM	01:30 PM - 03:00 PM	06:00 AM - 07:30 AM	09:00 AM - 10:30 AM	11:55 AM - 12:45 PM	Sankashti Chaturthi Vrat
2027-04-16	Friday	Chaitra	Krishna Paksha	Panchami (up to 20:54)	Uttara Ashadha	Siddha	Vishti	06:10 AM	06:30 PM	10:06 AM	22:54 PM	10:30 AM - 12:00 PM	03:00 PM - 04:30 PM	07:30 AM - 09:00 AM	11:55 AM - 12:45 PM	Normal Day
2027-04-17	Saturday	Chaitra	Krishna Paksha	Shasthi (up to 19:07)	Shravana	Sadhya	Bava	06:10 AM	06:30 PM	12:23 PM	00:17 AM	09:00 AM - 10:30 AM	01:30 PM - 03:00 PM	06:00 AM - 07:30 AM	11:55 AM - 12:45 PM	Normal Day
2027-04-18	Sunday	Chaitra	Krishna Paksha	Saptami (up to 18:20)	Dhanishta	Shubha	Balava	06:10 AM	06:30 PM	13:40 PM	01:40 AM	04:30 PM - 06:00 PM	12:00 PM - 01:30 PM	03:00 PM - 04:30 PM	11:55 AM - 12:45 PM	Normal Day
2027-04-19	Monday	Chaitra	Krishna Paksha	Ashtami (up to 17:33)	Shatabhisha	Shukla	Kaulava	06:10 AM	06:30 PM	14:57 PM	02:03 AM	07:30 AM - 09:00 AM	10:30 AM - 12:00 PM	01:30 PM - 03:00 PM	11:55 AM - 12:45 PM	Normal Day
2027-04-20	Tuesday	Chaitra	Krishna Paksha	Navami (up to 16:46)	Purva Bhadrapada	Brahma	Taitila	06:10 AM	06:30 PM	15:14 PM	03:26 AM	03:00 PM - 04:30 PM	09:00 AM - 10:30 AM	12:00 PM - 01:30 PM	11:55 AM - 12:45 PM	Normal Day
2027-04-21	Wednesday	Chaitra	Krishna Paksha	Dashami (up to 15:59)	Uttara Bhadrapada	Indra	Garaja	06:10 AM	06:30 PM	16:31 PM	04:49 AM	12:00 PM - 01:30 PM	07:30 AM - 09:00 AM	10:30 AM - 12:00 PM	11:55 AM - 12:45 PM	Normal Day
2027-04-22	Thursday	Chaitra	Krishna Paksha	Ekadashi (up to 14:12)	Revati	Vaidhriti	Vanija	06:10 AM	06:30 PM	18:48 PM	06:12 AM	01:30 PM - 03:00 PM	06:00 AM - 07:30 AM	09:00 AM - 10:30 AM	11:55 AM - 12:45 PM	Papmochani Ekadashi Vrat
2027-04-23	Friday	Chaitra	Krishna Paksha	Dwadashi (up to 21:25)	Ashwini	Vishkambha	Vishti	06:10 AM	06:30 PM	19:05 PM	07:35 AM	10:30 AM - 12:00 PM	03:00 PM - 04:30 PM	07:30 AM - 09:00 AM	11:55 AM - 12:45 PM	Normal Day
2027-04-24	Saturday	Chaitra	Krishna Paksha	Trayodashi (up to 20:38)	Bharani	Priti	Bava	06:10 AM	06:30 PM	20:22 PM	08:58 AM	09:00 AM - 10:30 AM	01:30 PM - 03:00 PM	06:00 AM - 07:30 AM	11:55 AM - 12:45 PM	Pradosh Vrat
2027-04-25	Sunday	Chaitra	Krishna Paksha	Chaturdashi (up to 19:51)	Krittika	Ayushman	Balava	06:10 AM	06:30 PM	21:39 PM	09:21 AM	04:30 PM - 06:00 PM	12:00 PM - 01:30 PM	03:00 PM - 04:30 PM	11:55 AM - 12:45 PM	Normal Day
2027-04-26	Monday	Chaitra	Krishna Paksha	Purnima (up to 18:04)	Rohini	Saubhagya	Kaulava	06:10 AM	06:30 PM	22:56 PM	10:44 AM	07:30 AM - 09:00 AM	10:30 AM - 12:00 PM	01:30 PM - 03:00 PM	11:55 AM - 12:45 PM	Amavasya (Pitru Tarpan)
2027-04-27	Tuesday	Vaishakha	Shukla Paksha	Pratipada (up to 17:17)	Mrigashira	Sobhana	Taitila	06:10 AM	06:30 PM	06:13 AM	18:07 PM	03:00 PM - 04:30 PM	09:00 AM - 10:30 AM	12:00 PM - 01:30 PM	11:55 AM - 12:45 PM	Normal Day
2027-04-28	Wednesday	Vaishakha	Shukla Paksha	Dwitiya (up to 16:30)	Ardra	Atiganda	Garaja	06:10 AM	06:30 PM	07:30 AM	19:30 PM	12:00 PM - 01:30 PM	07:30 AM - 09:00 AM	10:30 AM - 12:00 PM	11:55 AM - 12:45 PM	Normal Day
2027-04-29	Thursday	Vaishakha	Shukla Paksha	Tritiya (up to 15:43)	Punarvasu	Sukarma	Vanija	06:10 AM	06:30 PM	08:47 AM	20:53 PM	01:30 PM - 03:00 PM	06:00 AM - 07:30 AM	09:00 AM - 10:30 AM	11:55 AM - 12:45 PM	Akshaya Tritiya
2027-04-30	Friday	Vaishakha	Shukla Paksha	Chaturthi (up to 14:56)	Pushya	Dhriti	Vishti	06:10 AM	06:30 PM	09:04 AM	21:16 PM	10:30 AM - 12:00 PM	03:00 PM - 04:30 PM	07:30 AM - 09:00 AM	11:55 AM - 12:45 PM	Normal Day
2027-05-01	Saturday	Vaishakha	Shukla Paksha	Panchami (up to 21:09)	Ashlesha	Shool	Bava	06:10 AM	06:30 PM	10:21 AM	22:39 PM	09:00 AM - 10:30 AM	01:30 PM - 03:00 PM	06:00 AM - 07:30 AM	11:55 AM - 12:45 PM	Normal Day
2027-05-02	Sunday	Vaishakha	Shukla Paksha	Shasthi (up to 20:22)	Magha	Ganda	Balava	06:10 AM	06:30 PM	12:38 PM	00:02 AM	04:30 PM - 06:00 PM	12:00 PM - 01:30 PM	03:00 PM - 04:30 PM	11:55 AM - 12:45 PM	Normal Day
2027-05-03	Monday	Vaishakha	Shukla Paksha	Saptami (up to 19:35)	Purva Phalguni	Vriddhi	Kaulava	06:10 AM	06:30 PM	13:55 PM	01:25 AM	07:30 AM - 09:00 AM	10:30 AM - 12:00 PM	01:30 PM - 03:00 PM	11:55 AM - 12:45 PM	Normal Day
2027-05-04	Tuesday	Vaishakha	Shukla Paksha	Ashtami (up to 18:48)	Uttara Phalguni	Dhruva	Taitila	06:10 AM	06:30 PM	14:12 PM	02:48 AM	03:00 PM - 04:30 PM	09:00 AM - 10:30 AM	12:00 PM - 01:30 PM	11:55 AM - 12:45 PM	Normal Day
2027-05-05	Wednesday	Vaishakha	Shukla Paksha	Navami (up to 17:01)	Hasta	Vyaghat	Garaja	06:10 AM	06:30 PM	15:29 PM	03:11 AM	12:00 PM - 01:30 PM	07:30 AM - 09:00 AM	10:30 AM - 12:00 PM	11:55 AM - 12:45 PM	Normal Day
2027-05-06	Thursday	Vaishakha	Shukla Paksha	Dashami (up to 16:14)	Chitra	Harshan	Vanija	06:10 AM	06:30 PM	16:46 PM	04:34 AM	01:30 PM - 03:00 PM	06:00 AM - 07:30 AM	09:00 AM - 10:30 AM	11:55 AM - 12:45 PM	Normal Day
2027-05-07	Friday	Vaishakha	Shukla Paksha	Ekadashi (up to 15:27)	Swati	Vajra	Vishti	06:10 AM	06:30 PM	18:03 PM	06:57 AM	10:30 AM - 12:00 PM	03:00 PM - 04:30 PM	07:30 AM - 09:00 AM	11:55 AM - 12:45 PM	Mohini Ekadashi Vrat
2027-05-08	Saturday	Vaishakha	Shukla Paksha	Dwadashi (up to 14:40)	Vishakha	Siddhi	Bava	06:10 AM	06:30 PM	19:20 PM	07:20 AM	09:00 AM - 10:30 AM	01:30 PM - 03:00 PM	06:00 AM - 07:30 AM	11:55 AM - 12:45 PM	Normal Day
2027-05-09	Sunday	Vaishakha	Shukla Paksha	Trayodashi (up to 21:53)	Anuradha	Vyatipat	Balava	06:10 AM	06:30 PM	20:37 PM	08:43 AM	04:30 PM - 06:00 PM	12:00 PM - 01:30 PM	03:00 PM - 04:30 PM	11:55 AM - 12:45 PM	Pradosh Vrat
2027-05-10	Monday	Vaishakha	Shukla Paksha	Chaturdashi (up to 20:06)	Jyeshtha	Variyan	Kaulava	06:10 AM	06:30 PM	21:54 PM	09:06 AM	07:30 AM - 09:00 AM	10:30 AM - 12:00 PM	01:30 PM - 03:00 PM	11:55 AM - 12:45 PM	Normal Day
2027-05-11	Tuesday	Vaishakha	Shukla Paksha	Purnima (up to 19:19)	Mula	Parigha	Taitila	06:10 AM	06:30 PM	22:11 PM	10:29 AM	03:00 PM - 04:30 PM	09:00 AM - 10:30 AM	12:00 PM - 01:30 PM	11:55 AM - 12:45 PM	Purnima Vrat & Satyanarayan Puja
2027-05-12	Wednesday	Vaishakha	Krishna Paksha	Pratipada (up to 18:32)	Purva Ashadha	Shiva	Garaja	06:10 AM	06:30 PM	06:28 AM	18:52 PM	12:00 PM - 01:30 PM	07:30 AM - 09:00 AM	10:30 AM - 12:00 PM	11:55 AM - 12:45 PM	Normal Day
2027-05-13	Thursday	Vaishakha	Krishna Paksha	Dwitiya (up to 17:45)	Uttara Ashadha	Siddha	Vanija	06:10 AM	06:30 PM	07:45 AM	19:15 PM	01:30 PM - 03:00 PM	06:00 AM - 07:30 AM	09:00 AM - 10:30 AM	11:55 AM - 12:45 PM	Normal Day
2027-05-14	Friday	Vaishakha	Krishna Paksha	Tritiya (up to 16:58)	Shravana	Sadhya	Vishti	06:10 AM	06:30 PM	08:02 AM	20:38 PM	10:30 AM - 12:00 PM	03:00 PM - 04:30 PM	07:30 AM - 09:00 AM	11:55 AM - 12:45 PM	Normal Day
2027-05-15	Saturday	Vaishakha	Krishna Paksha	Chaturthi (up to 15:11)	Dhanishta	Shubha	Bava	06:10 AM	06:30 PM	09:19 AM	21:01 PM	09:00 AM - 10:30 AM	01:30 PM - 03:00 PM	06:00 AM - 07:30 AM	11:55 AM - 12:45 PM	Sankashti Chaturthi Vrat
2027-05-16	Sunday	Vaishakha	Krishna Paksha	Panchami (up to 14:24)	Shatabhisha	Shukla	Balava	06:10 AM	06:30 PM	10:36 AM	22:24 PM	04:30 PM - 06:00 PM	12:00 PM - 01:30 PM	03:00 PM - 04:30 PM	11:55 AM - 12:45 PM	Normal Day
2027-05-17	Monday	Vaishakha	Krishna Paksha	Shasthi (up to 21:37)	Purva Bhadrapada	Brahma	Kaulava	06:10 AM	06:30 PM	12:53 PM	00:47 AM	07:30 AM - 09:00 AM	10:30 AM - 12:00 PM	01:30 PM - 03:00 PM	11:55 AM - 12:45 PM	Normal Day
2027-05-18	Tuesday	Vaishakha	Krishna Paksha	Saptami (up to 20:50)	Uttara Bhadrapada	Indra	Taitila	06:10 AM	06:30 PM	13:10 PM	01:10 AM	03:00 PM - 04:30 PM	09:00 AM - 10:30 AM	12:00 PM - 01:30 PM	11:55 AM - 12:45 PM	Normal Day
2027-05-19	Wednesday	Vaishakha	Krishna Paksha	Ashtami (up to 19:03)	Revati	Vaidhriti	Garaja	06:10 AM	06:30 PM	14:27 PM	02:33 AM	12:00 PM - 01:30 PM	07:30 AM - 09:00 AM	10:30 AM - 12:00 PM	11:55 AM - 12:45 PM	Normal Day
2027-05-20	Thursday	Vaishakha	Krishna Paksha	Navami (up to 18:16)	Ashwini	Vishkambha	Vanija	06:10 AM	06:30 PM	15:44 PM	03:56 AM	01:30 PM - 03:00 PM	06:00 AM - 07:30 AM	09:00 AM - 10:30 AM	11:55 AM - 12:45 PM	Normal Day
2027-05-21	Friday	Vaishakha	Krishna Paksha	Dashami (up to 17:29)	Bharani	Priti	Vishti	06:10 AM	06:30 PM	16:01 PM	04:19 AM	10:30 AM - 12:00 PM	03:00 PM - 04:30 PM	07:30 AM - 09:00 AM	11:55 AM - 12:45 PM	Normal Day
2027-05-22	Saturday	Vaishakha	Krishna Paksha	Ekadashi (up to 16:42)	Krittika	Ayushman	Bava	06:10 AM	06:30 PM	18:18 PM	06:42 AM	09:00 AM - 10:30 AM	01:30 PM - 03:00 PM	06:00 AM - 07:30 AM	11:55 AM - 12:45 PM	Varuthini Ekadashi Vrat
2027-05-23	Sunday	Vaishakha	Krishna Paksha	Dwadashi (up to 15:55)	Rohini	Saubhagya	Balava	06:10 AM	06:30 PM	19:35 PM	07:05 AM	04:30 PM - 06:00 PM	12:00 PM - 01:30 PM	03:00 PM - 04:30 PM	11:55 AM - 12:45 PM	Normal Day
2027-05-24	Monday	Vaishakha	Krishna Paksha	Trayodashi (up to 14:08)	Mrigashira	Sobhana	Kaulava	06:10 AM	06:30 PM	20:52 PM	08:28 AM	07:30 AM - 09:00 AM	10:30 AM - 12:00 PM	01:30 PM - 03:00 PM	11:55 AM - 12:45 PM	Pradosh Vrat
2027-05-25	Tuesday	Vaishakha	Krishna Paksha	Chaturdashi (up to 21:21)	Ardra	Atiganda	Taitila	06:10 AM	06:30 PM	21:09 PM	09:51 AM	03:00 PM - 04:30 PM	09:00 AM - 10:30 AM	12:00 PM - 01:30 PM	11:55 AM - 12:45 PM	Normal Day
2027-05-26	Wednesday	Vaishakha	Krishna Paksha	Purnima (up to 20:34)	Punarvasu	Sukarma	Garaja	06:10 AM	06:30 PM	22:26 PM	10:14 AM	12:00 PM - 01:30 PM	07:30 AM - 09:00 AM	10:30 AM - 12:00 PM	11:55 AM - 12:45 PM	Amavasya (Pitru Tarpan)
2027-05-27	Thursday	Jyeshtha	Shukla Paksha	Pratipada (up to 19:47)	Pushya	Dhriti	Vanija	06:10 AM	06:30 PM	06:43 AM	18:37 PM	01:30 PM - 03:00 PM	06:00 AM - 07:30 AM	09:00 AM - 10:30 AM	11:55 AM - 12:45 PM	Normal Day
2027-05-28	Friday	Jyeshtha	Shukla Paksha	Dwitiya (up to 18:00)	Ashlesha	Shool	Vishti	06:10 AM	06:30 PM	07:00 AM	19:00 PM	10:30 AM - 12:00 PM	03:00 PM - 04:30 PM	07:30 AM - 09:00 AM	11:55 AM - 12:45 PM	Normal Day
2027-05-29	Saturday	Jyeshtha	Shukla Paksha	Tritiya (up to 17:13)	Magha	Ganda	Bava	06:10 AM	06:30 PM	08:17 AM	20:23 PM	09:00 AM - 10:30 AM	01:30 PM - 03:00 PM	06:00 AM - 07:30 AM	11:55 AM - 12:45 PM	Normal Day
2027-05-30	Sunday	Jyeshtha	Shukla Paksha	Chaturthi (up to 16:26)	Purva Phalguni	Vriddhi	Balava	06:10 AM	06:30 PM	09:34 AM	21:46 PM	04:30 PM - 06:00 PM	12:00 PM - 01:30 PM	03:00 PM - 04:30 PM	11:55 AM - 12:45 PM	Normal Day
2027-05-31	Monday	Jyeshtha	Shukla Paksha	Panchami (up to 15:39)	Uttara Phalguni	Dhruva	Kaulava	06:10 AM	06:30 PM	10:51 AM	22:09 PM	07:30 AM - 09:00 AM	10:30 AM - 12:00 PM	01:30 PM - 03:00 PM	11:55 AM - 12:45 PM	Normal Day
2027-06-01	Tuesday	Jyeshtha	Shukla Paksha	Shasthi (up to 14:52)	Hasta	Vyaghat	Taitila	05:35 AM	07:15 PM	12:08 PM	00:32 AM	03:00 PM - 04:30 PM	09:00 AM - 10:30 AM	12:00 PM - 01:30 PM	11:55 AM - 12:45 PM	Normal Day
2027-06-02	Wednesday	Jyeshtha	Shukla Paksha	Saptami (up to 21:05)	Chitra	Harshan	Garaja	05:35 AM	07:15 PM	13:25 PM	01:55 AM	12:00 PM - 01:30 PM	07:30 AM - 09:00 AM	10:30 AM - 12:00 PM	11:55 AM - 12:45 PM	Normal Day
2027-06-03	Thursday	Jyeshtha	Shukla Paksha	Ashtami (up to 20:18)	Swati	Vajra	Vanija	05:35 AM	07:15 PM	14:42 PM	02:18 AM	01:30 PM - 03:00 PM	06:00 AM - 07:30 AM	09:00 AM - 10:30 AM	11:55 AM - 12:45 PM	Normal Day
2027-06-04	Friday	Jyeshtha	Shukla Paksha	Navami (up to 19:31)	Vishakha	Siddhi	Vishti	05:35 AM	07:15 PM	15:59 PM	03:41 AM	10:30 AM - 12:00 PM	03:00 PM - 04:30 PM	07:30 AM - 09:00 AM	11:55 AM - 12:45 PM	Normal Day
2027-06-05	Saturday	Jyeshtha	Shukla Paksha	Dashami (up to 18:44)	Anuradha	Vyatipat	Bava	05:35 AM	07:15 PM	16:16 PM	04:04 AM	09:00 AM - 10:30 AM	01:30 PM - 03:00 PM	06:00 AM - 07:30 AM	11:55 AM - 12:45 PM	Normal Day
2027-06-06	Sunday	Jyeshtha	Shukla Paksha	Ekadashi (up to 17:57)	Jyeshtha	Variyan	Balava	05:35 AM	07:15 PM	18:33 PM	06:27 AM	04:30 PM - 06:00 PM	12:00 PM - 01:30 PM	03:00 PM - 04:30 PM	11:55 AM - 12:45 PM	Nirjala Ekadashi Vrat
2027-06-07	Monday	Jyeshtha	Shukla Paksha	Dwadashi (up to 16:10)	Mula	Parigha	Kaulava	05:35 AM	07:15 PM	19:50 PM	07:50 AM	07:30 AM - 09:00 AM	10:30 AM - 12:00 PM	01:30 PM - 03:00 PM	11:55 AM - 12:45 PM	Normal Day
2027-06-08	Tuesday	Jyeshtha	Shukla Paksha	Trayodashi (up to 15:23)	Purva Ashadha	Shiva	Taitila	05:35 AM	07:15 PM	20:07 PM	08:13 AM	03:00 PM - 04:30 PM	09:00 AM - 10:30 AM	12:00 PM - 01:30 PM	11:55 AM - 12:45 PM	Pradosh Vrat
2027-06-09	Wednesday	Jyeshtha	Shukla Paksha	Chaturdashi (up to 14:36)	Uttara Ashadha	Siddha	Garaja	05:35 AM	07:15 PM	21:24 PM	09:36 AM	12:00 PM - 01:30 PM	07:30 AM - 09:00 AM	10:30 AM - 12:00 PM	11:55 AM - 12:45 PM	Normal Day
2027-06-10	Thursday	Jyeshtha	Shukla Paksha	Purnima (up to 21:49)	Shravana	Sadhya	Vanija	05:35 AM	07:15 PM	22:41 PM	10:59 AM	01:30 PM - 03:00 PM	06:00 AM - 07:30 AM	09:00 AM - 10:30 AM	11:55 AM - 12:45 PM	Purnima Vrat & Satyanarayan Puja
2027-06-11	Friday	Jyeshtha	Krishna Paksha	Pratipada (up to 20:02)	Dhanishta	Shubha	Vishti	05:35 AM	07:15 PM	06:58 AM	18:22 PM	10:30 AM - 12:00 PM	03:00 PM - 04:30 PM	07:30 AM - 09:00 AM	11:55 AM - 12:45 PM	Normal Day
2027-06-12	Saturday	Jyeshtha	Krishna Paksha	Dwitiya (up to 19:15)	Shatabhisha	Shukla	Bava	05:35 AM	07:15 PM	07:15 AM	19:45 PM	09:00 AM - 10:30 AM	01:30 PM - 03:00 PM	06:00 AM - 07:30 AM	11:55 AM - 12:45 PM	Normal Day
2027-06-13	Sunday	Jyeshtha	Krishna Paksha	Tritiya (up to 18:28)	Purva Bhadrapada	Brahma	Balava	05:35 AM	07:15 PM	08:32 AM	20:08 PM	04:30 PM - 06:00 PM	12:00 PM - 01:30 PM	03:00 PM - 04:30 PM	11:55 AM - 12:45 PM	Normal Day
2027-06-14	Monday	Jyeshtha	Krishna Paksha	Chaturthi (up to 17:41)	Uttara Bhadrapada	Indra	Kaulava	05:35 AM	07:15 PM	09:49 AM	21:31 PM	07:30 AM - 09:00 AM	10:30 AM - 12:00 PM	01:30 PM - 03:00 PM	11:55 AM - 12:45 PM	Sankashti Chaturthi Vrat
2027-06-15	Tuesday	Jyeshtha	Krishna Paksha	Panchami (up to 16:54)	Revati	Vaidhriti	Taitila	05:35 AM	07:15 PM	10:06 AM	22:54 PM	03:00 PM - 04:30 PM	09:00 AM - 10:30 AM	12:00 PM - 01:30 PM	11:55 AM - 12:45 PM	Normal Day
2027-06-16	Wednesday	Jyeshtha	Krishna Paksha	Shasthi (up to 15:07)	Ashwini	Vishkambha	Garaja	05:35 AM	07:15 PM	12:23 PM	00:17 AM	12:00 PM - 01:30 PM	07:30 AM - 09:00 AM	10:30 AM - 12:00 PM	11:55 AM - 12:45 PM	Normal Day
2027-06-17	Thursday	Jyeshtha	Krishna Paksha	Saptami (up to 14:20)	Bharani	Priti	Vanija	05:35 AM	07:15 PM	13:40 PM	01:40 AM	01:30 PM - 03:00 PM	06:00 AM - 07:30 AM	09:00 AM - 10:30 AM	11:55 AM - 12:45 PM	Normal Day
2027-06-18	Friday	Jyeshtha	Krishna Paksha	Ashtami (up to 21:33)	Krittika	Ayushman	Vishti	05:35 AM	07:15 PM	14:57 PM	02:03 AM	10:30 AM - 12:00 PM	03:00 PM - 04:30 PM	07:30 AM - 09:00 AM	11:55 AM - 12:45 PM	Normal Day
2027-06-19	Saturday	Jyeshtha	Krishna Paksha	Navami (up to 20:46)	Rohini	Saubhagya	Bava	05:35 AM	07:15 PM	15:14 PM	03:26 AM	09:00 AM - 10:30 AM	01:30 PM - 03:00 PM	06:00 AM - 07:30 AM	11:55 AM - 12:45 PM	Normal Day
2027-06-20	Sunday	Jyeshtha	Krishna Paksha	Dashami (up to 19:59)	Mrigashira	Sobhana	Balava	05:35 AM	07:15 PM	16:31 PM	04:49 AM	04:30 PM - 06:00 PM	12:00 PM - 01:30 PM	03:00 PM - 04:30 PM	11:55 AM - 12:45 PM	Normal Day
2027-06-21	Monday	Jyeshtha	Krishna Paksha	Ekadashi (up to 18:12)	Ardra	Atiganda	Kaulava	05:35 AM	07:15 PM	18:48 PM	06:12 AM	07:30 AM - 09:00 AM	10:30 AM - 12:00 PM	01:30 PM - 03:00 PM	11:55 AM - 12:45 PM	Apara Ekadashi Vrat
2027-06-22	Tuesday	Jyeshtha	Krishna Paksha	Dwadashi (up to 17:25)	Punarvasu	Sukarma	Taitila	05:35 AM	07:15 PM	19:05 PM	07:35 AM	03:00 PM - 04:30 PM	09:00 AM - 10:30 AM	12:00 PM - 01:30 PM	11:55 AM - 12:45 PM	Normal Day
2027-06-23	Wednesday	Jyeshtha	Krishna Paksha	Trayodashi (up to 16:38)	Pushya	Dhriti	Garaja	05:35 AM	07:15 PM	20:22 PM	08:58 AM	12:00 PM - 01:30 PM	07:30 AM - 09:00 AM	10:30 AM - 12:00 PM	11:55 AM - 12:45 PM	Pradosh Vrat
2027-06-24	Thursday	Jyeshtha	Krishna Paksha	Chaturdashi (up to 15:51)	Ashlesha	Shool	Vanija	05:35 AM	07:15 PM	21:39 PM	09:21 AM	01:30 PM - 03:00 PM	06:00 AM - 07:30 AM	09:00 AM - 10:30 AM	11:55 AM - 12:45 PM	Normal Day
2027-06-25	Friday	Jyeshtha	Krishna Paksha	Purnima (up to 14:04)	Magha	Ganda	Vishti	05:35 AM	07:15 PM	22:56 PM	10:44 AM	10:30 AM - 12:00 PM	03:00 PM - 04:30 PM	07:30 AM - 09:00 AM	11:55 AM - 12:45 PM	Amavasya (Pitru Tarpan)
2027-06-26	Saturday	Ashadha	Shukla Paksha	Pratipada (up to 21:17)	Purva Phalguni	Vriddhi	Bava	05:35 AM	07:15 PM	06:13 AM	18:07 PM	09:00 AM - 10:30 AM	01:30 PM - 03:00 PM	06:00 AM - 07:30 AM	11:55 AM - 12:45 PM	Normal Day
2027-06-27	Sunday	Ashadha	Shukla Paksha	Dwitiya (up to 20:30)	Uttara Phalguni	Dhruva	Balava	05:35 AM	07:15 PM	07:30 AM	19:30 PM	04:30 PM - 06:00 PM	12:00 PM - 01:30 PM	03:00 PM - 04:30 PM	11:55 AM - 12:45 PM	Normal Day
2027-06-28	Monday	Ashadha	Shukla Paksha	Tritiya (up to 19:43)	Hasta	Vyaghat	Kaulava	05:35 AM	07:15 PM	08:47 AM	20:53 PM	07:30 AM - 09:00 AM	10:30 AM - 12:00 PM	01:30 PM - 03:00 PM	11:55 AM - 12:45 PM	Normal Day
2027-06-29	Tuesday	Ashadha	Shukla Paksha	Chaturthi (up to 18:56)	Chitra	Harshan	Taitila	05:35 AM	07:15 PM	09:04 AM	21:16 PM	03:00 PM - 04:30 PM	09:00 AM - 10:30 AM	12:00 PM - 01:30 PM	11:55 AM - 12:45 PM	Normal Day
2027-06-30	Wednesday	Ashadha	Shukla Paksha	Panchami (up to 17:09)	Swati	Vajra	Garaja	05:35 AM	07:15 PM	10:21 AM	22:39 PM	12:00 PM - 01:30 PM	07:30 AM - 09:00 AM	10:30 AM - 12:00 PM	11:55 AM - 12:45 PM	Normal Day
2027-07-01	Thursday	Ashadha	Shukla Paksha	Shasthi (up to 16:22)	Vishakha	Siddhi	Vanija	05:35 AM	07:15 PM	12:38 PM	00:02 AM	01:30 PM - 03:00 PM	06:00 AM - 07:30 AM	09:00 AM - 10:30 AM	11:55 AM - 12:45 PM	Normal Day
2027-07-02	Friday	Ashadha	Shukla Paksha	Saptami (up to 15:35)	Anuradha	Vyatipat	Vishti	05:35 AM	07:15 PM	13:55 PM	01:25 AM	10:30 AM - 12:00 PM	03:00 PM - 04:30 PM	07:30 AM - 09:00 AM	11:55 AM - 12:45 PM	Normal Day
2027-07-03	Saturday	Ashadha	Shukla Paksha	Ashtami (up to 14:48)	Jyeshtha	Variyan	Bava	05:35 AM	07:15 PM	14:12 PM	02:48 AM	09:00 AM - 10:30 AM	01:30 PM - 03:00 PM	06:00 AM - 07:30 AM	11:55 AM - 12:45 PM	Normal Day
2027-07-04	Sunday	Ashadha	Shukla Paksha	Navami (up to 21:01)	Mula	Parigha	Balava	05:35 AM	07:15 PM	15:29 PM	03:11 AM	04:30 PM - 06:00 PM	12:00 PM - 01:30 PM	03:00 PM - 04:30 PM	11:55 AM - 12:45 PM	Normal Day
2027-07-05	Monday	Ashadha	Shukla Paksha	Dashami (up to 20:14)	Purva Ashadha	Shiva	Kaulava	05:35 AM	07:15 PM	16:46 PM	04:34 AM	07:30 AM - 09:00 AM	10:30 AM - 12:00 PM	01:30 PM - 03:00 PM	11:55 AM - 12:45 PM	Normal Day
2027-07-06	Tuesday	Ashadha	Shukla Paksha	Ekadashi (up to 19:27)	Uttara Ashadha	Siddha	Taitila	05:35 AM	07:15 PM	18:03 PM	06:57 AM	03:00 PM - 04:30 PM	09:00 AM - 10:30 AM	12:00 PM - 01:30 PM	11:55 AM - 12:45 PM	Devshayani Ekadashi Vrat
2027-07-07	Wednesday	Ashadha	Shukla Paksha	Dwadashi (up to 18:40)	Shravana	Sadhya	Garaja	05:35 AM	07:15 PM	19:20 PM	07:20 AM	12:00 PM - 01:30 PM	07:30 AM - 09:00 AM	10:30 AM - 12:00 PM	11:55 AM - 12:45 PM	Normal Day
2027-07-08	Thursday	Ashadha	Shukla Paksha	Trayodashi (up to 17:53)	Dhanishta	Shubha	Vanija	05:35 AM	07:15 PM	20:37 PM	08:43 AM	01:30 PM - 03:00 PM	06:00 AM - 07:30 AM	09:00 AM - 10:30 AM	11:55 AM - 12:45 PM	Pradosh Vrat
2027-07-09	Friday	Ashadha	Shukla Paksha	Chaturdashi (up to 16:06)	Shatabhisha	Shukla	Vishti	05:35 AM	07:15 PM	21:54 PM	09:06 AM	10:30 AM - 12:00 PM	03:00 PM - 04:30 PM	07:30 AM - 09:00 AM	11:55 AM - 12:45 PM	Normal Day
2027-07-10	Saturday	Ashadha	Shukla Paksha	Purnima (up to 15:19)	Purva Bhadrapada	Brahma	Bava	05:35 AM	07:15 PM	22:11 PM	10:29 AM	09:00 AM - 10:30 AM	01:30 PM - 03:00 PM	06:00 AM - 07:30 AM	11:55 AM - 12:45 PM	Guru Purnima / Vyasa Puja
2027-07-11	Sunday	Ashadha	Krishna Paksha	Pratipada (up to 14:32)	Uttara Bhadrapada	Indra	Balava	05:35 AM	07:15 PM	06:28 AM	18:52 PM	04:30 PM - 06:00 PM	12:00 PM - 01:30 PM	03:00 PM - 04:30 PM	11:55 AM - 12:45 PM	Normal Day
2027-07-12	Monday	Ashadha	Krishna Paksha	Dwitiya (up to 21:45)	Revati	Vaidhriti	Kaulava	05:35 AM	07:15 PM	07:45 AM	19:15 PM	07:30 AM - 09:00 AM	10:30 AM - 12:00 PM	01:30 PM - 03:00 PM	11:55 AM - 12:45 PM	Normal Day
2027-07-13	Tuesday	Ashadha	Krishna Paksha	Tritiya (up to 20:58)	Ashwini	Vishkambha	Taitila	05:35 AM	07:15 PM	08:02 AM	20:38 PM	03:00 PM - 04:30 PM	09:00 AM - 10:30 AM	12:00 PM - 01:30 PM	11:55 AM - 12:45 PM	Normal Day
2027-07-14	Wednesday	Ashadha	Krishna Paksha	Chaturthi (up to 19:11)	Bharani	Priti	Garaja	05:35 AM	07:15 PM	09:19 AM	21:01 PM	12:00 PM - 01:30 PM	07:30 AM - 09:00 AM	10:30 AM - 12:00 PM	11:55 AM - 12:45 PM	Sankashti Chaturthi Vrat
2027-07-15	Thursday	Ashadha	Krishna Paksha	Panchami (up to 18:24)	Krittika	Ayushman	Vanija	05:35 AM	07:15 PM	10:36 AM	22:24 PM	01:30 PM - 03:00 PM	06:00 AM - 07:30 AM	09:00 AM - 10:30 AM	11:55 AM - 12:45 PM	Normal Day
2027-07-16	Friday	Ashadha	Krishna Paksha	Shasthi (up to 17:37)	Rohini	Saubhagya	Vishti	05:35 AM	07:15 PM	12:53 PM	00:47 AM	10:30 AM - 12:00 PM	03:00 PM - 04:30 PM	07:30 AM - 09:00 AM	11:55 AM - 12:45 PM	Normal Day
2027-07-17	Saturday	Ashadha	Krishna Paksha	Saptami (up to 16:50)	Mrigashira	Sobhana	Bava	05:35 AM	07:15 PM	13:10 PM	01:10 AM	09:00 AM - 10:30 AM	01:30 PM - 03:00 PM	06:00 AM - 07:30 AM	11:55 AM - 12:45 PM	Normal Day
2027-07-18	Sunday	Ashadha	Krishna Paksha	Ashtami (up to 15:03)	Ardra	Atiganda	Balava	05:35 AM	07:15 PM	14:27 PM	02:33 AM	04:30 PM - 06:00 PM	12:00 PM - 01:30 PM	03:00 PM - 04:30 PM	11:55 AM - 12:45 PM	Normal Day
2027-07-19	Monday	Ashadha	Krishna Paksha	Navami (up to 14:16)	Punarvasu	Sukarma	Kaulava	05:35 AM	07:15 PM	15:44 PM	03:56 AM	07:30 AM - 09:00 AM	10:30 AM - 12:00 PM	01:30 PM - 03:00 PM	11:55 AM - 12:45 PM	Normal Day
2027-07-20	Tuesday	Ashadha	Krishna Paksha	Dashami (up to 21:29)	Pushya	Dhriti	Taitila	05:35 AM	07:15 PM	16:01 PM	04:19 AM	03:00 PM - 04:30 PM	09:00 AM - 10:30 AM	12:00 PM - 01:30 PM	11:55 AM - 12:45 PM	Normal Day
2027-07-21	Wednesday	Ashadha	Krishna Paksha	Ekadashi (up to 20:42)	Ashlesha	Shool	Garaja	05:35 AM	07:15 PM	18:18 PM	06:42 AM	12:00 PM - 01:30 PM	07:30 AM - 09:00 AM	10:30 AM - 12:00 PM	11:55 AM - 12:45 PM	Yogini Ekadashi Vrat
2027-07-22	Thursday	Ashadha	Krishna Paksha	Dwadashi (up to 19:55)	Magha	Ganda	Vanija	05:35 AM	07:15 PM	19:35 PM	07:05 AM	01:30 PM - 03:00 PM	06:00 AM - 07:30 AM	09:00 AM - 10:30 AM	11:55 AM - 12:45 PM	Normal Day
2027-07-23	Friday	Ashadha	Krishna Paksha	Trayodashi (up to 18:08)	Purva Phalguni	Vriddhi	Vishti	05:35 AM	07:15 PM	20:52 PM	08:28 AM	10:30 AM - 12:00 PM	03:00 PM - 04:30 PM	07:30 AM - 09:00 AM	11:55 AM - 12:45 PM	Pradosh Vrat
2027-07-24	Saturday	Ashadha	Krishna Paksha	Chaturdashi (up to 17:21)	Uttara Phalguni	Dhruva	Bava	05:35 AM	07:15 PM	21:09 PM	09:51 AM	09:00 AM - 10:30 AM	01:30 PM - 03:00 PM	06:00 AM - 07:30 AM	11:55 AM - 12:45 PM	Normal Day
2027-07-25	Sunday	Ashadha	Krishna Paksha	Purnima (up to 16:34)	Hasta	Vyaghat	Balava	05:35 AM	07:15 PM	22:26 PM	10:14 AM	04:30 PM - 06:00 PM	12:00 PM - 01:30 PM	03:00 PM - 04:30 PM	11:55 AM - 12:45 PM	Amavasya (Pitru Tarpan)
2027-07-26	Monday	Shravana	Shukla Paksha	Pratipada (up to 15:47)	Chitra	Harshan	Kaulava	05:35 AM	07:15 PM	06:43 AM	18:37 PM	07:30 AM - 09:00 AM	10:30 AM - 12:00 PM	01:30 PM - 03:00 PM	11:55 AM - 12:45 PM	Normal Day
2027-07-27	Tuesday	Shravana	Shukla Paksha	Dwitiya (up to 14:00)	Swati	Vajra	Taitila	05:35 AM	07:15 PM	07:00 AM	19:00 PM	03:00 PM - 04:30 PM	09:00 AM - 10:30 AM	12:00 PM - 01:30 PM	11:55 AM - 12:45 PM	Normal Day
2027-07-28	Wednesday	Shravana	Shukla Paksha	Tritiya (up to 21:13)	Vishakha	Siddhi	Garaja	05:35 AM	07:15 PM	08:17 AM	20:23 PM	12:00 PM - 01:30 PM	07:30 AM - 09:00 AM	10:30 AM - 12:00 PM	11:55 AM - 12:45 PM	Normal Day
2027-07-29	Thursday	Shravana	Shukla Paksha	Chaturthi (up to 20:26)	Anuradha	Vyatipat	Vanija	05:35 AM	07:15 PM	09:34 AM	21:46 PM	01:30 PM - 03:00 PM	06:00 AM - 07:30 AM	09:00 AM - 10:30 AM	11:55 AM - 12:45 PM	Normal Day
2027-07-30	Friday	Shravana	Shukla Paksha	Panchami (up to 19:39)	Jyeshtha	Variyan	Vishti	05:35 AM	07:15 PM	10:51 AM	22:09 PM	10:30 AM - 12:00 PM	03:00 PM - 04:30 PM	07:30 AM - 09:00 AM	11:55 AM - 12:45 PM	Nag Panchami
2027-07-31	Saturday	Shravana	Shukla Paksha	Shasthi (up to 18:52)	Mula	Parigha	Bava	05:35 AM	07:15 PM	12:08 PM	00:32 AM	09:00 AM - 10:30 AM	01:30 PM - 03:00 PM	06:00 AM - 07:30 AM	11:55 AM - 12:45 PM	Normal Day
2027-08-01	Sunday	Shravana	Shukla Paksha	Saptami (up to 17:05)	Purva Ashadha	Shiva	Balava	05:35 AM	07:15 PM	13:25 PM	01:55 AM	04:30 PM - 06:00 PM	12:00 PM - 01:30 PM	03:00 PM - 04:30 PM	11:55 AM - 12:45 PM	Normal Day
2027-08-02	Monday	Shravana	Shukla Paksha	Ashtami (up to 16:18)	Uttara Ashadha	Siddha	Kaulava	05:35 AM	07:15 PM	14:42 PM	02:18 AM	07:30 AM - 09:00 AM	10:30 AM - 12:00 PM	01:30 PM - 03:00 PM	11:55 AM - 12:45 PM	Normal Day
2027-08-03	Tuesday	Shravana	Shukla Paksha	Navami (up to 15:31)	Shravana	Sadhya	Taitila	05:35 AM	07:15 PM	15:59 PM	03:41 AM	03:00 PM - 04:30 PM	09:00 AM - 10:30 AM	12:00 PM - 01:30 PM	11:55 AM - 12:45 PM	Normal Day
2027-08-04	Wednesday	Shravana	Shukla Paksha	Dashami (up to 14:44)	Dhanishta	Shubha	Garaja	05:35 AM	07:15 PM	16:16 PM	04:04 AM	12:00 PM - 01:30 PM	07:30 AM - 09:00 AM	10:30 AM - 12:00 PM	11:55 AM - 12:45 PM	Normal Day
2027-08-05	Thursday	Shravana	Shukla Paksha	Ekadashi (up to 21:57)	Shatabhisha	Shukla	Vanija	05:35 AM	07:15 PM	18:33 PM	06:27 AM	01:30 PM - 03:00 PM	06:00 AM - 07:30 AM	09:00 AM - 10:30 AM	11:55 AM - 12:45 PM	Shravana Putrada Ekadashi Vrat
2027-08-06	Friday	Shravana	Shukla Paksha	Dwadashi (up to 20:10)	Purva Bhadrapada	Brahma	Vishti	05:35 AM	07:15 PM	19:50 PM	07:50 AM	10:30 AM - 12:00 PM	03:00 PM - 04:30 PM	07:30 AM - 09:00 AM	11:55 AM - 12:45 PM	Normal Day
2027-08-07	Saturday	Shravana	Shukla Paksha	Trayodashi (up to 19:23)	Uttara Bhadrapada	Indra	Bava	05:35 AM	07:15 PM	20:07 PM	08:13 AM	09:00 AM - 10:30 AM	01:30 PM - 03:00 PM	06:00 AM - 07:30 AM	11:55 AM - 12:45 PM	Pradosh Vrat
2027-08-08	Sunday	Shravana	Shukla Paksha	Chaturdashi (up to 18:36)	Revati	Vaidhriti	Balava	05:35 AM	07:15 PM	21:24 PM	09:36 AM	04:30 PM - 06:00 PM	12:00 PM - 01:30 PM	03:00 PM - 04:30 PM	11:55 AM - 12:45 PM	Normal Day
2027-08-09	Monday	Shravana	Shukla Paksha	Purnima (up to 17:49)	Ashwini	Vishkambha	Kaulava	05:35 AM	07:15 PM	22:41 PM	10:59 AM	07:30 AM - 09:00 AM	10:30 AM - 12:00 PM	01:30 PM - 03:00 PM	11:55 AM - 12:45 PM	Raksha Bandhan / Shravani Purnima
2027-08-10	Tuesday	Shravana	Krishna Paksha	Pratipada (up to 16:02)	Bharani	Priti	Taitila	05:35 AM	07:15 PM	06:58 AM	18:22 PM	03:00 PM - 04:30 PM	09:00 AM - 10:30 AM	12:00 PM - 01:30 PM	11:55 AM - 12:45 PM	Normal Day
2027-08-11	Wednesday	Shravana	Krishna Paksha	Dwitiya (up to 15:15)	Krittika	Ayushman	Garaja	05:35 AM	07:15 PM	07:15 AM	19:45 PM	12:00 PM - 01:30 PM	07:30 AM - 09:00 AM	10:30 AM - 12:00 PM	11:55 AM - 12:45 PM	Normal Day
2027-08-12	Thursday	Shravana	Krishna Paksha	Tritiya (up to 14:28)	Rohini	Saubhagya	Vanija	05:35 AM	07:15 PM	08:32 AM	20:08 PM	01:30 PM - 03:00 PM	06:00 AM - 07:30 AM	09:00 AM - 10:30 AM	11:55 AM - 12:45 PM	Normal Day
2027-08-13	Friday	Shravana	Krishna Paksha	Chaturthi (up to 21:41)	Mrigashira	Sobhana	Vishti	05:35 AM	07:15 PM	09:49 AM	21:31 PM	10:30 AM - 12:00 PM	03:00 PM - 04:30 PM	07:30 AM - 09:00 AM	11:55 AM - 12:45 PM	Sankashti Chaturthi Vrat
2027-08-14	Saturday	Shravana	Krishna Paksha	Panchami (up to 20:54)	Ardra	Atiganda	Bava	05:35 AM	07:15 PM	10:06 AM	22:54 PM	09:00 AM - 10:30 AM	01:30 PM - 03:00 PM	06:00 AM - 07:30 AM	11:55 AM - 12:45 PM	Normal Day
2027-08-15	Sunday	Shravana	Krishna Paksha	Shasthi (up to 19:07)	Punarvasu	Sukarma	Balava	05:35 AM	07:15 PM	12:23 PM	00:17 AM	04:30 PM - 06:00 PM	12:00 PM - 01:30 PM	03:00 PM - 04:30 PM	11:55 AM - 12:45 PM	Independence Day
2027-08-16	Monday	Shravana	Krishna Paksha	Saptami (up to 18:20)	Pushya	Dhriti	Kaulava	05:35 AM	07:15 PM	13:40 PM	01:40 AM	07:30 AM - 09:00 AM	10:30 AM - 12:00 PM	01:30 PM - 03:00 PM	11:55 AM - 12:45 PM	Normal Day
2027-08-17	Tuesday	Shravana	Krishna Paksha	Ashtami (up to 17:33)	Ashlesha	Shool	Taitila	05:35 AM	07:15 PM	14:57 PM	02:03 AM	03:00 PM - 04:30 PM	09:00 AM - 10:30 AM	12:00 PM - 01:30 PM	11:55 AM - 12:45 PM	Normal Day
2027-08-18	Wednesday	Shravana	Krishna Paksha	Navami (up to 16:46)	Magha	Ganda	Garaja	05:35 AM	07:15 PM	15:14 PM	03:26 AM	12:00 PM - 01:30 PM	07:30 AM - 09:00 AM	10:30 AM - 12:00 PM	11:55 AM - 12:45 PM	Normal Day
2027-08-19	Thursday	Shravana	Krishna Paksha	Dashami (up to 15:59)	Purva Phalguni	Vriddhi	Vanija	05:35 AM	07:15 PM	16:31 PM	04:49 AM	01:30 PM - 03:00 PM	06:00 AM - 07:30 AM	09:00 AM - 10:30 AM	11:55 AM - 12:45 PM	Normal Day
2027-08-20	Friday	Shravana	Krishna Paksha	Ekadashi (up to 14:12)	Uttara Phalguni	Dhruva	Vishti	05:35 AM	07:15 PM	18:48 PM	06:12 AM	10:30 AM - 12:00 PM	03:00 PM - 04:30 PM	07:30 AM - 09:00 AM	11:55 AM - 12:45 PM	Kamika Ekadashi Vrat
2027-08-21	Saturday	Shravana	Krishna Paksha	Dwadashi (up to 21:25)	Hasta	Vyaghat	Bava	05:35 AM	07:15 PM	19:05 PM	07:35 AM	09:00 AM - 10:30 AM	01:30 PM - 03:00 PM	06:00 AM - 07:30 AM	11:55 AM - 12:45 PM	Normal Day
2027-08-22	Sunday	Shravana	Krishna Paksha	Trayodashi (up to 20:38)	Chitra	Harshan	Balava	05:35 AM	07:15 PM	20:22 PM	08:58 AM	04:30 PM - 06:00 PM	12:00 PM - 01:30 PM	03:00 PM - 04:30 PM	11:55 AM - 12:45 PM	Pradosh Vrat
2027-08-23	Monday	Shravana	Krishna Paksha	Chaturdashi (up to 19:51)	Swati	Vajra	Kaulava	05:35 AM	07:15 PM	21:39 PM	09:21 AM	07:30 AM - 09:00 AM	10:30 AM - 12:00 PM	01:30 PM - 03:00 PM	11:55 AM - 12:45 PM	Normal Day
2027-08-24	Tuesday	Shravana	Krishna Paksha	Purnima (up to 18:04)	Vishakha	Siddhi	Taitila	05:35 AM	07:15 PM	22:56 PM	10:44 AM	03:00 PM - 04:30 PM	09:00 AM - 10:30 AM	12:00 PM - 01:30 PM	11:55 AM - 12:45 PM	Amavasya (Pitru Tarpan)
2027-08-25	Wednesday	Bhadrapada	Shukla Paksha	Pratipada (up to 17:17)	Anuradha	Vyatipat	Garaja	05:35 AM	07:15 PM	06:13 AM	18:07 PM	12:00 PM - 01:30 PM	07:30 AM - 09:00 AM	10:30 AM - 12:00 PM	11:55 AM - 12:45 PM	Normal Day
2027-08-26	Thursday	Bhadrapada	Shukla Paksha	Dwitiya (up to 16:30)	Jyeshtha	Variyan	Vanija	05:35 AM	07:15 PM	07:30 AM	19:30 PM	01:30 PM - 03:00 PM	06:00 AM - 07:30 AM	09:00 AM - 10:30 AM	11:55 AM - 12:45 PM	Normal Day
2027-08-27	Friday	Bhadrapada	Shukla Paksha	Tritiya (up to 15:43)	Mula	Parigha	Vishti	05:35 AM	07:15 PM	08:47 AM	20:53 PM	10:30 AM - 12:00 PM	03:00 PM - 04:30 PM	07:30 AM - 09:00 AM	11:55 AM - 12:45 PM	Normal Day
2027-08-28	Saturday	Bhadrapada	Shukla Paksha	Chaturthi (up to 14:56)	Purva Ashadha	Shiva	Bava	05:35 AM	07:15 PM	09:04 AM	21:16 PM	09:00 AM - 10:30 AM	01:30 PM - 03:00 PM	06:00 AM - 07:30 AM	11:55 AM - 12:45 PM	Ganesh Chaturthi / Haritalika Teej
2027-08-29	Sunday	Bhadrapada	Shukla Paksha	Panchami (up to 21:09)	Uttara Ashadha	Siddha	Balava	05:35 AM	07:15 PM	10:21 AM	22:39 PM	04:30 PM - 06:00 PM	12:00 PM - 01:30 PM	03:00 PM - 04:30 PM	11:55 AM - 12:45 PM	Normal Day
2027-08-30	Monday	Bhadrapada	Shukla Paksha	Shasthi (up to 20:22)	Shravana	Sadhya	Kaulava	05:35 AM	07:15 PM	12:38 PM	00:02 AM	07:30 AM - 09:00 AM	10:30 AM - 12:00 PM	01:30 PM - 03:00 PM	11:55 AM - 12:45 PM	Normal Day
2027-08-31	Tuesday	Bhadrapada	Shukla Paksha	Saptami (up to 19:35)	Dhanishta	Shubha	Taitila	05:35 AM	07:15 PM	13:55 PM	01:25 AM	03:00 PM - 04:30 PM	09:00 AM - 10:30 AM	12:00 PM - 01:30 PM	11:55 AM - 12:45 PM	Normal Day
2027-09-01	Wednesday	Bhadrapada	Shukla Paksha	Ashtami (up to 18:48)	Shatabhisha	Shukla	Garaja	05:35 AM	07:15 PM	14:12 PM	02:48 AM	12:00 PM - 01:30 PM	07:30 AM - 09:00 AM	10:30 AM - 12:00 PM	11:55 AM - 12:45 PM	Normal Day
2027-09-02	Thursday	Bhadrapada	Shukla Paksha	Navami (up to 17:01)	Purva Bhadrapada	Brahma	Vanija	05:35 AM	07:15 PM	15:29 PM	03:11 AM	01:30 PM - 03:00 PM	06:00 AM - 07:30 AM	09:00 AM - 10:30 AM	11:55 AM - 12:45 PM	Normal Day
2027-09-03	Friday	Bhadrapada	Shukla Paksha	Dashami (up to 16:14)	Uttara Bhadrapada	Indra	Vishti	05:35 AM	07:15 PM	16:46 PM	04:34 AM	10:30 AM - 12:00 PM	03:00 PM - 04:30 PM	07:30 AM - 09:00 AM	11:55 AM - 12:45 PM	Normal Day
2027-09-04	Saturday	Bhadrapada	Shukla Paksha	Ekadashi (up to 15:27)	Revati	Vaidhriti	Bava	05:35 AM	07:15 PM	18:03 PM	06:57 AM	09:00 AM - 10:30 AM	01:30 PM - 03:00 PM	06:00 AM - 07:30 AM	11:55 AM - 12:45 PM	Parivartini Ekadashi Vrat
2027-09-05	Sunday	Bhadrapada	Shukla Paksha	Dwadashi (up to 14:40)	Ashwini	Vishkambha	Balava	05:35 AM	07:15 PM	19:20 PM	07:20 AM	04:30 PM - 06:00 PM	12:00 PM - 01:30 PM	03:00 PM - 04:30 PM	11:55 AM - 12:45 PM	Normal Day
2027-09-06	Monday	Bhadrapada	Shukla Paksha	Trayodashi (up to 21:53)	Bharani	Priti	Kaulava	05:35 AM	07:15 PM	20:37 PM	08:43 AM	07:30 AM - 09:00 AM	10:30 AM - 12:00 PM	01:30 PM - 03:00 PM	11:55 AM - 12:45 PM	Pradosh Vrat
2027-09-07	Tuesday	Bhadrapada	Shukla Paksha	Chaturdashi (up to 20:06)	Krittika	Ayushman	Taitila	05:35 AM	07:15 PM	21:54 PM	09:06 AM	03:00 PM - 04:30 PM	09:00 AM - 10:30 AM	12:00 PM - 01:30 PM	11:55 AM - 12:45 PM	Anant Chaturdashi
2027-09-08	Wednesday	Bhadrapada	Shukla Paksha	Purnima (up to 19:19)	Rohini	Saubhagya	Garaja	05:35 AM	07:15 PM	22:11 PM	10:29 AM	12:00 PM - 01:30 PM	07:30 AM - 09:00 AM	10:30 AM - 12:00 PM	11:55 AM - 12:45 PM	Purnima Vrat & Satyanarayan Puja
2027-09-09	Thursday	Bhadrapada	Krishna Paksha	Pratipada (up to 18:32)	Mrigashira	Sobhana	Vanija	05:35 AM	07:15 PM	06:28 AM	18:52 PM	01:30 PM - 03:00 PM	06:00 AM - 07:30 AM	09:00 AM - 10:30 AM	11:55 AM - 12:45 PM	Normal Day
2027-09-10	Friday	Bhadrapada	Krishna Paksha	Dwitiya (up to 17:45)	Ardra	Atiganda	Vishti	05:35 AM	07:15 PM	07:45 AM	19:15 PM	10:30 AM - 12:00 PM	03:00 PM - 04:30 PM	07:30 AM - 09:00 AM	11:55 AM - 12:45 PM	Normal Day
2027-09-11	Saturday	Bhadrapada	Krishna Paksha	Tritiya (up to 16:58)	Punarvasu	Sukarma	Bava	05:35 AM	07:15 PM	08:02 AM	20:38 PM	09:00 AM - 10:30 AM	01:30 PM - 03:00 PM	06:00 AM - 07:30 AM	11:55 AM - 12:45 PM	Normal Day
2027-09-12	Sunday	Bhadrapada	Krishna Paksha	Chaturthi (up to 15:11)	Pushya	Dhriti	Balava	05:35 AM	07:15 PM	09:19 AM	21:01 PM	04:30 PM - 06:00 PM	12:00 PM - 01:30 PM	03:00 PM - 04:30 PM	11:55 AM - 12:45 PM	Sankashti Chaturthi Vrat
2027-09-13	Monday	Bhadrapada	Krishna Paksha	Panchami (up to 14:24)	Ashlesha	Shool	Kaulava	05:35 AM	07:15 PM	10:36 AM	22:24 PM	07:30 AM - 09:00 AM	10:30 AM - 12:00 PM	01:30 PM - 03:00 PM	11:55 AM - 12:45 PM	Normal Day
2027-09-14	Tuesday	Bhadrapada	Krishna Paksha	Shasthi (up to 21:37)	Magha	Ganda	Taitila	05:35 AM	07:15 PM	12:53 PM	00:47 AM	03:00 PM - 04:30 PM	09:00 AM - 10:30 AM	12:00 PM - 01:30 PM	11:55 AM - 12:45 PM	Normal Day
2027-09-15	Wednesday	Bhadrapada	Krishna Paksha	Saptami (up to 20:50)	Purva Phalguni	Vriddhi	Garaja	05:35 AM	07:15 PM	13:10 PM	01:10 AM	12:00 PM - 01:30 PM	07:30 AM - 09:00 AM	10:30 AM - 12:00 PM	11:55 AM - 12:45 PM	Normal Day
2027-09-16	Thursday	Bhadrapada	Krishna Paksha	Ashtami (up to 19:03)	Uttara Phalguni	Dhruva	Vanija	05:35 AM	07:15 PM	14:27 PM	02:33 AM	01:30 PM - 03:00 PM	06:00 AM - 07:30 AM	09:00 AM - 10:30 AM	11:55 AM - 12:45 PM	Shri Krishna Janmashtami
2027-09-17	Friday	Bhadrapada	Krishna Paksha	Navami (up to 18:16)	Hasta	Vyaghat	Vishti	05:35 AM	07:15 PM	15:44 PM	03:56 AM	10:30 AM - 12:00 PM	03:00 PM - 04:30 PM	07:30 AM - 09:00 AM	11:55 AM - 12:45 PM	Normal Day
2027-09-18	Saturday	Bhadrapada	Krishna Paksha	Dashami (up to 17:29)	Chitra	Harshan	Bava	05:35 AM	07:15 PM	16:01 PM	04:19 AM	09:00 AM - 10:30 AM	01:30 PM - 03:00 PM	06:00 AM - 07:30 AM	11:55 AM - 12:45 PM	Normal Day
2027-09-19	Sunday	Bhadrapada	Krishna Paksha	Ekadashi (up to 16:42)	Swati	Vajra	Balava	05:35 AM	07:15 PM	18:18 PM	06:42 AM	04:30 PM - 06:00 PM	12:00 PM - 01:30 PM	03:00 PM - 04:30 PM	11:55 AM - 12:45 PM	Aja Ekadashi Vrat
2027-09-20	Monday	Bhadrapada	Krishna Paksha	Dwadashi (up to 15:55)	Vishakha	Siddhi	Kaulava	05:35 AM	07:15 PM	19:35 PM	07:05 AM	07:30 AM - 09:00 AM	10:30 AM - 12:00 PM	01:30 PM - 03:00 PM	11:55 AM - 12:45 PM	Normal Day
2027-09-21	Tuesday	Bhadrapada	Krishna Paksha	Trayodashi (up to 14:08)	Anuradha	Vyatipat	Taitila	05:35 AM	07:15 PM	20:52 PM	08:28 AM	03:00 PM - 04:30 PM	09:00 AM - 10:30 AM	12:00 PM - 01:30 PM	11:55 AM - 12:45 PM	Pradosh Vrat
2027-09-22	Wednesday	Bhadrapada	Krishna Paksha	Chaturdashi (up to 21:21)	Jyeshtha	Variyan	Garaja	05:35 AM	07:15 PM	21:09 PM	09:51 AM	12:00 PM - 01:30 PM	07:30 AM - 09:00 AM	10:30 AM - 12:00 PM	11:55 AM - 12:45 PM	Normal Day
2027-09-23	Thursday	Bhadrapada	Krishna Paksha	Purnima (up to 20:34)	Mula	Parigha	Vanija	05:35 AM	07:15 PM	22:26 PM	10:14 AM	01:30 PM - 03:00 PM	06:00 AM - 07:30 AM	09:00 AM - 10:30 AM	11:55 AM - 12:45 PM	Amavasya (Pitru Tarpan)
2027-09-24	Friday	Ashvina	Shukla Paksha	Pratipada (up to 19:47)	Purva Ashadha	Shiva	Vishti	05:35 AM	07:15 PM	06:43 AM	18:37 PM	10:30 AM - 12:00 PM	03:00 PM - 04:30 PM	07:30 AM - 09:00 AM	11:55 AM - 12:45 PM	Sharad Navratri Ghatasthapana
2027-09-25	Saturday	Ashvina	Shukla Paksha	Dwitiya (up to 18:00)	Uttara Ashadha	Siddha	Bava	05:35 AM	07:15 PM	07:00 AM	19:00 PM	09:00 AM - 10:30 AM	01:30 PM - 03:00 PM	06:00 AM - 07:30 AM	11:55 AM - 12:45 PM	Normal Day
2027-09-26	Sunday	Ashvina	Shukla Paksha	Tritiya (up to 17:13)	Shravana	Sadhya	Balava	05:35 AM	07:15 PM	08:17 AM	20:23 PM	04:30 PM - 06:00 PM	12:00 PM - 01:30 PM	03:00 PM - 04:30 PM	11:55 AM - 12:45 PM	Normal Day
2027-09-27	Monday	Ashvina	Shukla Paksha	Chaturthi (up to 16:26)	Dhanishta	Shubha	Kaulava	05:35 AM	07:15 PM	09:34 AM	21:46 PM	07:30 AM - 09:00 AM	10:30 AM - 12:00 PM	01:30 PM - 03:00 PM	11:55 AM - 12:45 PM	Normal Day
2027-09-28	Tuesday	Ashvina	Shukla Paksha	Panchami (up to 15:39)	Shatabhisha	Shukla	Taitila	05:35 AM	07:15 PM	10:51 AM	22:09 PM	03:00 PM - 04:30 PM	09:00 AM - 10:30 AM	12:00 PM - 01:30 PM	11:55 AM - 12:45 PM	Normal Day
2027-09-29	Wednesday	Ashvina	Shukla Paksha	Shasthi (up to 14:52)	Purva Bhadrapada	Brahma	Garaja	05:35 AM	07:15 PM	12:08 PM	00:32 AM	12:00 PM - 01:30 PM	07:30 AM - 09:00 AM	10:30 AM - 12:00 PM	11:55 AM - 12:45 PM	Normal Day
2027-09-30	Thursday	Ashvina	Shukla Paksha	Saptami (up to 21:05)	Uttara Bhadrapada	Indra	Vanija	05:35 AM	07:15 PM	13:25 PM	01:55 AM	01:30 PM - 03:00 PM	06:00 AM - 07:30 AM	09:00 AM - 10:30 AM	11:55 AM - 12:45 PM	Normal Day
2027-10-01	Friday	Ashvina	Shukla Paksha	Ashtami (up to 20:18)	Revati	Vaidhriti	Vishti	05:42 AM	07:12 PM	14:42 PM	02:18 AM	10:30 AM - 12:00 PM	03:00 PM - 04:30 PM	07:30 AM - 09:00 AM	11:55 AM - 12:45 PM	Maha Durgashtami
2027-10-02	Saturday	Ashvina	Shukla Paksha	Navami (up to 19:31)	Ashwini	Vishkambha	Bava	05:42 AM	07:12 PM	15:59 PM	03:41 AM	09:00 AM - 10:30 AM	01:30 PM - 03:00 PM	06:00 AM - 07:30 AM	11:55 AM - 12:45 PM	Maha Navami / Kanya Pujan
2027-10-03	Sunday	Ashvina	Shukla Paksha	Dashami (up to 18:44)	Bharani	Priti	Balava	05:42 AM	07:12 PM	16:16 PM	04:04 AM	04:30 PM - 06:00 PM	12:00 PM - 01:30 PM	03:00 PM - 04:30 PM	11:55 AM - 12:45 PM	Dussehra / Vijayadashami
2027-10-04	Monday	Ashvina	Shukla Paksha	Ekadashi (up to 17:57)	Krittika	Ayushman	Kaulava	05:42 AM	07:12 PM	18:33 PM	06:27 AM	07:30 AM - 09:00 AM	10:30 AM - 12:00 PM	01:30 PM - 03:00 PM	11:55 AM - 12:45 PM	Papankusha Ekadashi Vrat
2027-10-05	Tuesday	Ashvina	Shukla Paksha	Dwadashi (up to 16:10)	Rohini	Saubhagya	Taitila	05:42 AM	07:12 PM	19:50 PM	07:50 AM	03:00 PM - 04:30 PM	09:00 AM - 10:30 AM	12:00 PM - 01:30 PM	11:55 AM - 12:45 PM	Normal Day
2027-10-06	Wednesday	Ashvina	Shukla Paksha	Trayodashi (up to 15:23)	Mrigashira	Sobhana	Garaja	05:42 AM	07:12 PM	20:07 PM	08:13 AM	12:00 PM - 01:30 PM	07:30 AM - 09:00 AM	10:30 AM - 12:00 PM	11:55 AM - 12:45 PM	Pradosh Vrat
2027-10-07	Thursday	Ashvina	Shukla Paksha	Chaturdashi (up to 14:36)	Ardra	Atiganda	Vanija	05:42 AM	07:12 PM	21:24 PM	09:36 AM	01:30 PM - 03:00 PM	06:00 AM - 07:30 AM	09:00 AM - 10:30 AM	11:55 AM - 12:45 PM	Normal Day
2027-10-08	Friday	Ashvina	Shukla Paksha	Purnima (up to 21:49)	Punarvasu	Sukarma	Vishti	05:42 AM	07:12 PM	22:41 PM	10:59 AM	10:30 AM - 12:00 PM	03:00 PM - 04:30 PM	07:30 AM - 09:00 AM	11:55 AM - 12:45 PM	Purnima Vrat & Satyanarayan Puja
2027-10-09	Saturday	Ashvina	Krishna Paksha	Pratipada (up to 20:02)	Pushya	Dhriti	Bava	05:42 AM	07:12 PM	06:58 AM	18:22 PM	09:00 AM - 10:30 AM	01:30 PM - 03:00 PM	06:00 AM - 07:30 AM	11:55 AM - 12:45 PM	Normal Day
2027-10-10	Sunday	Ashvina	Krishna Paksha	Dwitiya (up to 19:15)	Ashlesha	Shool	Balava	05:42 AM	07:12 PM	07:15 AM	19:45 PM	04:30 PM - 06:00 PM	12:00 PM - 01:30 PM	03:00 PM - 04:30 PM	11:55 AM - 12:45 PM	Normal Day
2027-10-11	Monday	Ashvina	Krishna Paksha	Tritiya (up to 18:28)	Magha	Ganda	Kaulava	05:42 AM	07:12 PM	08:32 AM	20:08 PM	07:30 AM - 09:00 AM	10:30 AM - 12:00 PM	01:30 PM - 03:00 PM	11:55 AM - 12:45 PM	Normal Day
2027-10-12	Tuesday	Ashvina	Krishna Paksha	Chaturthi (up to 17:41)	Purva Phalguni	Vriddhi	Taitila	05:42 AM	07:12 PM	09:49 AM	21:31 PM	03:00 PM - 04:30 PM	09:00 AM - 10:30 AM	12:00 PM - 01:30 PM	11:55 AM - 12:45 PM	Sankashti Chaturthi Vrat
2027-10-13	Wednesday	Ashvina	Krishna Paksha	Panchami (up to 16:54)	Uttara Phalguni	Dhruva	Garaja	05:42 AM	07:12 PM	10:06 AM	22:54 PM	12:00 PM - 01:30 PM	07:30 AM - 09:00 AM	10:30 AM - 12:00 PM	11:55 AM - 12:45 PM	Normal Day
2027-10-14	Thursday	Ashvina	Krishna Paksha	Shasthi (up to 15:07)	Hasta	Vyaghat	Vanija	05:42 AM	07:12 PM	12:23 PM	00:17 AM	01:30 PM - 03:00 PM	06:00 AM - 07:30 AM	09:00 AM - 10:30 AM	11:55 AM - 12:45 PM	Normal Day
2027-10-15	Friday	Ashvina	Krishna Paksha	Saptami (up to 14:20)	Chitra	Harshan	Vishti	05:42 AM	07:12 PM	13:40 PM	01:40 AM	10:30 AM - 12:00 PM	03:00 PM - 04:30 PM	07:30 AM - 09:00 AM	11:55 AM - 12:45 PM	Normal Day
2027-10-16	Saturday	Ashvina	Krishna Paksha	Ashtami (up to 21:33)	Swati	Vajra	Bava	05:42 AM	07:12 PM	14:57 PM	02:03 AM	09:00 AM - 10:30 AM	01:30 PM - 03:00 PM	06:00 AM - 07:30 AM	11:55 AM - 12:45 PM	Normal Day
2027-10-17	Sunday	Ashvina	Krishna Paksha	Navami (up to 20:46)	Vishakha	Siddhi	Balava	05:42 AM	07:12 PM	15:14 PM	03:26 AM	04:30 PM - 06:00 PM	12:00 PM - 01:30 PM	03:00 PM - 04:30 PM	11:55 AM - 12:45 PM	Normal Day
2027-10-18	Monday	Ashvina	Krishna Paksha	Dashami (up to 19:59)	Anuradha	Vyatipat	Kaulava	05:42 AM	07:12 PM	16:31 PM	04:49 AM	07:30 AM - 09:00 AM	10:30 AM - 12:00 PM	01:30 PM - 03:00 PM	11:55 AM - 12:45 PM	Normal Day
2027-10-19	Tuesday	Ashvina	Krishna Paksha	Ekadashi (up to 18:12)	Jyeshtha	Variyan	Taitila	05:42 AM	07:12 PM	18:48 PM	06:12 AM	03:00 PM - 04:30 PM	09:00 AM - 10:30 AM	12:00 PM - 01:30 PM	11:55 AM - 12:45 PM	Indira Ekadashi Vrat
2027-10-20	Wednesday	Ashvina	Krishna Paksha	Dwadashi (up to 17:25)	Mula	Parigha	Garaja	05:42 AM	07:12 PM	19:05 PM	07:35 AM	12:00 PM - 01:30 PM	07:30 AM - 09:00 AM	10:30 AM - 12:00 PM	11:55 AM - 12:45 PM	Normal Day
2027-10-21	Thursday	Ashvina	Krishna Paksha	Trayodashi (up to 16:38)	Purva Ashadha	Shiva	Vanija	05:42 AM	07:12 PM	20:22 PM	08:58 AM	01:30 PM - 03:00 PM	06:00 AM - 07:30 AM	09:00 AM - 10:30 AM	11:55 AM - 12:45 PM	Pradosh Vrat
2027-10-22	Friday	Ashvina	Krishna Paksha	Chaturdashi (up to 15:51)	Uttara Ashadha	Siddha	Vishti	05:42 AM	07:12 PM	21:39 PM	09:21 AM	10:30 AM - 12:00 PM	03:00 PM - 04:30 PM	07:30 AM - 09:00 AM	11:55 AM - 12:45 PM	Normal Day
2027-10-23	Saturday	Ashvina	Krishna Paksha	Purnima (up to 14:04)	Shravana	Sadhya	Bava	05:42 AM	07:12 PM	22:56 PM	10:44 AM	09:00 AM - 10:30 AM	01:30 PM - 03:00 PM	06:00 AM - 07:30 AM	11:55 AM - 12:45 PM	Amavasya (Pitru Tarpan)
2027-10-24	Sunday	Kartika	Shukla Paksha	Pratipada (up to 21:17)	Dhanishta	Shubha	Balava	05:42 AM	07:12 PM	06:13 AM	18:07 PM	04:30 PM - 06:00 PM	12:00 PM - 01:30 PM	03:00 PM - 04:30 PM	11:55 AM - 12:45 PM	Govardhan Puja / Annakut
2027-10-25	Monday	Kartika	Shukla Paksha	Dwitiya (up to 20:30)	Shatabhisha	Shukla	Kaulava	05:42 AM	07:12 PM	07:30 AM	19:30 PM	07:30 AM - 09:00 AM	10:30 AM - 12:00 PM	01:30 PM - 03:00 PM	11:55 AM - 12:45 PM	Bhai Dooj / Yama Dwitiya
2027-10-26	Tuesday	Kartika	Shukla Paksha	Tritiya (up to 19:43)	Purva Bhadrapada	Brahma	Taitila	05:42 AM	07:12 PM	08:47 AM	20:53 PM	03:00 PM - 04:30 PM	09:00 AM - 10:30 AM	12:00 PM - 01:30 PM	11:55 AM - 12:45 PM	Normal Day
2027-10-27	Wednesday	Kartika	Shukla Paksha	Chaturthi (up to 18:56)	Uttara Bhadrapada	Indra	Garaja	05:42 AM	07:12 PM	09:04 AM	21:16 PM	12:00 PM - 01:30 PM	07:30 AM - 09:00 AM	10:30 AM - 12:00 PM	11:55 AM - 12:45 PM	Normal Day
2027-10-28	Thursday	Kartika	Shukla Paksha	Panchami (up to 17:09)	Revati	Vaidhriti	Vanija	05:42 AM	07:12 PM	10:21 AM	22:39 PM	01:30 PM - 03:00 PM	06:00 AM - 07:30 AM	09:00 AM - 10:30 AM	11:55 AM - 12:45 PM	Normal Day
2027-10-29	Friday	Kartika	Shukla Paksha	Shasthi (up to 16:22)	Ashwini	Vishkambha	Vishti	05:42 AM	07:12 PM	12:38 PM	00:02 AM	10:30 AM - 12:00 PM	03:00 PM - 04:30 PM	07:30 AM - 09:00 AM	11:55 AM - 12:45 PM	Chhath Puja (Surya Sashthi)
2027-10-30	Saturday	Kartika	Shukla Paksha	Saptami (up to 15:35)	Bharani	Priti	Bava	05:42 AM	07:12 PM	13:55 PM	01:25 AM	09:00 AM - 10:30 AM	01:30 PM - 03:00 PM	06:00 AM - 07:30 AM	11:55 AM - 12:45 PM	Normal Day
2027-10-31	Sunday	Kartika	Shukla Paksha	Ashtami (up to 14:48)	Krittika	Ayushman	Balava	05:42 AM	07:12 PM	14:12 PM	02:48 AM	04:30 PM - 06:00 PM	12:00 PM - 01:30 PM	03:00 PM - 04:30 PM	11:55 AM - 12:45 PM	Normal Day
2027-11-01	Monday	Kartika	Shukla Paksha	Navami (up to 21:01)	Rohini	Saubhagya	Kaulava	06:45 AM	05:35 PM	15:29 PM	03:11 AM	07:30 AM - 09:00 AM	10:30 AM - 12:00 PM	01:30 PM - 03:00 PM	11:55 AM - 12:45 PM	Normal Day
2027-11-02	Tuesday	Kartika	Shukla Paksha	Dashami (up to 20:14)	Mrigashira	Sobhana	Taitila	06:45 AM	05:35 PM	16:46 PM	04:34 AM	03:00 PM - 04:30 PM	09:00 AM - 10:30 AM	12:00 PM - 01:30 PM	11:55 AM - 12:45 PM	Normal Day
2027-11-03	Wednesday	Kartika	Shukla Paksha	Ekadashi (up to 19:27)	Ardra	Atiganda	Garaja	06:45 AM	05:35 PM	18:03 PM	06:57 AM	12:00 PM - 01:30 PM	07:30 AM - 09:00 AM	10:30 AM - 12:00 PM	11:55 AM - 12:45 PM	Dev Uthani / Prabodhini Ekadashi
2027-11-04	Thursday	Kartika	Shukla Paksha	Dwadashi (up to 18:40)	Punarvasu	Sukarma	Vanija	06:45 AM	05:35 PM	19:20 PM	07:20 AM	01:30 PM - 03:00 PM	06:00 AM - 07:30 AM	09:00 AM - 10:30 AM	11:55 AM - 12:45 PM	Tulsi Vivah / Devotthan
2027-11-05	Friday	Kartika	Shukla Paksha	Trayodashi (up to 17:53)	Pushya	Dhriti	Vishti	06:45 AM	05:35 PM	20:37 PM	08:43 AM	10:30 AM - 12:00 PM	03:00 PM - 04:30 PM	07:30 AM - 09:00 AM	11:55 AM - 12:45 PM	Pradosh Vrat
2027-11-06	Saturday	Kartika	Shukla Paksha	Chaturdashi (up to 16:06)	Ashlesha	Shool	Bava	06:45 AM	05:35 PM	21:54 PM	09:06 AM	09:00 AM - 10:30 AM	01:30 PM - 03:00 PM	06:00 AM - 07:30 AM	11:55 AM - 12:45 PM	Normal Day
2027-11-07	Sunday	Kartika	Shukla Paksha	Purnima (up to 15:19)	Magha	Ganda	Balava	06:45 AM	05:35 PM	22:11 PM	10:29 AM	04:30 PM - 06:00 PM	12:00 PM - 01:30 PM	03:00 PM - 04:30 PM	11:55 AM - 12:45 PM	Purnima Vrat & Satyanarayan Puja
2027-11-08	Monday	Kartika	Krishna Paksha	Pratipada (up to 14:32)	Purva Phalguni	Vriddhi	Kaulava	06:45 AM	05:35 PM	06:28 AM	18:52 PM	07:30 AM - 09:00 AM	10:30 AM - 12:00 PM	01:30 PM - 03:00 PM	11:55 AM - 12:45 PM	Normal Day
2027-11-09	Tuesday	Kartika	Krishna Paksha	Dwitiya (up to 21:45)	Uttara Phalguni	Dhruva	Taitila	06:45 AM	05:35 PM	07:45 AM	19:15 PM	03:00 PM - 04:30 PM	09:00 AM - 10:30 AM	12:00 PM - 01:30 PM	11:55 AM - 12:45 PM	Normal Day
2027-11-10	Wednesday	Kartika	Krishna Paksha	Tritiya (up to 20:58)	Hasta	Vyaghat	Garaja	06:45 AM	05:35 PM	08:02 AM	20:38 PM	12:00 PM - 01:30 PM	07:30 AM - 09:00 AM	10:30 AM - 12:00 PM	11:55 AM - 12:45 PM	Normal Day
2027-11-11	Thursday	Kartika	Krishna Paksha	Chaturthi (up to 19:11)	Chitra	Harshan	Vanija	06:45 AM	05:35 PM	09:19 AM	21:01 PM	01:30 PM - 03:00 PM	06:00 AM - 07:30 AM	09:00 AM - 10:30 AM	11:55 AM - 12:45 PM	Karwa Chauth Vrat
2027-11-12	Friday	Kartika	Krishna Paksha	Panchami (up to 18:24)	Swati	Vajra	Vishti	06:45 AM	05:35 PM	10:36 AM	22:24 PM	10:30 AM - 12:00 PM	03:00 PM - 04:30 PM	07:30 AM - 09:00 AM	11:55 AM - 12:45 PM	Normal Day
2027-11-13	Saturday	Kartika	Krishna Paksha	Shasthi (up to 17:37)	Vishakha	Siddhi	Bava	06:45 AM	05:35 PM	12:53 PM	00:47 AM	09:00 AM - 10:30 AM	01:30 PM - 03:00 PM	06:00 AM - 07:30 AM	11:55 AM - 12:45 PM	Normal Day
2027-11-14	Sunday	Kartika	Krishna Paksha	Saptami (up to 16:50)	Anuradha	Vyatipat	Balava	06:45 AM	05:35 PM	13:10 PM	01:10 AM	04:30 PM - 06:00 PM	12:00 PM - 01:30 PM	03:00 PM - 04:30 PM	11:55 AM - 12:45 PM	Normal Day
2027-11-15	Monday	Kartika	Krishna Paksha	Ashtami (up to 15:03)	Jyeshtha	Variyan	Kaulava	06:45 AM	05:35 PM	14:27 PM	02:33 AM	07:30 AM - 09:00 AM	10:30 AM - 12:00 PM	01:30 PM - 03:00 PM	11:55 AM - 12:45 PM	Normal Day
2027-11-16	Tuesday	Kartika	Krishna Paksha	Navami (up to 14:16)	Mula	Parigha	Taitila	06:45 AM	05:35 PM	15:44 PM	03:56 AM	03:00 PM - 04:30 PM	09:00 AM - 10:30 AM	12:00 PM - 01:30 PM	11:55 AM - 12:45 PM	Normal Day
2027-11-17	Wednesday	Kartika	Krishna Paksha	Dashami (up to 21:29)	Purva Ashadha	Shiva	Garaja	06:45 AM	05:35 PM	16:01 PM	04:19 AM	12:00 PM - 01:30 PM	07:30 AM - 09:00 AM	10:30 AM - 12:00 PM	11:55 AM - 12:45 PM	Normal Day
2027-11-18	Thursday	Kartika	Krishna Paksha	Ekadashi (up to 20:42)	Uttara Ashadha	Siddha	Vanija	06:45 AM	05:35 PM	18:18 PM	06:42 AM	01:30 PM - 03:00 PM	06:00 AM - 07:30 AM	09:00 AM - 10:30 AM	11:55 AM - 12:45 PM	Rama Ekadashi Vrat
2027-11-19	Friday	Kartika	Krishna Paksha	Dwadashi (up to 19:55)	Shravana	Sadhya	Vishti	06:45 AM	05:35 PM	19:35 PM	07:05 AM	10:30 AM - 12:00 PM	03:00 PM - 04:30 PM	07:30 AM - 09:00 AM	11:55 AM - 12:45 PM	Normal Day
2027-11-20	Saturday	Kartika	Krishna Paksha	Trayodashi (up to 18:08)	Dhanishta	Shubha	Bava	06:45 AM	05:35 PM	20:52 PM	08:28 AM	09:00 AM - 10:30 AM	01:30 PM - 03:00 PM	06:00 AM - 07:30 AM	11:55 AM - 12:45 PM	Dhanteras / Dhanvantari Jayanti
2027-11-21	Sunday	Kartika	Krishna Paksha	Chaturdashi (up to 17:21)	Shatabhisha	Shukla	Balava	06:45 AM	05:35 PM	21:09 PM	09:51 AM	04:30 PM - 06:00 PM	12:00 PM - 01:30 PM	03:00 PM - 04:30 PM	11:55 AM - 12:45 PM	Chhoti Diwali / Narak Chaturdashi
2027-11-22	Monday	Kartika	Krishna Paksha	Purnima (up to 16:34)	Purva Bhadrapada	Brahma	Kaulava	06:45 AM	05:35 PM	22:26 PM	10:14 AM	07:30 AM - 09:00 AM	10:30 AM - 12:00 PM	01:30 PM - 03:00 PM	11:55 AM - 12:45 PM	Deepawali / Lakshmi Puja
2027-11-23	Tuesday	Margashirsha	Shukla Paksha	Pratipada (up to 15:47)	Uttara Bhadrapada	Indra	Taitila	06:45 AM	05:35 PM	06:43 AM	18:37 PM	03:00 PM - 04:30 PM	09:00 AM - 10:30 AM	12:00 PM - 01:30 PM	11:55 AM - 12:45 PM	Normal Day
2027-11-24	Wednesday	Margashirsha	Shukla Paksha	Dwitiya (up to 14:00)	Revati	Vaidhriti	Garaja	06:45 AM	05:35 PM	07:00 AM	19:00 PM	12:00 PM - 01:30 PM	07:30 AM - 09:00 AM	10:30 AM - 12:00 PM	11:55 AM - 12:45 PM	Normal Day
2027-11-25	Thursday	Margashirsha	Shukla Paksha	Tritiya (up to 21:13)	Ashwini	Vishkambha	Vanija	06:45 AM	05:35 PM	08:17 AM	20:23 PM	01:30 PM - 03:00 PM	06:00 AM - 07:30 AM	09:00 AM - 10:30 AM	11:55 AM - 12:45 PM	Normal Day
2027-11-26	Friday	Margashirsha	Shukla Paksha	Chaturthi (up to 20:26)	Bharani	Priti	Vishti	06:45 AM	05:35 PM	09:34 AM	21:46 PM	10:30 AM - 12:00 PM	03:00 PM - 04:30 PM	07:30 AM - 09:00 AM	11:55 AM - 12:45 PM	Normal Day
2027-11-27	Saturday	Margashirsha	Shukla Paksha	Panchami (up to 19:39)	Krittika	Ayushman	Bava	06:45 AM	05:35 PM	10:51 AM	22:09 PM	09:00 AM - 10:30 AM	01:30 PM - 03:00 PM	06:00 AM - 07:30 AM	11:55 AM - 12:45 PM	Normal Day
2027-11-28	Sunday	Margashirsha	Shukla Paksha	Shasthi (up to 18:52)	Rohini	Saubhagya	Balava	06:45 AM	05:35 PM	12:08 PM	00:32 AM	04:30 PM - 06:00 PM	12:00 PM - 01:30 PM	03:00 PM - 04:30 PM	11:55 AM - 12:45 PM	Normal Day
2027-11-29	Monday	Margashirsha	Shukla Paksha	Saptami (up to 17:05)	Mrigashira	Sobhana	Kaulava	06:45 AM	05:35 PM	13:25 PM	01:55 AM	07:30 AM - 09:00 AM	10:30 AM - 12:00 PM	01:30 PM - 03:00 PM	11:55 AM - 12:45 PM	Normal Day
2027-11-30	Tuesday	Margashirsha	Shukla Paksha	Ashtami (up to 16:18)	Ardra	Atiganda	Taitila	06:45 AM	05:35 PM	14:42 PM	02:18 AM	03:00 PM - 04:30 PM	09:00 AM - 10:30 AM	12:00 PM - 01:30 PM	11:55 AM - 12:45 PM	Normal Day
2027-12-01	Wednesday	Margashirsha	Shukla Paksha	Navami (up to 15:31)	Punarvasu	Sukarma	Garaja	06:45 AM	05:35 PM	15:59 PM	03:41 AM	12:00 PM - 01:30 PM	07:30 AM - 09:00 AM	10:30 AM - 12:00 PM	11:55 AM - 12:45 PM	Normal Day
2027-12-02	Thursday	Margashirsha	Shukla Paksha	Dashami (up to 14:44)	Pushya	Dhriti	Vanija	06:45 AM	05:35 PM	16:16 PM	04:04 AM	01:30 PM - 03:00 PM	06:00 AM - 07:30 AM	09:00 AM - 10:30 AM	11:55 AM - 12:45 PM	Normal Day
2027-12-03	Friday	Margashirsha	Shukla Paksha	Ekadashi (up to 21:57)	Ashlesha	Shool	Vishti	06:45 AM	05:35 PM	18:33 PM	06:27 AM	10:30 AM - 12:00 PM	03:00 PM - 04:30 PM	07:30 AM - 09:00 AM	11:55 AM - 12:45 PM	Gita Jayanti / Mokshada Ekadashi
2027-12-04	Saturday	Margashirsha	Shukla Paksha	Dwadashi (up to 20:10)	Magha	Ganda	Bava	06:45 AM	05:35 PM	19:50 PM	07:50 AM	09:00 AM - 10:30 AM	01:30 PM - 03:00 PM	06:00 AM - 07:30 AM	11:55 AM - 12:45 PM	Normal Day
2027-12-05	Sunday	Margashirsha	Shukla Paksha	Trayodashi (up to 19:23)	Purva Phalguni	Vriddhi	Balava	06:45 AM	05:35 PM	20:07 PM	08:13 AM	04:30 PM - 06:00 PM	12:00 PM - 01:30 PM	03:00 PM - 04:30 PM	11:55 AM - 12:45 PM	Pradosh Vrat
2027-12-06	Monday	Margashirsha	Shukla Paksha	Chaturdashi (up to 18:36)	Uttara Phalguni	Dhruva	Kaulava	06:45 AM	05:35 PM	21:24 PM	09:36 AM	07:30 AM - 09:00 AM	10:30 AM - 12:00 PM	01:30 PM - 03:00 PM	11:55 AM - 12:45 PM	Normal Day
2027-12-07	Tuesday	Margashirsha	Shukla Paksha	Purnima (up to 17:49)	Hasta	Vyaghat	Taitila	06:45 AM	05:35 PM	22:41 PM	10:59 AM	03:00 PM - 04:30 PM	09:00 AM - 10:30 AM	12:00 PM - 01:30 PM	11:55 AM - 12:45 PM	Purnima Vrat & Satyanarayan Puja
2027-12-08	Wednesday	Margashirsha	Krishna Paksha	Pratipada (up to 16:02)	Chitra	Harshan	Garaja	06:45 AM	05:35 PM	06:58 AM	18:22 PM	12:00 PM - 01:30 PM	07:30 AM - 09:00 AM	10:30 AM - 12:00 PM	11:55 AM - 12:45 PM	Normal Day
2027-12-09	Thursday	Margashirsha	Krishna Paksha	Dwitiya (up to 15:15)	Swati	Vajra	Vanija	06:45 AM	05:35 PM	07:15 AM	19:45 PM	01:30 PM - 03:00 PM	06:00 AM - 07:30 AM	09:00 AM - 10:30 AM	11:55 AM - 12:45 PM	Normal Day
2027-12-10	Friday	Margashirsha	Krishna Paksha	Tritiya (up to 14:28)	Vishakha	Siddhi	Vishti	06:45 AM	05:35 PM	08:32 AM	20:08 PM	10:30 AM - 12:00 PM	03:00 PM - 04:30 PM	07:30 AM - 09:00 AM	11:55 AM - 12:45 PM	Normal Day
2027-12-11	Saturday	Margashirsha	Krishna Paksha	Chaturthi (up to 21:41)	Anuradha	Vyatipat	Bava	06:45 AM	05:35 PM	09:49 AM	21:31 PM	09:00 AM - 10:30 AM	01:30 PM - 03:00 PM	06:00 AM - 07:30 AM	11:55 AM - 12:45 PM	Sankashti Chaturthi Vrat
2027-12-12	Sunday	Margashirsha	Krishna Paksha	Panchami (up to 20:54)	Jyeshtha	Variyan	Balava	06:45 AM	05:35 PM	10:06 AM	22:54 PM	04:30 PM - 06:00 PM	12:00 PM - 01:30 PM	03:00 PM - 04:30 PM	11:55 AM - 12:45 PM	Normal Day
2027-12-13	Monday	Margashirsha	Krishna Paksha	Shasthi (up to 19:07)	Mula	Parigha	Kaulava	06:45 AM	05:35 PM	12:23 PM	00:17 AM	07:30 AM - 09:00 AM	10:30 AM - 12:00 PM	01:30 PM - 03:00 PM	11:55 AM - 12:45 PM	Normal Day
2027-12-14	Tuesday	Margashirsha	Krishna Paksha	Saptami (up to 18:20)	Purva Ashadha	Shiva	Taitila	06:45 AM	05:35 PM	13:40 PM	01:40 AM	03:00 PM - 04:30 PM	09:00 AM - 10:30 AM	12:00 PM - 01:30 PM	11:55 AM - 12:45 PM	Normal Day
2027-12-15	Wednesday	Margashirsha	Krishna Paksha	Ashtami (up to 17:33)	Uttara Ashadha	Siddha	Garaja	06:45 AM	05:35 PM	14:57 PM	02:03 AM	12:00 PM - 01:30 PM	07:30 AM - 09:00 AM	10:30 AM - 12:00 PM	11:55 AM - 12:45 PM	Normal Day
2027-12-16	Thursday	Margashirsha	Krishna Paksha	Navami (up to 16:46)	Shravana	Sadhya	Vanija	06:45 AM	05:35 PM	15:14 PM	03:26 AM	01:30 PM - 03:00 PM	06:00 AM - 07:30 AM	09:00 AM - 10:30 AM	11:55 AM - 12:45 PM	Normal Day
2027-12-17	Friday	Margashirsha	Krishna Paksha	Dashami (up to 15:59)	Dhanishta	Shubha	Vishti	06:45 AM	05:35 PM	16:31 PM	04:49 AM	10:30 AM - 12:00 PM	03:00 PM - 04:30 PM	07:30 AM - 09:00 AM	11:55 AM - 12:45 PM	Normal Day
2027-12-18	Saturday	Margashirsha	Krishna Paksha	Ekadashi (up to 14:12)	Shatabhisha	Shukla	Bava	06:45 AM	05:35 PM	18:48 PM	06:12 AM	09:00 AM - 10:30 AM	01:30 PM - 03:00 PM	06:00 AM - 07:30 AM	11:55 AM - 12:45 PM	Utpanna Ekadashi Vrat
2027-12-19	Sunday	Margashirsha	Krishna Paksha	Dwadashi (up to 21:25)	Purva Bhadrapada	Brahma	Balava	06:45 AM	05:35 PM	19:05 PM	07:35 AM	04:30 PM - 06:00 PM	12:00 PM - 01:30 PM	03:00 PM - 04:30 PM	11:55 AM - 12:45 PM	Normal Day
2027-12-20	Monday	Margashirsha	Krishna Paksha	Trayodashi (up to 20:38)	Uttara Bhadrapada	Indra	Kaulava	06:45 AM	05:35 PM	20:22 PM	08:58 AM	07:30 AM - 09:00 AM	10:30 AM - 12:00 PM	01:30 PM - 03:00 PM	11:55 AM - 12:45 PM	Pradosh Vrat
2027-12-21	Tuesday	Margashirsha	Krishna Paksha	Chaturdashi (up to 19:51)	Revati	Vaidhriti	Taitila	06:45 AM	05:35 PM	21:39 PM	09:21 AM	03:00 PM - 04:30 PM	09:00 AM - 10:30 AM	12:00 PM - 01:30 PM	11:55 AM - 12:45 PM	Normal Day
2027-12-22	Wednesday	Margashirsha	Krishna Paksha	Purnima (up to 18:04)	Ashwini	Vishkambha	Garaja	06:45 AM	05:35 PM	22:56 PM	10:44 AM	12:00 PM - 01:30 PM	07:30 AM - 09:00 AM	10:30 AM - 12:00 PM	11:55 AM - 12:45 PM	Amavasya (Pitru Tarpan)
2027-12-23	Thursday	Pausha	Shukla Paksha	Pratipada (up to 17:17)	Bharani	Priti	Vanija	06:45 AM	05:35 PM	06:13 AM	18:07 PM	01:30 PM - 03:00 PM	06:00 AM - 07:30 AM	09:00 AM - 10:30 AM	11:55 AM - 12:45 PM	Normal Day
2027-12-24	Friday	Pausha	Shukla Paksha	Dwitiya (up to 16:30)	Krittika	Ayushman	Vishti	06:45 AM	05:35 PM	07:30 AM	19:30 PM	10:30 AM - 12:00 PM	03:00 PM - 04:30 PM	07:30 AM - 09:00 AM	11:55 AM - 12:45 PM	Normal Day
2027-12-25	Saturday	Pausha	Shukla Paksha	Tritiya (up to 15:43)	Rohini	Saubhagya	Bava	06:45 AM	05:35 PM	08:47 AM	20:53 PM	09:00 AM - 10:30 AM	01:30 PM - 03:00 PM	06:00 AM - 07:30 AM	11:55 AM - 12:45 PM	Normal Day
2027-12-26	Sunday	Pausha	Shukla Paksha	Chaturthi (up to 14:56)	Mrigashira	Sobhana	Balava	06:45 AM	05:35 PM	09:04 AM	21:16 PM	04:30 PM - 06:00 PM	12:00 PM - 01:30 PM	03:00 PM - 04:30 PM	11:55 AM - 12:45 PM	Normal Day
2027-12-27	Monday	Pausha	Shukla Paksha	Panchami (up to 21:09)	Ardra	Atiganda	Kaulava	06:45 AM	05:35 PM	10:21 AM	22:39 PM	07:30 AM - 09:00 AM	10:30 AM - 12:00 PM	01:30 PM - 03:00 PM	11:55 AM - 12:45 PM	Normal Day
2027-12-28	Tuesday	Pausha	Shukla Paksha	Shasthi (up to 20:22)	Punarvasu	Sukarma	Taitila	06:45 AM	05:35 PM	12:38 PM	00:02 AM	03:00 PM - 04:30 PM	09:00 AM - 10:30 AM	12:00 PM - 01:30 PM	11:55 AM - 12:45 PM	Normal Day
2027-12-29	Wednesday	Pausha	Shukla Paksha	Saptami (up to 19:35)	Pushya	Dhriti	Garaja	06:45 AM	05:35 PM	13:55 PM	01:25 AM	12:00 PM - 01:30 PM	07:30 AM - 09:00 AM	10:30 AM - 12:00 PM	11:55 AM - 12:45 PM	Normal Day
2027-12-30	Thursday	Pausha	Shukla Paksha	Ashtami (up to 18:48)	Ashlesha	Shool	Vanija	06:45 AM	05:35 PM	14:12 PM	02:48 AM	01:30 PM - 03:00 PM	06:00 AM - 07:30 AM	09:00 AM - 10:30 AM	11:55 AM - 12:45 PM	Normal Day
2027-12-31	Friday	Pausha	Shukla Paksha	Navami (up to 17:01)	Magha	Ganda	Vishti	06:45 AM	05:35 PM	15:29 PM	03:11 AM	10:30 AM - 12:00 PM	03:00 PM - 04:30 PM	07:30 AM - 09:00 AM	11:55 AM - 12:45 PM	Normal Day
2028-01-01	Saturday	Pausha	Shukla Paksha	Dashami (up to 16:14)	Purva Phalguni	Vriddhi	Bava	06:45 AM	05:35 PM	16:46 PM	04:34 AM	09:00 AM - 10:30 AM	01:30 PM - 03:00 PM	06:00 AM - 07:30 AM	11:55 AM - 12:45 PM	Normal Day
2028-01-02	Sunday	Pausha	Shukla Paksha	Ekadashi (up to 15:27)	Uttara Phalguni	Dhruva	Balava	06:45 AM	05:35 PM	18:03 PM	06:57 AM	04:30 PM - 06:00 PM	12:00 PM - 01:30 PM	03:00 PM - 04:30 PM	11:55 AM - 12:45 PM	Pausha Putrada Ekadashi Vrat
2028-01-03	Monday	Pausha	Shukla Paksha	Dwadashi (up to 14:40)	Hasta	Vyaghat	Kaulava	06:45 AM	05:35 PM	19:20 PM	07:20 AM	07:30 AM - 09:00 AM	10:30 AM - 12:00 PM	01:30 PM - 03:00 PM	11:55 AM - 12:45 PM	Normal Day
2028-01-04	Tuesday	Pausha	Shukla Paksha	Trayodashi (up to 21:53)	Chitra	Harshan	Taitila	06:45 AM	05:35 PM	20:37 PM	08:43 AM	03:00 PM - 04:30 PM	09:00 AM - 10:30 AM	12:00 PM - 01:30 PM	11:55 AM - 12:45 PM	Pradosh Vrat
2028-01-05	Wednesday	Pausha	Shukla Paksha	Chaturdashi (up to 20:06)	Swati	Vajra	Garaja	06:45 AM	05:35 PM	21:54 PM	09:06 AM	12:00 PM - 01:30 PM	07:30 AM - 09:00 AM	10:30 AM - 12:00 PM	11:55 AM - 12:45 PM	Normal Day
2028-01-06	Thursday	Pausha	Shukla Paksha	Purnima (up to 19:19)	Vishakha	Siddhi	Vanija	06:45 AM	05:35 PM	22:11 PM	10:29 AM	01:30 PM - 03:00 PM	06:00 AM - 07:30 AM	09:00 AM - 10:30 AM	11:55 AM - 12:45 PM	Purnima Vrat & Satyanarayan Puja
2028-01-07	Friday	Pausha	Krishna Paksha	Pratipada (up to 18:32)	Anuradha	Vyatipat	Vishti	06:45 AM	05:35 PM	06:28 AM	18:52 PM	10:30 AM - 12:00 PM	03:00 PM - 04:30 PM	07:30 AM - 09:00 AM	11:55 AM - 12:45 PM	Normal Day
2028-01-08	Saturday	Pausha	Krishna Paksha	Dwitiya (up to 17:45)	Jyeshtha	Variyan	Bava	06:45 AM	05:35 PM	07:45 AM	19:15 PM	09:00 AM - 10:30 AM	01:30 PM - 03:00 PM	06:00 AM - 07:30 AM	11:55 AM - 12:45 PM	Normal Day
2028-01-09	Sunday	Pausha	Krishna Paksha	Tritiya (up to 16:58)	Mula	Parigha	Balava	06:45 AM	05:35 PM	08:02 AM	20:38 PM	04:30 PM - 06:00 PM	12:00 PM - 01:30 PM	03:00 PM - 04:30 PM	11:55 AM - 12:45 PM	Normal Day
2028-01-10	Monday	Pausha	Krishna Paksha	Chaturthi (up to 15:11)	Purva Ashadha	Shiva	Kaulava	06:45 AM	05:35 PM	09:19 AM	21:01 PM	07:30 AM - 09:00 AM	10:30 AM - 12:00 PM	01:30 PM - 03:00 PM	11:55 AM - 12:45 PM	Sankashti Chaturthi Vrat
2028-01-11	Tuesday	Pausha	Krishna Paksha	Panchami (up to 14:24)	Uttara Ashadha	Siddha	Taitila	06:45 AM	05:35 PM	10:36 AM	22:24 PM	03:00 PM - 04:30 PM	09:00 AM - 10:30 AM	12:00 PM - 01:30 PM	11:55 AM - 12:45 PM	Normal Day
2028-01-12	Wednesday	Pausha	Krishna Paksha	Shasthi (up to 21:37)	Shravana	Sadhya	Garaja	06:45 AM	05:35 PM	12:53 PM	00:47 AM	12:00 PM - 01:30 PM	07:30 AM - 09:00 AM	10:30 AM - 12:00 PM	11:55 AM - 12:45 PM	Normal Day
2028-01-13	Thursday	Pausha	Krishna Paksha	Saptami (up to 20:50)	Dhanishta	Shubha	Vanija	06:45 AM	05:35 PM	13:10 PM	01:10 AM	01:30 PM - 03:00 PM	06:00 AM - 07:30 AM	09:00 AM - 10:30 AM	11:55 AM - 12:45 PM	Normal Day
2028-01-14	Friday	Pausha	Krishna Paksha	Ashtami (up to 19:03)	Shatabhisha	Shukla	Vishti	06:45 AM	05:35 PM	14:27 PM	02:33 AM	10:30 AM - 12:00 PM	03:00 PM - 04:30 PM	07:30 AM - 09:00 AM	11:55 AM - 12:45 PM	Makar Sankranti
2028-01-15	Saturday	Pausha	Krishna Paksha	Navami (up to 18:16)	Purva Bhadrapada	Brahma	Bava	06:45 AM	05:35 PM	15:44 PM	03:56 AM	09:00 AM - 10:30 AM	01:30 PM - 03:00 PM	06:00 AM - 07:30 AM	11:55 AM - 12:45 PM	Makar Sankranti
2028-01-16	Sunday	Pausha	Krishna Paksha	Dashami (up to 17:29)	Uttara Bhadrapada	Indra	Balava	06:45 AM	05:35 PM	16:01 PM	04:19 AM	04:30 PM - 06:00 PM	12:00 PM - 01:30 PM	03:00 PM - 04:30 PM	11:55 AM - 12:45 PM	Normal Day
2028-01-17	Monday	Pausha	Krishna Paksha	Ekadashi (up to 16:42)	Revati	Vaidhriti	Kaulava	06:45 AM	05:35 PM	18:18 PM	06:42 AM	07:30 AM - 09:00 AM	10:30 AM - 12:00 PM	01:30 PM - 03:00 PM	11:55 AM - 12:45 PM	Saphala Ekadashi Vrat
2028-01-18	Tuesday	Pausha	Krishna Paksha	Dwadashi (up to 15:55)	Ashwini	Vishkambha	Taitila	06:45 AM	05:35 PM	19:35 PM	07:05 AM	03:00 PM - 04:30 PM	09:00 AM - 10:30 AM	12:00 PM - 01:30 PM	11:55 AM - 12:45 PM	Normal Day
2028-01-19	Wednesday	Pausha	Krishna Paksha	Trayodashi (up to 14:08)	Bharani	Priti	Garaja	06:45 AM	05:35 PM	20:52 PM	08:28 AM	12:00 PM - 01:30 PM	07:30 AM - 09:00 AM	10:30 AM - 12:00 PM	11:55 AM - 12:45 PM	Pradosh Vrat
2028-01-20	Thursday	Pausha	Krishna Paksha	Chaturdashi (up to 21:21)	Krittika	Ayushman	Vanija	06:45 AM	05:35 PM	21:09 PM	09:51 AM	01:30 PM - 03:00 PM	06:00 AM - 07:30 AM	09:00 AM - 10:30 AM	11:55 AM - 12:45 PM	Normal Day
2028-01-21	Friday	Pausha	Krishna Paksha	Purnima (up to 20:34)	Rohini	Saubhagya	Vishti	06:45 AM	05:35 PM	22:26 PM	10:14 AM	10:30 AM - 12:00 PM	03:00 PM - 04:30 PM	07:30 AM - 09:00 AM	11:55 AM - 12:45 PM	Amavasya (Pitru Tarpan)
2028-01-22	Saturday	Magha	Shukla Paksha	Pratipada (up to 19:47)	Mrigashira	Sobhana	Bava	06:45 AM	05:35 PM	06:43 AM	18:37 PM	09:00 AM - 10:30 AM	01:30 PM - 03:00 PM	06:00 AM - 07:30 AM	11:55 AM - 12:45 PM	Normal Day
2028-01-23	Sunday	Magha	Shukla Paksha	Dwitiya (up to 18:00)	Ardra	Atiganda	Balava	06:45 AM	05:35 PM	07:00 AM	19:00 PM	04:30 PM - 06:00 PM	12:00 PM - 01:30 PM	03:00 PM - 04:30 PM	11:55 AM - 12:45 PM	Normal Day
2028-01-24	Monday	Magha	Shukla Paksha	Tritiya (up to 17:13)	Punarvasu	Sukarma	Kaulava	06:45 AM	05:35 PM	08:17 AM	20:23 PM	07:30 AM - 09:00 AM	10:30 AM - 12:00 PM	01:30 PM - 03:00 PM	11:55 AM - 12:45 PM	Normal Day
2028-01-25	Tuesday	Magha	Shukla Paksha	Chaturthi (up to 16:26)	Pushya	Dhriti	Taitila	06:45 AM	05:35 PM	09:34 AM	21:46 PM	03:00 PM - 04:30 PM	09:00 AM - 10:30 AM	12:00 PM - 01:30 PM	11:55 AM - 12:45 PM	Normal Day
2028-01-26	Wednesday	Magha	Shukla Paksha	Panchami (up to 15:39)	Ashlesha	Shool	Garaja	06:45 AM	05:35 PM	10:51 AM	22:09 PM	12:00 PM - 01:30 PM	07:30 AM - 09:00 AM	10:30 AM - 12:00 PM	11:55 AM - 12:45 PM	Republic Day
2028-01-27	Thursday	Magha	Shukla Paksha	Shasthi (up to 14:52)	Magha	Ganda	Vanija	06:45 AM	05:35 PM	12:08 PM	00:32 AM	01:30 PM - 03:00 PM	06:00 AM - 07:30 AM	09:00 AM - 10:30 AM	11:55 AM - 12:45 PM	Normal Day
2028-01-28	Friday	Magha	Shukla Paksha	Saptami (up to 21:05)	Purva Phalguni	Vriddhi	Vishti	06:45 AM	05:35 PM	13:25 PM	01:55 AM	10:30 AM - 12:00 PM	03:00 PM - 04:30 PM	07:30 AM - 09:00 AM	11:55 AM - 12:45 PM	Normal Day
2028-01-29	Saturday	Magha	Shukla Paksha	Ashtami (up to 20:18)	Uttara Phalguni	Dhruva	Bava	06:45 AM	05:35 PM	14:42 PM	02:18 AM	09:00 AM - 10:30 AM	01:30 PM - 03:00 PM	06:00 AM - 07:30 AM	11:55 AM - 12:45 PM	Normal Day
2028-01-30	Sunday	Magha	Shukla Paksha	Navami (up to 19:31)	Hasta	Vyaghat	Balava	06:45 AM	05:35 PM	15:59 PM	03:41 AM	04:30 PM - 06:00 PM	12:00 PM - 01:30 PM	03:00 PM - 04:30 PM	11:55 AM - 12:45 PM	Normal Day
2028-01-31	Monday	Magha	Shukla Paksha	Dashami (up to 18:44)	Chitra	Harshan	Kaulava	06:45 AM	05:35 PM	16:16 PM	04:04 AM	07:30 AM - 09:00 AM	10:30 AM - 12:00 PM	01:30 PM - 03:00 PM	11:55 AM - 12:45 PM	Normal Day
2028-02-01	Tuesday	Magha	Shukla Paksha	Ekadashi (up to 17:57)	Swati	Vajra	Taitila	06:45 AM	05:35 PM	18:33 PM	06:27 AM	03:00 PM - 04:30 PM	09:00 AM - 10:30 AM	12:00 PM - 01:30 PM	11:55 AM - 12:45 PM	Jaya Ekadashi Vrat
2028-02-02	Wednesday	Magha	Shukla Paksha	Dwadashi (up to 16:10)	Vishakha	Siddhi	Garaja	06:45 AM	05:35 PM	19:50 PM	07:50 AM	12:00 PM - 01:30 PM	07:30 AM - 09:00 AM	10:30 AM - 12:00 PM	11:55 AM - 12:45 PM	Normal Day
2028-02-03	Thursday	Magha	Shukla Paksha	Trayodashi (up to 15:23)	Anuradha	Vyatipat	Vanija	06:45 AM	05:35 PM	20:07 PM	08:13 AM	01:30 PM - 03:00 PM	06:00 AM - 07:30 AM	09:00 AM - 10:30 AM	11:55 AM - 12:45 PM	Pradosh Vrat
2028-02-04	Friday	Magha	Shukla Paksha	Chaturdashi (up to 14:36)	Jyeshtha	Variyan	Vishti	06:45 AM	05:35 PM	21:24 PM	09:36 AM	10:30 AM - 12:00 PM	03:00 PM - 04:30 PM	07:30 AM - 09:00 AM	11:55 AM - 12:45 PM	Normal Day
2028-02-05	Saturday	Magha	Shukla Paksha	Purnima (up to 21:49)	Mula	Parigha	Bava	06:45 AM	05:35 PM	22:41 PM	10:59 AM	09:00 AM - 10:30 AM	01:30 PM - 03:00 PM	06:00 AM - 07:30 AM	11:55 AM - 12:45 PM	Purnima Vrat & Satyanarayan Puja
2028-02-06	Sunday	Magha	Krishna Paksha	Pratipada (up to 20:02)	Purva Ashadha	Shiva	Balava	06:45 AM	05:35 PM	06:58 AM	18:22 PM	04:30 PM - 06:00 PM	12:00 PM - 01:30 PM	03:00 PM - 04:30 PM	11:55 AM - 12:45 PM	Normal Day
2028-02-07	Monday	Magha	Krishna Paksha	Dwitiya (up to 19:15)	Uttara Ashadha	Siddha	Kaulava	06:45 AM	05:35 PM	07:15 AM	19:45 PM	07:30 AM - 09:00 AM	10:30 AM - 12:00 PM	01:30 PM - 03:00 PM	11:55 AM - 12:45 PM	Normal Day
2028-02-08	Tuesday	Magha	Krishna Paksha	Tritiya (up to 18:28)	Shravana	Sadhya	Taitila	06:45 AM	05:35 PM	08:32 AM	20:08 PM	03:00 PM - 04:30 PM	09:00 AM - 10:30 AM	12:00 PM - 01:30 PM	11:55 AM - 12:45 PM	Normal Day
2028-02-09	Wednesday	Magha	Krishna Paksha	Chaturthi (up to 17:41)	Dhanishta	Shubha	Garaja	06:45 AM	05:35 PM	09:49 AM	21:31 PM	12:00 PM - 01:30 PM	07:30 AM - 09:00 AM	10:30 AM - 12:00 PM	11:55 AM - 12:45 PM	Sankashti Chaturthi Vrat
2028-02-10	Thursday	Magha	Krishna Paksha	Panchami (up to 16:54)	Shatabhisha	Shukla	Vanija	06:45 AM	05:35 PM	10:06 AM	22:54 PM	01:30 PM - 03:00 PM	06:00 AM - 07:30 AM	09:00 AM - 10:30 AM	11:55 AM - 12:45 PM	Normal Day
2028-02-11	Friday	Magha	Krishna Paksha	Shasthi (up to 15:07)	Purva Bhadrapada	Brahma	Vishti	06:45 AM	05:35 PM	12:23 PM	00:17 AM	10:30 AM - 12:00 PM	03:00 PM - 04:30 PM	07:30 AM - 09:00 AM	11:55 AM - 12:45 PM	Normal Day
2028-02-12	Saturday	Magha	Krishna Paksha	Saptami (up to 14:20)	Uttara Bhadrapada	Indra	Bava	06:45 AM	05:35 PM	13:40 PM	01:40 AM	09:00 AM - 10:30 AM	01:30 PM - 03:00 PM	06:00 AM - 07:30 AM	11:55 AM - 12:45 PM	Normal Day
2028-02-13	Sunday	Magha	Krishna Paksha	Ashtami (up to 21:33)	Revati	Vaidhriti	Balava	06:45 AM	05:35 PM	14:57 PM	02:03 AM	04:30 PM - 06:00 PM	12:00 PM - 01:30 PM	03:00 PM - 04:30 PM	11:55 AM - 12:45 PM	Normal Day
2028-02-14	Monday	Magha	Krishna Paksha	Navami (up to 20:46)	Ashwini	Vishkambha	Kaulava	06:45 AM	05:35 PM	15:14 PM	03:26 AM	07:30 AM - 09:00 AM	10:30 AM - 12:00 PM	01:30 PM - 03:00 PM	11:55 AM - 12:45 PM	Normal Day
2028-02-15	Tuesday	Magha	Krishna Paksha	Dashami (up to 19:59)	Bharani	Priti	Taitila	06:45 AM	05:35 PM	16:31 PM	04:49 AM	03:00 PM - 04:30 PM	09:00 AM - 10:30 AM	12:00 PM - 01:30 PM	11:55 AM - 12:45 PM	Normal Day
2028-02-16	Wednesday	Magha	Krishna Paksha	Ekadashi (up to 18:12)	Krittika	Ayushman	Garaja	06:45 AM	05:35 PM	18:48 PM	06:12 AM	12:00 PM - 01:30 PM	07:30 AM - 09:00 AM	10:30 AM - 12:00 PM	11:55 AM - 12:45 PM	Shattila Ekadashi Vrat
2028-02-17	Thursday	Magha	Krishna Paksha	Dwadashi (up to 17:25)	Rohini	Saubhagya	Vanija	06:45 AM	05:35 PM	19:05 PM	07:35 AM	01:30 PM - 03:00 PM	06:00 AM - 07:30 AM	09:00 AM - 10:30 AM	11:55 AM - 12:45 PM	Normal Day
2028-02-18	Friday	Magha	Krishna Paksha	Trayodashi (up to 16:38)	Mrigashira	Sobhana	Vishti	06:45 AM	05:35 PM	20:22 PM	08:58 AM	10:30 AM - 12:00 PM	03:00 PM - 04:30 PM	07:30 AM - 09:00 AM	11:55 AM - 12:45 PM	Pradosh Vrat
2028-02-19	Saturday	Magha	Krishna Paksha	Chaturdashi (up to 15:51)	Ardra	Atiganda	Bava	06:45 AM	05:35 PM	21:39 PM	09:21 AM	09:00 AM - 10:30 AM	01:30 PM - 03:00 PM	06:00 AM - 07:30 AM	11:55 AM - 12:45 PM	Normal Day
2028-02-20	Sunday	Magha	Krishna Paksha	Purnima (up to 14:04)	Punarvasu	Sukarma	Balava	06:45 AM	05:35 PM	22:56 PM	10:44 AM	04:30 PM - 06:00 PM	12:00 PM - 01:30 PM	03:00 PM - 04:30 PM	11:55 AM - 12:45 PM	Amavasya (Pitru Tarpan)
2028-02-21	Monday	Phalguna	Shukla Paksha	Pratipada (up to 21:17)	Pushya	Dhriti	Kaulava	06:45 AM	05:35 PM	06:13 AM	18:07 PM	07:30 AM - 09:00 AM	10:30 AM - 12:00 PM	01:30 PM - 03:00 PM	11:55 AM - 12:45 PM	Normal Day
2028-02-22	Tuesday	Phalguna	Shukla Paksha	Dwitiya (up to 20:30)	Ashlesha	Shool	Taitila	06:45 AM	05:35 PM	07:30 AM	19:30 PM	03:00 PM - 04:30 PM	09:00 AM - 10:30 AM	12:00 PM - 01:30 PM	11:55 AM - 12:45 PM	Normal Day
2028-02-23	Wednesday	Phalguna	Shukla Paksha	Tritiya (up to 19:43)	Magha	Ganda	Garaja	06:45 AM	05:35 PM	08:47 AM	20:53 PM	12:00 PM - 01:30 PM	07:30 AM - 09:00 AM	10:30 AM - 12:00 PM	11:55 AM - 12:45 PM	Normal Day
2028-02-24	Thursday	Phalguna	Shukla Paksha	Chaturthi (up to 18:56)	Purva Phalguni	Vriddhi	Vanija	06:45 AM	05:35 PM	09:04 AM	21:16 PM	01:30 PM - 03:00 PM	06:00 AM - 07:30 AM	09:00 AM - 10:30 AM	11:55 AM - 12:45 PM	Normal Day
2028-02-25	Friday	Phalguna	Shukla Paksha	Panchami (up to 17:09)	Uttara Phalguni	Dhruva	Vishti	06:45 AM	05:35 PM	10:21 AM	22:39 PM	10:30 AM - 12:00 PM	03:00 PM - 04:30 PM	07:30 AM - 09:00 AM	11:55 AM - 12:45 PM	Normal Day
2028-02-26	Saturday	Phalguna	Shukla Paksha	Shasthi (up to 16:22)	Hasta	Vyaghat	Bava	06:45 AM	05:35 PM	12:38 PM	00:02 AM	09:00 AM - 10:30 AM	01:30 PM - 03:00 PM	06:00 AM - 07:30 AM	11:55 AM - 12:45 PM	Normal Day
2028-02-27	Sunday	Phalguna	Shukla Paksha	Saptami (up to 15:35)	Chitra	Harshan	Balava	06:45 AM	05:35 PM	13:55 PM	01:25 AM	04:30 PM - 06:00 PM	12:00 PM - 01:30 PM	03:00 PM - 04:30 PM	11:55 AM - 12:45 PM	Normal Day
2028-02-28	Monday	Phalguna	Shukla Paksha	Ashtami (up to 14:48)	Swati	Vajra	Kaulava	06:45 AM	05:35 PM	14:12 PM	02:48 AM	07:30 AM - 09:00 AM	10:30 AM - 12:00 PM	01:30 PM - 03:00 PM	11:55 AM - 12:45 PM	Normal Day
2028-02-29	Tuesday	Phalguna	Shukla Paksha	Navami (up to 21:01)	Vishakha	Siddhi	Taitila	06:45 AM	05:35 PM	15:29 PM	03:11 AM	03:00 PM - 04:30 PM	09:00 AM - 10:30 AM	12:00 PM - 01:30 PM	11:55 AM - 12:45 PM	Normal Day
2028-03-01	Wednesday	Phalguna	Shukla Paksha	Dashami (up to 20:14)	Anuradha	Vyatipat	Garaja	06:10 AM	06:30 PM	16:46 PM	04:34 AM	12:00 PM - 01:30 PM	07:30 AM - 09:00 AM	10:30 AM - 12:00 PM	11:55 AM - 12:45 PM	Normal Day
2028-03-02	Thursday	Phalguna	Shukla Paksha	Ekadashi (up to 19:27)	Jyeshtha	Variyan	Vanija	06:10 AM	06:30 PM	18:03 PM	06:57 AM	01:30 PM - 03:00 PM	06:00 AM - 07:30 AM	09:00 AM - 10:30 AM	11:55 AM - 12:45 PM	Amalaki Ekadashi Vrat
2028-03-03	Friday	Phalguna	Shukla Paksha	Dwadashi (up to 18:40)	Mula	Parigha	Vishti	06:10 AM	06:30 PM	19:20 PM	07:20 AM	10:30 AM - 12:00 PM	03:00 PM - 04:30 PM	07:30 AM - 09:00 AM	11:55 AM - 12:45 PM	Normal Day
2028-03-04	Saturday	Phalguna	Shukla Paksha	Trayodashi (up to 17:53)	Purva Ashadha	Shiva	Bava	06:10 AM	06:30 PM	20:37 PM	08:43 AM	09:00 AM - 10:30 AM	01:30 PM - 03:00 PM	06:00 AM - 07:30 AM	11:55 AM - 12:45 PM	Pradosh Vrat
2028-03-05	Sunday	Phalguna	Shukla Paksha	Chaturdashi (up to 16:06)	Uttara Ashadha	Siddha	Balava	06:10 AM	06:30 PM	21:54 PM	09:06 AM	04:30 PM - 06:00 PM	12:00 PM - 01:30 PM	03:00 PM - 04:30 PM	11:55 AM - 12:45 PM	Normal Day
2028-03-06	Monday	Phalguna	Shukla Paksha	Purnima (up to 15:19)	Shravana	Sadhya	Kaulava	06:10 AM	06:30 PM	22:11 PM	10:29 AM	07:30 AM - 09:00 AM	10:30 AM - 12:00 PM	01:30 PM - 03:00 PM	11:55 AM - 12:45 PM	Holika Dahan / Holi Purnima
2028-03-07	Tuesday	Phalguna	Krishna Paksha	Pratipada (up to 14:32)	Dhanishta	Shubha	Taitila	06:10 AM	06:30 PM	06:28 AM	18:52 PM	03:00 PM - 04:30 PM	09:00 AM - 10:30 AM	12:00 PM - 01:30 PM	11:55 AM - 12:45 PM	Normal Day
2028-03-08	Wednesday	Phalguna	Krishna Paksha	Dwitiya (up to 21:45)	Shatabhisha	Shukla	Garaja	06:10 AM	06:30 PM	07:45 AM	19:15 PM	12:00 PM - 01:30 PM	07:30 AM - 09:00 AM	10:30 AM - 12:00 PM	11:55 AM - 12:45 PM	Normal Day
2028-03-09	Thursday	Phalguna	Krishna Paksha	Tritiya (up to 20:58)	Purva Bhadrapada	Brahma	Vanija	06:10 AM	06:30 PM	08:02 AM	20:38 PM	01:30 PM - 03:00 PM	06:00 AM - 07:30 AM	09:00 AM - 10:30 AM	11:55 AM - 12:45 PM	Normal Day
2028-03-10	Friday	Phalguna	Krishna Paksha	Chaturthi (up to 19:11)	Uttara Bhadrapada	Indra	Vishti	06:10 AM	06:30 PM	09:19 AM	21:01 PM	10:30 AM - 12:00 PM	03:00 PM - 04:30 PM	07:30 AM - 09:00 AM	11:55 AM - 12:45 PM	Sankashti Chaturthi Vrat
2028-03-11	Saturday	Phalguna	Krishna Paksha	Panchami (up to 18:24)	Revati	Vaidhriti	Bava	06:10 AM	06:30 PM	10:36 AM	22:24 PM	09:00 AM - 10:30 AM	01:30 PM - 03:00 PM	06:00 AM - 07:30 AM	11:55 AM - 12:45 PM	Normal Day
2028-03-12	Sunday	Phalguna	Krishna Paksha	Shasthi (up to 17:37)	Ashwini	Vishkambha	Balava	06:10 AM	06:30 PM	12:53 PM	00:47 AM	04:30 PM - 06:00 PM	12:00 PM - 01:30 PM	03:00 PM - 04:30 PM	11:55 AM - 12:45 PM	Normal Day
2028-03-13	Monday	Phalguna	Krishna Paksha	Saptami (up to 16:50)	Bharani	Priti	Kaulava	06:10 AM	06:30 PM	13:10 PM	01:10 AM	07:30 AM - 09:00 AM	10:30 AM - 12:00 PM	01:30 PM - 03:00 PM	11:55 AM - 12:45 PM	Normal Day
2028-03-14	Tuesday	Phalguna	Krishna Paksha	Ashtami (up to 15:03)	Krittika	Ayushman	Taitila	06:10 AM	06:30 PM	14:27 PM	02:33 AM	03:00 PM - 04:30 PM	09:00 AM - 10:30 AM	12:00 PM - 01:30 PM	11:55 AM - 12:45 PM	Normal Day
2028-03-15	Wednesday	Phalguna	Krishna Paksha	Navami (up to 14:16)	Rohini	Saubhagya	Garaja	06:10 AM	06:30 PM	15:44 PM	03:56 AM	12:00 PM - 01:30 PM	07:30 AM - 09:00 AM	10:30 AM - 12:00 PM	11:55 AM - 12:45 PM	Normal Day
2028-03-16	Thursday	Phalguna	Krishna Paksha	Dashami (up to 21:29)	Mrigashira	Sobhana	Vanija	06:10 AM	06:30 PM	16:01 PM	04:19 AM	01:30 PM - 03:00 PM	06:00 AM - 07:30 AM	09:00 AM - 10:30 AM	11:55 AM - 12:45 PM	Normal Day
2028-03-17	Friday	Phalguna	Krishna Paksha	Ekadashi (up to 20:42)	Ardra	Atiganda	Vishti	06:10 AM	06:30 PM	18:18 PM	06:42 AM	10:30 AM - 12:00 PM	03:00 PM - 04:30 PM	07:30 AM - 09:00 AM	11:55 AM - 12:45 PM	Vijaya Ekadashi Vrat
2028-03-18	Saturday	Phalguna	Krishna Paksha	Dwadashi (up to 19:55)	Punarvasu	Sukarma	Bava	06:10 AM	06:30 PM	19:35 PM	07:05 AM	09:00 AM - 10:30 AM	01:30 PM - 03:00 PM	06:00 AM - 07:30 AM	11:55 AM - 12:45 PM	Normal Day
2028-03-19	Sunday	Phalguna	Krishna Paksha	Trayodashi (up to 18:08)	Pushya	Dhriti	Balava	06:10 AM	06:30 PM	20:52 PM	08:28 AM	04:30 PM - 06:00 PM	12:00 PM - 01:30 PM	03:00 PM - 04:30 PM	11:55 AM - 12:45 PM	Pradosh Vrat
2028-03-20	Monday	Phalguna	Krishna Paksha	Chaturdashi (up to 17:21)	Ashlesha	Shool	Kaulava	06:10 AM	06:30 PM	21:09 PM	09:51 AM	07:30 AM - 09:00 AM	10:30 AM - 12:00 PM	01:30 PM - 03:00 PM	11:55 AM - 12:45 PM	Maha Shivratri Vrat
2028-03-21	Tuesday	Phalguna	Krishna Paksha	Purnima (up to 16:34)	Magha	Ganda	Taitila	06:10 AM	06:30 PM	22:26 PM	10:14 AM	03:00 PM - 04:30 PM	09:00 AM - 10:30 AM	12:00 PM - 01:30 PM	11:55 AM - 12:45 PM	Amavasya (Pitru Tarpan)
2028-03-22	Wednesday	Chaitra	Shukla Paksha	Pratipada (up to 15:47)	Purva Phalguni	Vriddhi	Garaja	06:10 AM	06:30 PM	06:43 AM	18:37 PM	12:00 PM - 01:30 PM	07:30 AM - 09:00 AM	10:30 AM - 12:00 PM	11:55 AM - 12:45 PM	Chaitra Navratri / Vikram Samvat Gudi Padwa
2028-03-23	Thursday	Chaitra	Shukla Paksha	Dwitiya (up to 14:00)	Uttara Phalguni	Dhruva	Vanija	06:10 AM	06:30 PM	07:00 AM	19:00 PM	01:30 PM - 03:00 PM	06:00 AM - 07:30 AM	09:00 AM - 10:30 AM	11:55 AM - 12:45 PM	Normal Day
2028-03-24	Friday	Chaitra	Shukla Paksha	Tritiya (up to 21:13)	Hasta	Vyaghat	Vishti	06:10 AM	06:30 PM	08:17 AM	20:23 PM	10:30 AM - 12:00 PM	03:00 PM - 04:30 PM	07:30 AM - 09:00 AM	11:55 AM - 12:45 PM	Normal Day
2028-03-25	Saturday	Chaitra	Shukla Paksha	Chaturthi (up to 20:26)	Chitra	Harshan	Bava	06:10 AM	06:30 PM	09:34 AM	21:46 PM	09:00 AM - 10:30 AM	01:30 PM - 03:00 PM	06:00 AM - 07:30 AM	11:55 AM - 12:45 PM	Normal Day
2028-03-26	Sunday	Chaitra	Shukla Paksha	Panchami (up to 19:39)	Swati	Vajra	Balava	06:10 AM	06:30 PM	10:51 AM	22:09 PM	04:30 PM - 06:00 PM	12:00 PM - 01:30 PM	03:00 PM - 04:30 PM	11:55 AM - 12:45 PM	Normal Day
2028-03-27	Monday	Chaitra	Shukla Paksha	Shasthi (up to 18:52)	Vishakha	Siddhi	Kaulava	06:10 AM	06:30 PM	12:08 PM	00:32 AM	07:30 AM - 09:00 AM	10:30 AM - 12:00 PM	01:30 PM - 03:00 PM	11:55 AM - 12:45 PM	Normal Day
2028-03-28	Tuesday	Chaitra	Shukla Paksha	Saptami (up to 17:05)	Anuradha	Vyatipat	Taitila	06:10 AM	06:30 PM	13:25 PM	01:55 AM	03:00 PM - 04:30 PM	09:00 AM - 10:30 AM	12:00 PM - 01:30 PM	11:55 AM - 12:45 PM	Normal Day
2028-03-29	Wednesday	Chaitra	Shukla Paksha	Ashtami (up to 16:18)	Jyeshtha	Variyan	Garaja	06:10 AM	06:30 PM	14:42 PM	02:18 AM	12:00 PM - 01:30 PM	07:30 AM - 09:00 AM	10:30 AM - 12:00 PM	11:55 AM - 12:45 PM	Normal Day
2028-03-30	Thursday	Chaitra	Shukla Paksha	Navami (up to 15:31)	Mula	Parigha	Vanija	06:10 AM	06:30 PM	15:59 PM	03:41 AM	01:30 PM - 03:00 PM	06:00 AM - 07:30 AM	09:00 AM - 10:30 AM	11:55 AM - 12:45 PM	Shri Rama Navami
2028-03-31	Friday	Chaitra	Shukla Paksha	Dashami (up to 14:44)	Purva Ashadha	Shiva	Vishti	06:10 AM	06:30 PM	16:16 PM	04:04 AM	10:30 AM - 12:00 PM	03:00 PM - 04:30 PM	07:30 AM - 09:00 AM	11:55 AM - 12:45 PM	Normal Day
2028-04-01	Saturday	Chaitra	Shukla Paksha	Ekadashi (up to 21:57)	Uttara Ashadha	Siddha	Bava	06:10 AM	06:30 PM	18:33 PM	06:27 AM	09:00 AM - 10:30 AM	01:30 PM - 03:00 PM	06:00 AM - 07:30 AM	11:55 AM - 12:45 PM	Kamada Ekadashi Vrat
2028-04-02	Sunday	Chaitra	Shukla Paksha	Dwadashi (up to 20:10)	Shravana	Sadhya	Balava	06:10 AM	06:30 PM	19:50 PM	07:50 AM	04:30 PM - 06:00 PM	12:00 PM - 01:30 PM	03:00 PM - 04:30 PM	11:55 AM - 12:45 PM	Normal Day
2028-04-03	Monday	Chaitra	Shukla Paksha	Trayodashi (up to 19:23)	Dhanishta	Shubha	Kaulava	06:10 AM	06:30 PM	20:07 PM	08:13 AM	07:30 AM - 09:00 AM	10:30 AM - 12:00 PM	01:30 PM - 03:00 PM	11:55 AM - 12:45 PM	Pradosh Vrat
2028-04-04	Tuesday	Chaitra	Shukla Paksha	Chaturdashi (up to 18:36)	Shatabhisha	Shukla	Taitila	06:10 AM	06:30 PM	21:24 PM	09:36 AM	03:00 PM - 04:30 PM	09:00 AM - 10:30 AM	12:00 PM - 01:30 PM	11:55 AM - 12:45 PM	Normal Day
2028-04-05	Wednesday	Chaitra	Shukla Paksha	Purnima (up to 17:49)	Purva Bhadrapada	Brahma	Garaja	06:10 AM	06:30 PM	22:41 PM	10:59 AM	12:00 PM - 01:30 PM	07:30 AM - 09:00 AM	10:30 AM - 12:00 PM	11:55 AM - 12:45 PM	Hanuman Jayanti
2028-04-06	Thursday	Chaitra	Krishna Paksha	Pratipada (up to 16:02)	Uttara Bhadrapada	Indra	Vanija	06:10 AM	06:30 PM	06:58 AM	18:22 PM	01:30 PM - 03:00 PM	06:00 AM - 07:30 AM	09:00 AM - 10:30 AM	11:55 AM - 12:45 PM	Normal Day
2028-04-07	Friday	Chaitra	Krishna Paksha	Dwitiya (up to 15:15)	Revati	Vaidhriti	Vishti	06:10 AM	06:30 PM	07:15 AM	19:45 PM	10:30 AM - 12:00 PM	03:00 PM - 04:30 PM	07:30 AM - 09:00 AM	11:55 AM - 12:45 PM	Normal Day
2028-04-08	Saturday	Chaitra	Krishna Paksha	Tritiya (up to 14:28)	Ashwini	Vishkambha	Bava	06:10 AM	06:30 PM	08:32 AM	20:08 PM	09:00 AM - 10:30 AM	01:30 PM - 03:00 PM	06:00 AM - 07:30 AM	11:55 AM - 12:45 PM	Normal Day
2028-04-09	Sunday	Chaitra	Krishna Paksha	Chaturthi (up to 21:41)	Bharani	Priti	Balava	06:10 AM	06:30 PM	09:49 AM	21:31 PM	04:30 PM - 06:00 PM	12:00 PM - 01:30 PM	03:00 PM - 04:30 PM	11:55 AM - 12:45 PM	Sankashti Chaturthi Vrat
2028-04-10	Monday	Chaitra	Krishna Paksha	Panchami (up to 20:54)	Krittika	Ayushman	Kaulava	06:10 AM	06:30 PM	10:06 AM	22:54 PM	07:30 AM - 09:00 AM	10:30 AM - 12:00 PM	01:30 PM - 03:00 PM	11:55 AM - 12:45 PM	Normal Day
2028-04-11	Tuesday	Chaitra	Krishna Paksha	Shasthi (up to 19:07)	Rohini	Saubhagya	Taitila	06:10 AM	06:30 PM	12:23 PM	00:17 AM	03:00 PM - 04:30 PM	09:00 AM - 10:30 AM	12:00 PM - 01:30 PM	11:55 AM - 12:45 PM	Normal Day
2028-04-12	Wednesday	Chaitra	Krishna Paksha	Saptami (up to 18:20)	Mrigashira	Sobhana	Garaja	06:10 AM	06:30 PM	13:40 PM	01:40 AM	12:00 PM - 01:30 PM	07:30 AM - 09:00 AM	10:30 AM - 12:00 PM	11:55 AM - 12:45 PM	Normal Day
2028-04-13	Thursday	Chaitra	Krishna Paksha	Ashtami (up to 17:33)	Ardra	Atiganda	Vanija	06:10 AM	06:30 PM	14:57 PM	02:03 AM	01:30 PM - 03:00 PM	06:00 AM - 07:30 AM	09:00 AM - 10:30 AM	11:55 AM - 12:45 PM	Normal Day
2028-04-14	Friday	Chaitra	Krishna Paksha	Navami (up to 16:46)	Punarvasu	Sukarma	Vishti	06:10 AM	06:30 PM	15:14 PM	03:26 AM	10:30 AM - 12:00 PM	03:00 PM - 04:30 PM	07:30 AM - 09:00 AM	11:55 AM - 12:45 PM	Normal Day
2028-04-15	Saturday	Chaitra	Krishna Paksha	Dashami (up to 15:59)	Pushya	Dhriti	Bava	06:10 AM	06:30 PM	16:31 PM	04:49 AM	09:00 AM - 10:30 AM	01:30 PM - 03:00 PM	06:00 AM - 07:30 AM	11:55 AM - 12:45 PM	Normal Day
2028-04-16	Sunday	Chaitra	Krishna Paksha	Ekadashi (up to 14:12)	Ashlesha	Shool	Balava	06:10 AM	06:30 PM	18:48 PM	06:12 AM	04:30 PM - 06:00 PM	12:00 PM - 01:30 PM	03:00 PM - 04:30 PM	11:55 AM - 12:45 PM	Papmochani Ekadashi Vrat
2028-04-17	Monday	Chaitra	Krishna Paksha	Dwadashi (up to 21:25)	Magha	Ganda	Kaulava	06:10 AM	06:30 PM	19:05 PM	07:35 AM	07:30 AM - 09:00 AM	10:30 AM - 12:00 PM	01:30 PM - 03:00 PM	11:55 AM - 12:45 PM	Normal Day
2028-04-18	Tuesday	Chaitra	Krishna Paksha	Trayodashi (up to 20:38)	Purva Phalguni	Vriddhi	Taitila	06:10 AM	06:30 PM	20:22 PM	08:58 AM	03:00 PM - 04:30 PM	09:00 AM - 10:30 AM	12:00 PM - 01:30 PM	11:55 AM - 12:45 PM	Pradosh Vrat
2028-04-19	Wednesday	Chaitra	Krishna Paksha	Chaturdashi (up to 19:51)	Uttara Phalguni	Dhruva	Garaja	06:10 AM	06:30 PM	21:39 PM	09:21 AM	12:00 PM - 01:30 PM	07:30 AM - 09:00 AM	10:30 AM - 12:00 PM	11:55 AM - 12:45 PM	Normal Day
2028-04-20	Thursday	Chaitra	Krishna Paksha	Purnima (up to 18:04)	Hasta	Vyaghat	Vanija	06:10 AM	06:30 PM	22:56 PM	10:44 AM	01:30 PM - 03:00 PM	06:00 AM - 07:30 AM	09:00 AM - 10:30 AM	11:55 AM - 12:45 PM	Amavasya (Pitru Tarpan)
2028-04-21	Friday	Vaishakha	Shukla Paksha	Pratipada (up to 17:17)	Chitra	Harshan	Vishti	06:10 AM	06:30 PM	06:13 AM	18:07 PM	10:30 AM - 12:00 PM	03:00 PM - 04:30 PM	07:30 AM - 09:00 AM	11:55 AM - 12:45 PM	Normal Day
2028-04-22	Saturday	Vaishakha	Shukla Paksha	Dwitiya (up to 16:30)	Swati	Vajra	Bava	06:10 AM	06:30 PM	07:30 AM	19:30 PM	09:00 AM - 10:30 AM	01:30 PM - 03:00 PM	06:00 AM - 07:30 AM	11:55 AM - 12:45 PM	Normal Day
2028-04-23	Sunday	Vaishakha	Shukla Paksha	Tritiya (up to 15:43)	Vishakha	Siddhi	Balava	06:10 AM	06:30 PM	08:47 AM	20:53 PM	04:30 PM - 06:00 PM	12:00 PM - 01:30 PM	03:00 PM - 04:30 PM	11:55 AM - 12:45 PM	Akshaya Tritiya
2028-04-24	Monday	Vaishakha	Shukla Paksha	Chaturthi (up to 14:56)	Anuradha	Vyatipat	Kaulava	06:10 AM	06:30 PM	09:04 AM	21:16 PM	07:30 AM - 09:00 AM	10:30 AM - 12:00 PM	01:30 PM - 03:00 PM	11:55 AM - 12:45 PM	Normal Day
2028-04-25	Tuesday	Vaishakha	Shukla Paksha	Panchami (up to 21:09)	Jyeshtha	Variyan	Taitila	06:10 AM	06:30 PM	10:21 AM	22:39 PM	03:00 PM - 04:30 PM	09:00 AM - 10:30 AM	12:00 PM - 01:30 PM	11:55 AM - 12:45 PM	Normal Day
2028-04-26	Wednesday	Vaishakha	Shukla Paksha	Shasthi (up to 20:22)	Mula	Parigha	Garaja	06:10 AM	06:30 PM	12:38 PM	00:02 AM	12:00 PM - 01:30 PM	07:30 AM - 09:00 AM	10:30 AM - 12:00 PM	11:55 AM - 12:45 PM	Normal Day
2028-04-27	Thursday	Vaishakha	Shukla Paksha	Saptami (up to 19:35)	Purva Ashadha	Shiva	Vanija	06:10 AM	06:30 PM	13:55 PM	01:25 AM	01:30 PM - 03:00 PM	06:00 AM - 07:30 AM	09:00 AM - 10:30 AM	11:55 AM - 12:45 PM	Normal Day
2028-04-28	Friday	Vaishakha	Shukla Paksha	Ashtami (up to 18:48)	Uttara Ashadha	Siddha	Vishti	06:10 AM	06:30 PM	14:12 PM	02:48 AM	10:30 AM - 12:00 PM	03:00 PM - 04:30 PM	07:30 AM - 09:00 AM	11:55 AM - 12:45 PM	Normal Day
2028-04-29	Saturday	Vaishakha	Shukla Paksha	Navami (up to 17:01)	Shravana	Sadhya	Bava	06:10 AM	06:30 PM	15:29 PM	03:11 AM	09:00 AM - 10:30 AM	01:30 PM - 03:00 PM	06:00 AM - 07:30 AM	11:55 AM - 12:45 PM	Normal Day
2028-04-30	Sunday	Vaishakha	Shukla Paksha	Dashami (up to 16:14)	Dhanishta	Shubha	Balava	06:10 AM	06:30 PM	16:46 PM	04:34 AM	04:30 PM - 06:00 PM	12:00 PM - 01:30 PM	03:00 PM - 04:30 PM	11:55 AM - 12:45 PM	Normal Day
2028-05-01	Monday	Vaishakha	Shukla Paksha	Ekadashi (up to 15:27)	Shatabhisha	Shukla	Kaulava	06:10 AM	06:30 PM	18:03 PM	06:57 AM	07:30 AM - 09:00 AM	10:30 AM - 12:00 PM	01:30 PM - 03:00 PM	11:55 AM - 12:45 PM	Mohini Ekadashi Vrat
2028-05-02	Tuesday	Vaishakha	Shukla Paksha	Dwadashi (up to 14:40)	Purva Bhadrapada	Brahma	Taitila	06:10 AM	06:30 PM	19:20 PM	07:20 AM	03:00 PM - 04:30 PM	09:00 AM - 10:30 AM	12:00 PM - 01:30 PM	11:55 AM - 12:45 PM	Normal Day
2028-05-03	Wednesday	Vaishakha	Shukla Paksha	Trayodashi (up to 21:53)	Uttara Bhadrapada	Indra	Garaja	06:10 AM	06:30 PM	20:37 PM	08:43 AM	12:00 PM - 01:30 PM	07:30 AM - 09:00 AM	10:30 AM - 12:00 PM	11:55 AM - 12:45 PM	Pradosh Vrat
2028-05-04	Thursday	Vaishakha	Shukla Paksha	Chaturdashi (up to 20:06)	Revati	Vaidhriti	Vanija	06:10 AM	06:30 PM	21:54 PM	09:06 AM	01:30 PM - 03:00 PM	06:00 AM - 07:30 AM	09:00 AM - 10:30 AM	11:55 AM - 12:45 PM	Normal Day
2028-05-05	Friday	Vaishakha	Shukla Paksha	Purnima (up to 19:19)	Ashwini	Vishkambha	Vishti	06:10 AM	06:30 PM	22:11 PM	10:29 AM	10:30 AM - 12:00 PM	03:00 PM - 04:30 PM	07:30 AM - 09:00 AM	11:55 AM - 12:45 PM	Purnima Vrat & Satyanarayan Puja
2028-05-06	Saturday	Vaishakha	Krishna Paksha	Pratipada (up to 18:32)	Bharani	Priti	Bava	06:10 AM	06:30 PM	06:28 AM	18:52 PM	09:00 AM - 10:30 AM	01:30 PM - 03:00 PM	06:00 AM - 07:30 AM	11:55 AM - 12:45 PM	Normal Day
2028-05-07	Sunday	Vaishakha	Krishna Paksha	Dwitiya (up to 17:45)	Krittika	Ayushman	Balava	06:10 AM	06:30 PM	07:45 AM	19:15 PM	04:30 PM - 06:00 PM	12:00 PM - 01:30 PM	03:00 PM - 04:30 PM	11:55 AM - 12:45 PM	Normal Day
2028-05-08	Monday	Vaishakha	Krishna Paksha	Tritiya (up to 16:58)	Rohini	Saubhagya	Kaulava	06:10 AM	06:30 PM	08:02 AM	20:38 PM	07:30 AM - 09:00 AM	10:30 AM - 12:00 PM	01:30 PM - 03:00 PM	11:55 AM - 12:45 PM	Normal Day
2028-05-09	Tuesday	Vaishakha	Krishna Paksha	Chaturthi (up to 15:11)	Mrigashira	Sobhana	Taitila	06:10 AM	06:30 PM	09:19 AM	21:01 PM	03:00 PM - 04:30 PM	09:00 AM - 10:30 AM	12:00 PM - 01:30 PM	11:55 AM - 12:45 PM	Sankashti Chaturthi Vrat
2028-05-10	Wednesday	Vaishakha	Krishna Paksha	Panchami (up to 14:24)	Ardra	Atiganda	Garaja	06:10 AM	06:30 PM	10:36 AM	22:24 PM	12:00 PM - 01:30 PM	07:30 AM - 09:00 AM	10:30 AM - 12:00 PM	11:55 AM - 12:45 PM	Normal Day
2028-05-11	Thursday	Vaishakha	Krishna Paksha	Shasthi (up to 21:37)	Punarvasu	Sukarma	Vanija	06:10 AM	06:30 PM	12:53 PM	00:47 AM	01:30 PM - 03:00 PM	06:00 AM - 07:30 AM	09:00 AM - 10:30 AM	11:55 AM - 12:45 PM	Normal Day
2028-05-12	Friday	Vaishakha	Krishna Paksha	Saptami (up to 20:50)	Pushya	Dhriti	Vishti	06:10 AM	06:30 PM	13:10 PM	01:10 AM	10:30 AM - 12:00 PM	03:00 PM - 04:30 PM	07:30 AM - 09:00 AM	11:55 AM - 12:45 PM	Normal Day
2028-05-13	Saturday	Vaishakha	Krishna Paksha	Ashtami (up to 19:03)	Ashlesha	Shool	Bava	06:10 AM	06:30 PM	14:27 PM	02:33 AM	09:00 AM - 10:30 AM	01:30 PM - 03:00 PM	06:00 AM - 07:30 AM	11:55 AM - 12:45 PM	Normal Day
2028-05-14	Sunday	Vaishakha	Krishna Paksha	Navami (up to 18:16)	Magha	Ganda	Balava	06:10 AM	06:30 PM	15:44 PM	03:56 AM	04:30 PM - 06:00 PM	12:00 PM - 01:30 PM	03:00 PM - 04:30 PM	11:55 AM - 12:45 PM	Normal Day
2028-05-15	Monday	Vaishakha	Krishna Paksha	Dashami (up to 17:29)	Purva Phalguni	Vriddhi	Kaulava	06:10 AM	06:30 PM	16:01 PM	04:19 AM	07:30 AM - 09:00 AM	10:30 AM - 12:00 PM	01:30 PM - 03:00 PM	11:55 AM - 12:45 PM	Normal Day
2028-05-16	Tuesday	Vaishakha	Krishna Paksha	Ekadashi (up to 16:42)	Uttara Phalguni	Dhruva	Taitila	06:10 AM	06:30 PM	18:18 PM	06:42 AM	03:00 PM - 04:30 PM	09:00 AM - 10:30 AM	12:00 PM - 01:30 PM	11:55 AM - 12:45 PM	Varuthini Ekadashi Vrat
2028-05-17	Wednesday	Vaishakha	Krishna Paksha	Dwadashi (up to 15:55)	Hasta	Vyaghat	Garaja	06:10 AM	06:30 PM	19:35 PM	07:05 AM	12:00 PM - 01:30 PM	07:30 AM - 09:00 AM	10:30 AM - 12:00 PM	11:55 AM - 12:45 PM	Normal Day
2028-05-18	Thursday	Vaishakha	Krishna Paksha	Trayodashi (up to 14:08)	Chitra	Harshan	Vanija	06:10 AM	06:30 PM	20:52 PM	08:28 AM	01:30 PM - 03:00 PM	06:00 AM - 07:30 AM	09:00 AM - 10:30 AM	11:55 AM - 12:45 PM	Pradosh Vrat
2028-05-19	Friday	Vaishakha	Krishna Paksha	Chaturdashi (up to 21:21)	Swati	Vajra	Vishti	06:10 AM	06:30 PM	21:09 PM	09:51 AM	10:30 AM - 12:00 PM	03:00 PM - 04:30 PM	07:30 AM - 09:00 AM	11:55 AM - 12:45 PM	Normal Day
2028-05-20	Saturday	Vaishakha	Krishna Paksha	Purnima (up to 20:34)	Vishakha	Siddhi	Bava	06:10 AM	06:30 PM	22:26 PM	10:14 AM	09:00 AM - 10:30 AM	01:30 PM - 03:00 PM	06:00 AM - 07:30 AM	11:55 AM - 12:45 PM	Amavasya (Pitru Tarpan)
2028-05-21	Sunday	Jyeshtha	Shukla Paksha	Pratipada (up to 19:47)	Anuradha	Vyatipat	Balava	06:10 AM	06:30 PM	06:43 AM	18:37 PM	04:30 PM - 06:00 PM	12:00 PM - 01:30 PM	03:00 PM - 04:30 PM	11:55 AM - 12:45 PM	Normal Day
2028-05-22	Monday	Jyeshtha	Shukla Paksha	Dwitiya (up to 18:00)	Jyeshtha	Variyan	Kaulava	06:10 AM	06:30 PM	07:00 AM	19:00 PM	07:30 AM - 09:00 AM	10:30 AM - 12:00 PM	01:30 PM - 03:00 PM	11:55 AM - 12:45 PM	Normal Day
2028-05-23	Tuesday	Jyeshtha	Shukla Paksha	Tritiya (up to 17:13)	Mula	Parigha	Taitila	06:10 AM	06:30 PM	08:17 AM	20:23 PM	03:00 PM - 04:30 PM	09:00 AM - 10:30 AM	12:00 PM - 01:30 PM	11:55 AM - 12:45 PM	Normal Day
2028-05-24	Wednesday	Jyeshtha	Shukla Paksha	Chaturthi (up to 16:26)	Purva Ashadha	Shiva	Garaja	06:10 AM	06:30 PM	09:34 AM	21:46 PM	12:00 PM - 01:30 PM	07:30 AM - 09:00 AM	10:30 AM - 12:00 PM	11:55 AM - 12:45 PM	Normal Day
2028-05-25	Thursday	Jyeshtha	Shukla Paksha	Panchami (up to 15:39)	Uttara Ashadha	Siddha	Vanija	06:10 AM	06:30 PM	10:51 AM	22:09 PM	01:30 PM - 03:00 PM	06:00 AM - 07:30 AM	09:00 AM - 10:30 AM	11:55 AM - 12:45 PM	Normal Day
2028-05-26	Friday	Jyeshtha	Shukla Paksha	Shasthi (up to 14:52)	Shravana	Sadhya	Vishti	06:10 AM	06:30 PM	12:08 PM	00:32 AM	10:30 AM - 12:00 PM	03:00 PM - 04:30 PM	07:30 AM - 09:00 AM	11:55 AM - 12:45 PM	Normal Day
2028-05-27	Saturday	Jyeshtha	Shukla Paksha	Saptami (up to 21:05)	Dhanishta	Shubha	Bava	06:10 AM	06:30 PM	13:25 PM	01:55 AM	09:00 AM - 10:30 AM	01:30 PM - 03:00 PM	06:00 AM - 07:30 AM	11:55 AM - 12:45 PM	Normal Day
2028-05-28	Sunday	Jyeshtha	Shukla Paksha	Ashtami (up to 20:18)	Shatabhisha	Shukla	Balava	06:10 AM	06:30 PM	14:42 PM	02:18 AM	04:30 PM - 06:00 PM	12:00 PM - 01:30 PM	03:00 PM - 04:30 PM	11:55 AM - 12:45 PM	Normal Day
2028-05-29	Monday	Jyeshtha	Shukla Paksha	Navami (up to 19:31)	Purva Bhadrapada	Brahma	Kaulava	06:10 AM	06:30 PM	15:59 PM	03:41 AM	07:30 AM - 09:00 AM	10:30 AM - 12:00 PM	01:30 PM - 03:00 PM	11:55 AM - 12:45 PM	Normal Day
2028-05-30	Tuesday	Jyeshtha	Shukla Paksha	Dashami (up to 18:44)	Uttara Bhadrapada	Indra	Taitila	06:10 AM	06:30 PM	16:16 PM	04:04 AM	03:00 PM - 04:30 PM	09:00 AM - 10:30 AM	12:00 PM - 01:30 PM	11:55 AM - 12:45 PM	Normal Day
2028-05-31	Wednesday	Jyeshtha	Shukla Paksha	Ekadashi (up to 17:57)	Revati	Vaidhriti	Garaja	06:10 AM	06:30 PM	18:33 PM	06:27 AM	12:00 PM - 01:30 PM	07:30 AM - 09:00 AM	10:30 AM - 12:00 PM	11:55 AM - 12:45 PM	Nirjala Ekadashi Vrat
2028-06-01	Thursday	Jyeshtha	Shukla Paksha	Dwadashi (up to 16:10)	Ashwini	Vishkambha	Vanija	05:35 AM	07:15 PM	19:50 PM	07:50 AM	01:30 PM - 03:00 PM	06:00 AM - 07:30 AM	09:00 AM - 10:30 AM	11:55 AM - 12:45 PM	Normal Day
2028-06-02	Friday	Jyeshtha	Shukla Paksha	Trayodashi (up to 15:23)	Bharani	Priti	Vishti	05:35 AM	07:15 PM	20:07 PM	08:13 AM	10:30 AM - 12:00 PM	03:00 PM - 04:30 PM	07:30 AM - 09:00 AM	11:55 AM - 12:45 PM	Pradosh Vrat
2028-06-03	Saturday	Jyeshtha	Shukla Paksha	Chaturdashi (up to 14:36)	Krittika	Ayushman	Bava	05:35 AM	07:15 PM	21:24 PM	09:36 AM	09:00 AM - 10:30 AM	01:30 PM - 03:00 PM	06:00 AM - 07:30 AM	11:55 AM - 12:45 PM	Normal Day
2028-06-04	Sunday	Jyeshtha	Shukla Paksha	Purnima (up to 21:49)	Rohini	Saubhagya	Balava	05:35 AM	07:15 PM	22:41 PM	10:59 AM	04:30 PM - 06:00 PM	12:00 PM - 01:30 PM	03:00 PM - 04:30 PM	11:55 AM - 12:45 PM	Purnima Vrat & Satyanarayan Puja
2028-06-05	Monday	Jyeshtha	Krishna Paksha	Pratipada (up to 20:02)	Mrigashira	Sobhana	Kaulava	05:35 AM	07:15 PM	06:58 AM	18:22 PM	07:30 AM - 09:00 AM	10:30 AM - 12:00 PM	01:30 PM - 03:00 PM	11:55 AM - 12:45 PM	Normal Day
2028-06-06	Tuesday	Jyeshtha	Krishna Paksha	Dwitiya (up to 19:15)	Ardra	Atiganda	Taitila	05:35 AM	07:15 PM	07:15 AM	19:45 PM	03:00 PM - 04:30 PM	09:00 AM - 10:30 AM	12:00 PM - 01:30 PM	11:55 AM - 12:45 PM	Normal Day
2028-06-07	Wednesday	Jyeshtha	Krishna Paksha	Tritiya (up to 18:28)	Punarvasu	Sukarma	Garaja	05:35 AM	07:15 PM	08:32 AM	20:08 PM	12:00 PM - 01:30 PM	07:30 AM - 09:00 AM	10:30 AM - 12:00 PM	11:55 AM - 12:45 PM	Normal Day
2028-06-08	Thursday	Jyeshtha	Krishna Paksha	Chaturthi (up to 17:41)	Pushya	Dhriti	Vanija	05:35 AM	07:15 PM	09:49 AM	21:31 PM	01:30 PM - 03:00 PM	06:00 AM - 07:30 AM	09:00 AM - 10:30 AM	11:55 AM - 12:45 PM	Sankashti Chaturthi Vrat
2028-06-09	Friday	Jyeshtha	Krishna Paksha	Panchami (up to 16:54)	Ashlesha	Shool	Vishti	05:35 AM	07:15 PM	10:06 AM	22:54 PM	10:30 AM - 12:00 PM	03:00 PM - 04:30 PM	07:30 AM - 09:00 AM	11:55 AM - 12:45 PM	Normal Day
2028-06-10	Saturday	Jyeshtha	Krishna Paksha	Shasthi (up to 15:07)	Magha	Ganda	Bava	05:35 AM	07:15 PM	12:23 PM	00:17 AM	09:00 AM - 10:30 AM	01:30 PM - 03:00 PM	06:00 AM - 07:30 AM	11:55 AM - 12:45 PM	Normal Day
2028-06-11	Sunday	Jyeshtha	Krishna Paksha	Saptami (up to 14:20)	Purva Phalguni	Vriddhi	Balava	05:35 AM	07:15 PM	13:40 PM	01:40 AM	04:30 PM - 06:00 PM	12:00 PM - 01:30 PM	03:00 PM - 04:30 PM	11:55 AM - 12:45 PM	Normal Day
2028-06-12	Monday	Jyeshtha	Krishna Paksha	Ashtami (up to 21:33)	Uttara Phalguni	Dhruva	Kaulava	05:35 AM	07:15 PM	14:57 PM	02:03 AM	07:30 AM - 09:00 AM	10:30 AM - 12:00 PM	01:30 PM - 03:00 PM	11:55 AM - 12:45 PM	Normal Day
2028-06-13	Tuesday	Jyeshtha	Krishna Paksha	Navami (up to 20:46)	Hasta	Vyaghat	Taitila	05:35 AM	07:15 PM	15:14 PM	03:26 AM	03:00 PM - 04:30 PM	09:00 AM - 10:30 AM	12:00 PM - 01:30 PM	11:55 AM - 12:45 PM	Normal Day
2028-06-14	Wednesday	Jyeshtha	Krishna Paksha	Dashami (up to 19:59)	Chitra	Harshan	Garaja	05:35 AM	07:15 PM	16:31 PM	04:49 AM	12:00 PM - 01:30 PM	07:30 AM - 09:00 AM	10:30 AM - 12:00 PM	11:55 AM - 12:45 PM	Normal Day
2028-06-15	Thursday	Jyeshtha	Krishna Paksha	Ekadashi (up to 18:12)	Swati	Vajra	Vanija	05:35 AM	07:15 PM	18:48 PM	06:12 AM	01:30 PM - 03:00 PM	06:00 AM - 07:30 AM	09:00 AM - 10:30 AM	11:55 AM - 12:45 PM	Apara Ekadashi Vrat
2028-06-16	Friday	Jyeshtha	Krishna Paksha	Dwadashi (up to 17:25)	Vishakha	Siddhi	Vishti	05:35 AM	07:15 PM	19:05 PM	07:35 AM	10:30 AM - 12:00 PM	03:00 PM - 04:30 PM	07:30 AM - 09:00 AM	11:55 AM - 12:45 PM	Normal Day
2028-06-17	Saturday	Jyeshtha	Krishna Paksha	Trayodashi (up to 16:38)	Anuradha	Vyatipat	Bava	05:35 AM	07:15 PM	20:22 PM	08:58 AM	09:00 AM - 10:30 AM	01:30 PM - 03:00 PM	06:00 AM - 07:30 AM	11:55 AM - 12:45 PM	Pradosh Vrat
2028-06-18	Sunday	Jyeshtha	Krishna Paksha	Chaturdashi (up to 15:51)	Jyeshtha	Variyan	Balava	05:35 AM	07:15 PM	21:39 PM	09:21 AM	04:30 PM - 06:00 PM	12:00 PM - 01:30 PM	03:00 PM - 04:30 PM	11:55 AM - 12:45 PM	Normal Day
2028-06-19	Monday	Jyeshtha	Krishna Paksha	Purnima (up to 14:04)	Mula	Parigha	Kaulava	05:35 AM	07:15 PM	22:56 PM	10:44 AM	07:30 AM - 09:00 AM	10:30 AM - 12:00 PM	01:30 PM - 03:00 PM	11:55 AM - 12:45 PM	Amavasya (Pitru Tarpan)
2028-06-20	Tuesday	Ashadha	Shukla Paksha	Pratipada (up to 21:17)	Purva Ashadha	Shiva	Taitila	05:35 AM	07:15 PM	06:13 AM	18:07 PM	03:00 PM - 04:30 PM	09:00 AM - 10:30 AM	12:00 PM - 01:30 PM	11:55 AM - 12:45 PM	Normal Day
2028-06-21	Wednesday	Ashadha	Shukla Paksha	Dwitiya (up to 20:30)	Uttara Ashadha	Siddha	Garaja	05:35 AM	07:15 PM	07:30 AM	19:30 PM	12:00 PM - 01:30 PM	07:30 AM - 09:00 AM	10:30 AM - 12:00 PM	11:55 AM - 12:45 PM	Normal Day
2028-06-22	Thursday	Ashadha	Shukla Paksha	Tritiya (up to 19:43)	Shravana	Sadhya	Vanija	05:35 AM	07:15 PM	08:47 AM	20:53 PM	01:30 PM - 03:00 PM	06:00 AM - 07:30 AM	09:00 AM - 10:30 AM	11:55 AM - 12:45 PM	Normal Day
2028-06-23	Friday	Ashadha	Shukla Paksha	Chaturthi (up to 18:56)	Dhanishta	Shubha	Vishti	05:35 AM	07:15 PM	09:04 AM	21:16 PM	10:30 AM - 12:00 PM	03:00 PM - 04:30 PM	07:30 AM - 09:00 AM	11:55 AM - 12:45 PM	Normal Day
2028-06-24	Saturday	Ashadha	Shukla Paksha	Panchami (up to 17:09)	Shatabhisha	Shukla	Bava	05:35 AM	07:15 PM	10:21 AM	22:39 PM	09:00 AM - 10:30 AM	01:30 PM - 03:00 PM	06:00 AM - 07:30 AM	11:55 AM - 12:45 PM	Normal Day
2028-06-25	Sunday	Ashadha	Shukla Paksha	Shasthi (up to 16:22)	Purva Bhadrapada	Brahma	Balava	05:35 AM	07:15 PM	12:38 PM	00:02 AM	04:30 PM - 06:00 PM	12:00 PM - 01:30 PM	03:00 PM - 04:30 PM	11:55 AM - 12:45 PM	Normal Day
2028-06-26	Monday	Ashadha	Shukla Paksha	Saptami (up to 15:35)	Uttara Bhadrapada	Indra	Kaulava	05:35 AM	07:15 PM	13:55 PM	01:25 AM	07:30 AM - 09:00 AM	10:30 AM - 12:00 PM	01:30 PM - 03:00 PM	11:55 AM - 12:45 PM	Normal Day
2028-06-27	Tuesday	Ashadha	Shukla Paksha	Ashtami (up to 14:48)	Revati	Vaidhriti	Taitila	05:35 AM	07:15 PM	14:12 PM	02:48 AM	03:00 PM - 04:30 PM	09:00 AM - 10:30 AM	12:00 PM - 01:30 PM	11:55 AM - 12:45 PM	Normal Day
2028-06-28	Wednesday	Ashadha	Shukla Paksha	Navami (up to 21:01)	Ashwini	Vishkambha	Garaja	05:35 AM	07:15 PM	15:29 PM	03:11 AM	12:00 PM - 01:30 PM	07:30 AM - 09:00 AM	10:30 AM - 12:00 PM	11:55 AM - 12:45 PM	Normal Day
2028-06-29	Thursday	Ashadha	Shukla Paksha	Dashami (up to 20:14)	Bharani	Priti	Vanija	05:35 AM	07:15 PM	16:46 PM	04:34 AM	01:30 PM - 03:00 PM	06:00 AM - 07:30 AM	09:00 AM - 10:30 AM	11:55 AM - 12:45 PM	Normal Day
2028-06-30	Friday	Ashadha	Shukla Paksha	Ekadashi (up to 19:27)	Krittika	Ayushman	Vishti	05:35 AM	07:15 PM	18:03 PM	06:57 AM	10:30 AM - 12:00 PM	03:00 PM - 04:30 PM	07:30 AM - 09:00 AM	11:55 AM - 12:45 PM	Devshayani Ekadashi Vrat
2028-07-01	Saturday	Ashadha	Shukla Paksha	Dwadashi (up to 18:40)	Rohini	Saubhagya	Bava	05:35 AM	07:15 PM	19:20 PM	07:20 AM	09:00 AM - 10:30 AM	01:30 PM - 03:00 PM	06:00 AM - 07:30 AM	11:55 AM - 12:45 PM	Normal Day
2028-07-02	Sunday	Ashadha	Shukla Paksha	Trayodashi (up to 17:53)	Mrigashira	Sobhana	Balava	05:35 AM	07:15 PM	20:37 PM	08:43 AM	04:30 PM - 06:00 PM	12:00 PM - 01:30 PM	03:00 PM - 04:30 PM	11:55 AM - 12:45 PM	Pradosh Vrat
2028-07-03	Monday	Ashadha	Shukla Paksha	Chaturdashi (up to 16:06)	Ardra	Atiganda	Kaulava	05:35 AM	07:15 PM	21:54 PM	09:06 AM	07:30 AM - 09:00 AM	10:30 AM - 12:00 PM	01:30 PM - 03:00 PM	11:55 AM - 12:45 PM	Normal Day
2028-07-04	Tuesday	Ashadha	Shukla Paksha	Purnima (up to 15:19)	Punarvasu	Sukarma	Taitila	05:35 AM	07:15 PM	22:11 PM	10:29 AM	03:00 PM - 04:30 PM	09:00 AM - 10:30 AM	12:00 PM - 01:30 PM	11:55 AM - 12:45 PM	Guru Purnima / Vyasa Puja
2028-07-05	Wednesday	Ashadha	Krishna Paksha	Pratipada (up to 14:32)	Pushya	Dhriti	Garaja	05:35 AM	07:15 PM	06:28 AM	18:52 PM	12:00 PM - 01:30 PM	07:30 AM - 09:00 AM	10:30 AM - 12:00 PM	11:55 AM - 12:45 PM	Normal Day
2028-07-06	Thursday	Ashadha	Krishna Paksha	Dwitiya (up to 21:45)	Ashlesha	Shool	Vanija	05:35 AM	07:15 PM	07:45 AM	19:15 PM	01:30 PM - 03:00 PM	06:00 AM - 07:30 AM	09:00 AM - 10:30 AM	11:55 AM - 12:45 PM	Normal Day
2028-07-07	Friday	Ashadha	Krishna Paksha	Tritiya (up to 20:58)	Magha	Ganda	Vishti	05:35 AM	07:15 PM	08:02 AM	20:38 PM	10:30 AM - 12:00 PM	03:00 PM - 04:30 PM	07:30 AM - 09:00 AM	11:55 AM - 12:45 PM	Normal Day
2028-07-08	Saturday	Ashadha	Krishna Paksha	Chaturthi (up to 19:11)	Purva Phalguni	Vriddhi	Bava	05:35 AM	07:15 PM	09:19 AM	21:01 PM	09:00 AM - 10:30 AM	01:30 PM - 03:00 PM	06:00 AM - 07:30 AM	11:55 AM - 12:45 PM	Sankashti Chaturthi Vrat
2028-07-09	Sunday	Ashadha	Krishna Paksha	Panchami (up to 18:24)	Uttara Phalguni	Dhruva	Balava	05:35 AM	07:15 PM	10:36 AM	22:24 PM	04:30 PM - 06:00 PM	12:00 PM - 01:30 PM	03:00 PM - 04:30 PM	11:55 AM - 12:45 PM	Normal Day
2028-07-10	Monday	Ashadha	Krishna Paksha	Shasthi (up to 17:37)	Hasta	Vyaghat	Kaulava	05:35 AM	07:15 PM	12:53 PM	00:47 AM	07:30 AM - 09:00 AM	10:30 AM - 12:00 PM	01:30 PM - 03:00 PM	11:55 AM - 12:45 PM	Normal Day
2028-07-11	Tuesday	Ashadha	Krishna Paksha	Saptami (up to 16:50)	Chitra	Harshan	Taitila	05:35 AM	07:15 PM	13:10 PM	01:10 AM	03:00 PM - 04:30 PM	09:00 AM - 10:30 AM	12:00 PM - 01:30 PM	11:55 AM - 12:45 PM	Normal Day
2028-07-12	Wednesday	Ashadha	Krishna Paksha	Ashtami (up to 15:03)	Swati	Vajra	Garaja	05:35 AM	07:15 PM	14:27 PM	02:33 AM	12:00 PM - 01:30 PM	07:30 AM - 09:00 AM	10:30 AM - 12:00 PM	11:55 AM - 12:45 PM	Normal Day
2028-07-13	Thursday	Ashadha	Krishna Paksha	Navami (up to 14:16)	Vishakha	Siddhi	Vanija	05:35 AM	07:15 PM	15:44 PM	03:56 AM	01:30 PM - 03:00 PM	06:00 AM - 07:30 AM	09:00 AM - 10:30 AM	11:55 AM - 12:45 PM	Normal Day
2028-07-14	Friday	Ashadha	Krishna Paksha	Dashami (up to 21:29)	Anuradha	Vyatipat	Vishti	05:35 AM	07:15 PM	16:01 PM	04:19 AM	10:30 AM - 12:00 PM	03:00 PM - 04:30 PM	07:30 AM - 09:00 AM	11:55 AM - 12:45 PM	Normal Day
2028-07-15	Saturday	Ashadha	Krishna Paksha	Ekadashi (up to 20:42)	Jyeshtha	Variyan	Bava	05:35 AM	07:15 PM	18:18 PM	06:42 AM	09:00 AM - 10:30 AM	01:30 PM - 03:00 PM	06:00 AM - 07:30 AM	11:55 AM - 12:45 PM	Yogini Ekadashi Vrat
2028-07-16	Sunday	Ashadha	Krishna Paksha	Dwadashi (up to 19:55)	Mula	Parigha	Balava	05:35 AM	07:15 PM	19:35 PM	07:05 AM	04:30 PM - 06:00 PM	12:00 PM - 01:30 PM	03:00 PM - 04:30 PM	11:55 AM - 12:45 PM	Normal Day
2028-07-17	Monday	Ashadha	Krishna Paksha	Trayodashi (up to 18:08)	Purva Ashadha	Shiva	Kaulava	05:35 AM	07:15 PM	20:52 PM	08:28 AM	07:30 AM - 09:00 AM	10:30 AM - 12:00 PM	01:30 PM - 03:00 PM	11:55 AM - 12:45 PM	Pradosh Vrat
2028-07-18	Tuesday	Ashadha	Krishna Paksha	Chaturdashi (up to 17:21)	Uttara Ashadha	Siddha	Taitila	05:35 AM	07:15 PM	21:09 PM	09:51 AM	03:00 PM - 04:30 PM	09:00 AM - 10:30 AM	12:00 PM - 01:30 PM	11:55 AM - 12:45 PM	Normal Day
2028-07-19	Wednesday	Ashadha	Krishna Paksha	Purnima (up to 16:34)	Shravana	Sadhya	Garaja	05:35 AM	07:15 PM	22:26 PM	10:14 AM	12:00 PM - 01:30 PM	07:30 AM - 09:00 AM	10:30 AM - 12:00 PM	11:55 AM - 12:45 PM	Amavasya (Pitru Tarpan)
2028-07-20	Thursday	Shravana	Shukla Paksha	Pratipada (up to 15:47)	Dhanishta	Shubha	Vanija	05:35 AM	07:15 PM	06:43 AM	18:37 PM	01:30 PM - 03:00 PM	06:00 AM - 07:30 AM	09:00 AM - 10:30 AM	11:55 AM - 12:45 PM	Normal Day
2028-07-21	Friday	Shravana	Shukla Paksha	Dwitiya (up to 14:00)	Shatabhisha	Shukla	Vishti	05:35 AM	07:15 PM	07:00 AM	19:00 PM	10:30 AM - 12:00 PM	03:00 PM - 04:30 PM	07:30 AM - 09:00 AM	11:55 AM - 12:45 PM	Normal Day
2028-07-22	Saturday	Shravana	Shukla Paksha	Tritiya (up to 21:13)	Purva Bhadrapada	Brahma	Bava	05:35 AM	07:15 PM	08:17 AM	20:23 PM	09:00 AM - 10:30 AM	01:30 PM - 03:00 PM	06:00 AM - 07:30 AM	11:55 AM - 12:45 PM	Normal Day
2028-07-23	Sunday	Shravana	Shukla Paksha	Chaturthi (up to 20:26)	Uttara Bhadrapada	Indra	Balava	05:35 AM	07:15 PM	09:34 AM	21:46 PM	04:30 PM - 06:00 PM	12:00 PM - 01:30 PM	03:00 PM - 04:30 PM	11:55 AM - 12:45 PM	Normal Day
2028-07-24	Monday	Shravana	Shukla Paksha	Panchami (up to 19:39)	Revati	Vaidhriti	Kaulava	05:35 AM	07:15 PM	10:51 AM	22:09 PM	07:30 AM - 09:00 AM	10:30 AM - 12:00 PM	01:30 PM - 03:00 PM	11:55 AM - 12:45 PM	Nag Panchami
2028-07-25	Tuesday	Shravana	Shukla Paksha	Shasthi (up to 18:52)	Ashwini	Vishkambha	Taitila	05:35 AM	07:15 PM	12:08 PM	00:32 AM	03:00 PM - 04:30 PM	09:00 AM - 10:30 AM	12:00 PM - 01:30 PM	11:55 AM - 12:45 PM	Normal Day
2028-07-26	Wednesday	Shravana	Shukla Paksha	Saptami (up to 17:05)	Bharani	Priti	Garaja	05:35 AM	07:15 PM	13:25 PM	01:55 AM	12:00 PM - 01:30 PM	07:30 AM - 09:00 AM	10:30 AM - 12:00 PM	11:55 AM - 12:45 PM	Normal Day
2028-07-27	Thursday	Shravana	Shukla Paksha	Ashtami (up to 16:18)	Krittika	Ayushman	Vanija	05:35 AM	07:15 PM	14:42 PM	02:18 AM	01:30 PM - 03:00 PM	06:00 AM - 07:30 AM	09:00 AM - 10:30 AM	11:55 AM - 12:45 PM	Normal Day
2028-07-28	Friday	Shravana	Shukla Paksha	Navami (up to 15:31)	Rohini	Saubhagya	Vishti	05:35 AM	07:15 PM	15:59 PM	03:41 AM	10:30 AM - 12:00 PM	03:00 PM - 04:30 PM	07:30 AM - 09:00 AM	11:55 AM - 12:45 PM	Normal Day
2028-07-29	Saturday	Shravana	Shukla Paksha	Dashami (up to 14:44)	Mrigashira	Sobhana	Bava	05:35 AM	07:15 PM	16:16 PM	04:04 AM	09:00 AM - 10:30 AM	01:30 PM - 03:00 PM	06:00 AM - 07:30 AM	11:55 AM - 12:45 PM	Normal Day
2028-07-30	Sunday	Shravana	Shukla Paksha	Ekadashi (up to 21:57)	Ardra	Atiganda	Balava	05:35 AM	07:15 PM	18:33 PM	06:27 AM	04:30 PM - 06:00 PM	12:00 PM - 01:30 PM	03:00 PM - 04:30 PM	11:55 AM - 12:45 PM	Shravana Putrada Ekadashi Vrat
2028-07-31	Monday	Shravana	Shukla Paksha	Dwadashi (up to 20:10)	Punarvasu	Sukarma	Kaulava	05:35 AM	07:15 PM	19:50 PM	07:50 AM	07:30 AM - 09:00 AM	10:30 AM - 12:00 PM	01:30 PM - 03:00 PM	11:55 AM - 12:45 PM	Normal Day
2028-08-01	Tuesday	Shravana	Shukla Paksha	Trayodashi (up to 19:23)	Pushya	Dhriti	Taitila	05:35 AM	07:15 PM	20:07 PM	08:13 AM	03:00 PM - 04:30 PM	09:00 AM - 10:30 AM	12:00 PM - 01:30 PM	11:55 AM - 12:45 PM	Pradosh Vrat
2028-08-02	Wednesday	Shravana	Shukla Paksha	Chaturdashi (up to 18:36)	Ashlesha	Shool	Garaja	05:35 AM	07:15 PM	21:24 PM	09:36 AM	12:00 PM - 01:30 PM	07:30 AM - 09:00 AM	10:30 AM - 12:00 PM	11:55 AM - 12:45 PM	Normal Day
2028-08-03	Thursday	Shravana	Shukla Paksha	Purnima (up to 17:49)	Magha	Ganda	Vanija	05:35 AM	07:15 PM	22:41 PM	10:59 AM	01:30 PM - 03:00 PM	06:00 AM - 07:30 AM	09:00 AM - 10:30 AM	11:55 AM - 12:45 PM	Raksha Bandhan / Shravani Purnima
2028-08-04	Friday	Shravana	Krishna Paksha	Pratipada (up to 16:02)	Purva Phalguni	Vriddhi	Vishti	05:35 AM	07:15 PM	06:58 AM	18:22 PM	10:30 AM - 12:00 PM	03:00 PM - 04:30 PM	07:30 AM - 09:00 AM	11:55 AM - 12:45 PM	Normal Day
2028-08-05	Saturday	Shravana	Krishna Paksha	Dwitiya (up to 15:15)	Uttara Phalguni	Dhruva	Bava	05:35 AM	07:15 PM	07:15 AM	19:45 PM	09:00 AM - 10:30 AM	01:30 PM - 03:00 PM	06:00 AM - 07:30 AM	11:55 AM - 12:45 PM	Normal Day
2028-08-06	Sunday	Shravana	Krishna Paksha	Tritiya (up to 14:28)	Hasta	Vyaghat	Balava	05:35 AM	07:15 PM	08:32 AM	20:08 PM	04:30 PM - 06:00 PM	12:00 PM - 01:30 PM	03:00 PM - 04:30 PM	11:55 AM - 12:45 PM	Normal Day
2028-08-07	Monday	Shravana	Krishna Paksha	Chaturthi (up to 21:41)	Chitra	Harshan	Kaulava	05:35 AM	07:15 PM	09:49 AM	21:31 PM	07:30 AM - 09:00 AM	10:30 AM - 12:00 PM	01:30 PM - 03:00 PM	11:55 AM - 12:45 PM	Sankashti Chaturthi Vrat
2028-08-08	Tuesday	Shravana	Krishna Paksha	Panchami (up to 20:54)	Swati	Vajra	Taitila	05:35 AM	07:15 PM	10:06 AM	22:54 PM	03:00 PM - 04:30 PM	09:00 AM - 10:30 AM	12:00 PM - 01:30 PM	11:55 AM - 12:45 PM	Normal Day
2028-08-09	Wednesday	Shravana	Krishna Paksha	Shasthi (up to 19:07)	Vishakha	Siddhi	Garaja	05:35 AM	07:15 PM	12:23 PM	00:17 AM	12:00 PM - 01:30 PM	07:30 AM - 09:00 AM	10:30 AM - 12:00 PM	11:55 AM - 12:45 PM	Normal Day
2028-08-10	Thursday	Shravana	Krishna Paksha	Saptami (up to 18:20)	Anuradha	Vyatipat	Vanija	05:35 AM	07:15 PM	13:40 PM	01:40 AM	01:30 PM - 03:00 PM	06:00 AM - 07:30 AM	09:00 AM - 10:30 AM	11:55 AM - 12:45 PM	Normal Day
2028-08-11	Friday	Shravana	Krishna Paksha	Ashtami (up to 17:33)	Jyeshtha	Variyan	Vishti	05:35 AM	07:15 PM	14:57 PM	02:03 AM	10:30 AM - 12:00 PM	03:00 PM - 04:30 PM	07:30 AM - 09:00 AM	11:55 AM - 12:45 PM	Normal Day
2028-08-12	Saturday	Shravana	Krishna Paksha	Navami (up to 16:46)	Mula	Parigha	Bava	05:35 AM	07:15 PM	15:14 PM	03:26 AM	09:00 AM - 10:30 AM	01:30 PM - 03:00 PM	06:00 AM - 07:30 AM	11:55 AM - 12:45 PM	Normal Day
2028-08-13	Sunday	Shravana	Krishna Paksha	Dashami (up to 15:59)	Purva Ashadha	Shiva	Balava	05:35 AM	07:15 PM	16:31 PM	04:49 AM	04:30 PM - 06:00 PM	12:00 PM - 01:30 PM	03:00 PM - 04:30 PM	11:55 AM - 12:45 PM	Normal Day
2028-08-14	Monday	Shravana	Krishna Paksha	Ekadashi (up to 14:12)	Uttara Ashadha	Siddha	Kaulava	05:35 AM	07:15 PM	18:48 PM	06:12 AM	07:30 AM - 09:00 AM	10:30 AM - 12:00 PM	01:30 PM - 03:00 PM	11:55 AM - 12:45 PM	Kamika Ekadashi Vrat
2028-08-15	Tuesday	Shravana	Krishna Paksha	Dwadashi (up to 21:25)	Shravana	Sadhya	Taitila	05:35 AM	07:15 PM	19:05 PM	07:35 AM	03:00 PM - 04:30 PM	09:00 AM - 10:30 AM	12:00 PM - 01:30 PM	11:55 AM - 12:45 PM	Independence Day
2028-08-16	Wednesday	Shravana	Krishna Paksha	Trayodashi (up to 20:38)	Dhanishta	Shubha	Garaja	05:35 AM	07:15 PM	20:22 PM	08:58 AM	12:00 PM - 01:30 PM	07:30 AM - 09:00 AM	10:30 AM - 12:00 PM	11:55 AM - 12:45 PM	Pradosh Vrat
2028-08-17	Thursday	Shravana	Krishna Paksha	Chaturdashi (up to 19:51)	Shatabhisha	Shukla	Vanija	05:35 AM	07:15 PM	21:39 PM	09:21 AM	01:30 PM - 03:00 PM	06:00 AM - 07:30 AM	09:00 AM - 10:30 AM	11:55 AM - 12:45 PM	Normal Day
2028-08-18	Friday	Shravana	Krishna Paksha	Purnima (up to 18:04)	Purva Bhadrapada	Brahma	Vishti	05:35 AM	07:15 PM	22:56 PM	10:44 AM	10:30 AM - 12:00 PM	03:00 PM - 04:30 PM	07:30 AM - 09:00 AM	11:55 AM - 12:45 PM	Amavasya (Pitru Tarpan)
2028-08-19	Saturday	Bhadrapada	Shukla Paksha	Pratipada (up to 17:17)	Uttara Bhadrapada	Indra	Bava	05:35 AM	07:15 PM	06:13 AM	18:07 PM	09:00 AM - 10:30 AM	01:30 PM - 03:00 PM	06:00 AM - 07:30 AM	11:55 AM - 12:45 PM	Normal Day
2028-08-20	Sunday	Bhadrapada	Shukla Paksha	Dwitiya (up to 16:30)	Revati	Vaidhriti	Balava	05:35 AM	07:15 PM	07:30 AM	19:30 PM	04:30 PM - 06:00 PM	12:00 PM - 01:30 PM	03:00 PM - 04:30 PM	11:55 AM - 12:45 PM	Normal Day
2028-08-21	Monday	Bhadrapada	Shukla Paksha	Tritiya (up to 15:43)	Ashwini	Vishkambha	Kaulava	05:35 AM	07:15 PM	08:47 AM	20:53 PM	07:30 AM - 09:00 AM	10:30 AM - 12:00 PM	01:30 PM - 03:00 PM	11:55 AM - 12:45 PM	Normal Day
2028-08-22	Tuesday	Bhadrapada	Shukla Paksha	Chaturthi (up to 14:56)	Bharani	Priti	Taitila	05:35 AM	07:15 PM	09:04 AM	21:16 PM	03:00 PM - 04:30 PM	09:00 AM - 10:30 AM	12:00 PM - 01:30 PM	11:55 AM - 12:45 PM	Ganesh Chaturthi / Haritalika Teej
2028-08-23	Wednesday	Bhadrapada	Shukla Paksha	Panchami (up to 21:09)	Krittika	Ayushman	Garaja	05:35 AM	07:15 PM	10:21 AM	22:39 PM	12:00 PM - 01:30 PM	07:30 AM - 09:00 AM	10:30 AM - 12:00 PM	11:55 AM - 12:45 PM	Normal Day
2028-08-24	Thursday	Bhadrapada	Shukla Paksha	Shasthi (up to 20:22)	Rohini	Saubhagya	Vanija	05:35 AM	07:15 PM	12:38 PM	00:02 AM	01:30 PM - 03:00 PM	06:00 AM - 07:30 AM	09:00 AM - 10:30 AM	11:55 AM - 12:45 PM	Normal Day
2028-08-25	Friday	Bhadrapada	Shukla Paksha	Saptami (up to 19:35)	Mrigashira	Sobhana	Vishti	05:35 AM	07:15 PM	13:55 PM	01:25 AM	10:30 AM - 12:00 PM	03:00 PM - 04:30 PM	07:30 AM - 09:00 AM	11:55 AM - 12:45 PM	Normal Day
2028-08-26	Saturday	Bhadrapada	Shukla Paksha	Ashtami (up to 18:48)	Ardra	Atiganda	Bava	05:35 AM	07:15 PM	14:12 PM	02:48 AM	09:00 AM - 10:30 AM	01:30 PM - 03:00 PM	06:00 AM - 07:30 AM	11:55 AM - 12:45 PM	Normal Day
2028-08-27	Sunday	Bhadrapada	Shukla Paksha	Navami (up to 17:01)	Punarvasu	Sukarma	Balava	05:35 AM	07:15 PM	15:29 PM	03:11 AM	04:30 PM - 06:00 PM	12:00 PM - 01:30 PM	03:00 PM - 04:30 PM	11:55 AM - 12:45 PM	Normal Day
2028-08-28	Monday	Bhadrapada	Shukla Paksha	Dashami (up to 16:14)	Pushya	Dhriti	Kaulava	05:35 AM	07:15 PM	16:46 PM	04:34 AM	07:30 AM - 09:00 AM	10:30 AM - 12:00 PM	01:30 PM - 03:00 PM	11:55 AM - 12:45 PM	Normal Day
2028-08-29	Tuesday	Bhadrapada	Shukla Paksha	Ekadashi (up to 15:27)	Ashlesha	Shool	Taitila	05:35 AM	07:15 PM	18:03 PM	06:57 AM	03:00 PM - 04:30 PM	09:00 AM - 10:30 AM	12:00 PM - 01:30 PM	11:55 AM - 12:45 PM	Parivartini Ekadashi Vrat
2028-08-30	Wednesday	Bhadrapada	Shukla Paksha	Dwadashi (up to 14:40)	Magha	Ganda	Garaja	05:35 AM	07:15 PM	19:20 PM	07:20 AM	12:00 PM - 01:30 PM	07:30 AM - 09:00 AM	10:30 AM - 12:00 PM	11:55 AM - 12:45 PM	Normal Day
2028-08-31	Thursday	Bhadrapada	Shukla Paksha	Trayodashi (up to 21:53)	Purva Phalguni	Vriddhi	Vanija	05:35 AM	07:15 PM	20:37 PM	08:43 AM	01:30 PM - 03:00 PM	06:00 AM - 07:30 AM	09:00 AM - 10:30 AM	11:55 AM - 12:45 PM	Pradosh Vrat
2028-09-01	Friday	Bhadrapada	Shukla Paksha	Chaturdashi (up to 20:06)	Uttara Phalguni	Dhruva	Vishti	05:35 AM	07:15 PM	21:54 PM	09:06 AM	10:30 AM - 12:00 PM	03:00 PM - 04:30 PM	07:30 AM - 09:00 AM	11:55 AM - 12:45 PM	Anant Chaturdashi
2028-09-02	Saturday	Bhadrapada	Shukla Paksha	Purnima (up to 19:19)	Hasta	Vyaghat	Bava	05:35 AM	07:15 PM	22:11 PM	10:29 AM	09:00 AM - 10:30 AM	01:30 PM - 03:00 PM	06:00 AM - 07:30 AM	11:55 AM - 12:45 PM	Purnima Vrat & Satyanarayan Puja
2028-09-03	Sunday	Bhadrapada	Krishna Paksha	Pratipada (up to 18:32)	Chitra	Harshan	Balava	05:35 AM	07:15 PM	06:28 AM	18:52 PM	04:30 PM - 06:00 PM	12:00 PM - 01:30 PM	03:00 PM - 04:30 PM	11:55 AM - 12:45 PM	Normal Day
2028-09-04	Monday	Bhadrapada	Krishna Paksha	Dwitiya (up to 17:45)	Swati	Vajra	Kaulava	05:35 AM	07:15 PM	07:45 AM	19:15 PM	07:30 AM - 09:00 AM	10:30 AM - 12:00 PM	01:30 PM - 03:00 PM	11:55 AM - 12:45 PM	Normal Day
2028-09-05	Tuesday	Bhadrapada	Krishna Paksha	Tritiya (up to 16:58)	Vishakha	Siddhi	Taitila	05:35 AM	07:15 PM	08:02 AM	20:38 PM	03:00 PM - 04:30 PM	09:00 AM - 10:30 AM	12:00 PM - 01:30 PM	11:55 AM - 12:45 PM	Normal Day
2028-09-06	Wednesday	Bhadrapada	Krishna Paksha	Chaturthi (up to 15:11)	Anuradha	Vyatipat	Garaja	05:35 AM	07:15 PM	09:19 AM	21:01 PM	12:00 PM - 01:30 PM	07:30 AM - 09:00 AM	10:30 AM - 12:00 PM	11:55 AM - 12:45 PM	Sankashti Chaturthi Vrat
2028-09-07	Thursday	Bhadrapada	Krishna Paksha	Panchami (up to 14:24)	Jyeshtha	Variyan	Vanija	05:35 AM	07:15 PM	10:36 AM	22:24 PM	01:30 PM - 03:00 PM	06:00 AM - 07:30 AM	09:00 AM - 10:30 AM	11:55 AM - 12:45 PM	Normal Day
2028-09-08	Friday	Bhadrapada	Krishna Paksha	Shasthi (up to 21:37)	Mula	Parigha	Vishti	05:35 AM	07:15 PM	12:53 PM	00:47 AM	10:30 AM - 12:00 PM	03:00 PM - 04:30 PM	07:30 AM - 09:00 AM	11:55 AM - 12:45 PM	Normal Day
2028-09-09	Saturday	Bhadrapada	Krishna Paksha	Saptami (up to 20:50)	Purva Ashadha	Shiva	Bava	05:35 AM	07:15 PM	13:10 PM	01:10 AM	09:00 AM - 10:30 AM	01:30 PM - 03:00 PM	06:00 AM - 07:30 AM	11:55 AM - 12:45 PM	Normal Day
2028-09-10	Sunday	Bhadrapada	Krishna Paksha	Ashtami (up to 19:03)	Uttara Ashadha	Siddha	Balava	05:35 AM	07:15 PM	14:27 PM	02:33 AM	04:30 PM - 06:00 PM	12:00 PM - 01:30 PM	03:00 PM - 04:30 PM	11:55 AM - 12:45 PM	Shri Krishna Janmashtami
2028-09-11	Monday	Bhadrapada	Krishna Paksha	Navami (up to 18:16)	Shravana	Sadhya	Kaulava	05:35 AM	07:15 PM	15:44 PM	03:56 AM	07:30 AM - 09:00 AM	10:30 AM - 12:00 PM	01:30 PM - 03:00 PM	11:55 AM - 12:45 PM	Normal Day
2028-09-12	Tuesday	Bhadrapada	Krishna Paksha	Dashami (up to 17:29)	Dhanishta	Shubha	Taitila	05:35 AM	07:15 PM	16:01 PM	04:19 AM	03:00 PM - 04:30 PM	09:00 AM - 10:30 AM	12:00 PM - 01:30 PM	11:55 AM - 12:45 PM	Normal Day
2028-09-13	Wednesday	Bhadrapada	Krishna Paksha	Ekadashi (up to 16:42)	Shatabhisha	Shukla	Garaja	05:35 AM	07:15 PM	18:18 PM	06:42 AM	12:00 PM - 01:30 PM	07:30 AM - 09:00 AM	10:30 AM - 12:00 PM	11:55 AM - 12:45 PM	Aja Ekadashi Vrat
2028-09-14	Thursday	Bhadrapada	Krishna Paksha	Dwadashi (up to 15:55)	Purva Bhadrapada	Brahma	Vanija	05:35 AM	07:15 PM	19:35 PM	07:05 AM	01:30 PM - 03:00 PM	06:00 AM - 07:30 AM	09:00 AM - 10:30 AM	11:55 AM - 12:45 PM	Normal Day
2028-09-15	Friday	Bhadrapada	Krishna Paksha	Trayodashi (up to 14:08)	Uttara Bhadrapada	Indra	Vishti	05:35 AM	07:15 PM	20:52 PM	08:28 AM	10:30 AM - 12:00 PM	03:00 PM - 04:30 PM	07:30 AM - 09:00 AM	11:55 AM - 12:45 PM	Pradosh Vrat
2028-09-16	Saturday	Bhadrapada	Krishna Paksha	Chaturdashi (up to 21:21)	Revati	Vaidhriti	Bava	05:35 AM	07:15 PM	21:09 PM	09:51 AM	09:00 AM - 10:30 AM	01:30 PM - 03:00 PM	06:00 AM - 07:30 AM	11:55 AM - 12:45 PM	Normal Day
2028-09-17	Sunday	Bhadrapada	Krishna Paksha	Purnima (up to 20:34)	Ashwini	Vishkambha	Balava	05:35 AM	07:15 PM	22:26 PM	10:14 AM	04:30 PM - 06:00 PM	12:00 PM - 01:30 PM	03:00 PM - 04:30 PM	11:55 AM - 12:45 PM	Amavasya (Pitru Tarpan)
2028-09-18	Monday	Ashvina	Shukla Paksha	Pratipada (up to 19:47)	Bharani	Priti	Kaulava	05:35 AM	07:15 PM	06:43 AM	18:37 PM	07:30 AM - 09:00 AM	10:30 AM - 12:00 PM	01:30 PM - 03:00 PM	11:55 AM - 12:45 PM	Sharad Navratri Ghatasthapana
2028-09-19	Tuesday	Ashvina	Shukla Paksha	Dwitiya (up to 18:00)	Krittika	Ayushman	Taitila	05:35 AM	07:15 PM	07:00 AM	19:00 PM	03:00 PM - 04:30 PM	09:00 AM - 10:30 AM	12:00 PM - 01:30 PM	11:55 AM - 12:45 PM	Normal Day
2028-09-20	Wednesday	Ashvina	Shukla Paksha	Tritiya (up to 17:13)	Rohini	Saubhagya	Garaja	05:35 AM	07:15 PM	08:17 AM	20:23 PM	12:00 PM - 01:30 PM	07:30 AM - 09:00 AM	10:30 AM - 12:00 PM	11:55 AM - 12:45 PM	Normal Day
2028-09-21	Thursday	Ashvina	Shukla Paksha	Chaturthi (up to 16:26)	Mrigashira	Sobhana	Vanija	05:35 AM	07:15 PM	09:34 AM	21:46 PM	01:30 PM - 03:00 PM	06:00 AM - 07:30 AM	09:00 AM - 10:30 AM	11:55 AM - 12:45 PM	Normal Day
2028-09-22	Friday	Ashvina	Shukla Paksha	Panchami (up to 15:39)	Ardra	Atiganda	Vishti	05:35 AM	07:15 PM	10:51 AM	22:09 PM	10:30 AM - 12:00 PM	03:00 PM - 04:30 PM	07:30 AM - 09:00 AM	11:55 AM - 12:45 PM	Normal Day
2028-09-23	Saturday	Ashvina	Shukla Paksha	Shasthi (up to 14:52)	Punarvasu	Sukarma	Bava	05:35 AM	07:15 PM	12:08 PM	00:32 AM	09:00 AM - 10:30 AM	01:30 PM - 03:00 PM	06:00 AM - 07:30 AM	11:55 AM - 12:45 PM	Normal Day
2028-09-24	Sunday	Ashvina	Shukla Paksha	Saptami (up to 21:05)	Pushya	Dhriti	Balava	05:35 AM	07:15 PM	13:25 PM	01:55 AM	04:30 PM - 06:00 PM	12:00 PM - 01:30 PM	03:00 PM - 04:30 PM	11:55 AM - 12:45 PM	Normal Day
2028-09-25	Monday	Ashvina	Shukla Paksha	Ashtami (up to 20:18)	Ashlesha	Shool	Kaulava	05:35 AM	07:15 PM	14:42 PM	02:18 AM	07:30 AM - 09:00 AM	10:30 AM - 12:00 PM	01:30 PM - 03:00 PM	11:55 AM - 12:45 PM	Maha Durgashtami
2028-09-26	Tuesday	Ashvina	Shukla Paksha	Navami (up to 19:31)	Magha	Ganda	Taitila	05:35 AM	07:15 PM	15:59 PM	03:41 AM	03:00 PM - 04:30 PM	09:00 AM - 10:30 AM	12:00 PM - 01:30 PM	11:55 AM - 12:45 PM	Maha Navami / Kanya Pujan
2028-09-27	Wednesday	Ashvina	Shukla Paksha	Dashami (up to 18:44)	Purva Phalguni	Vriddhi	Garaja	05:35 AM	07:15 PM	16:16 PM	04:04 AM	12:00 PM - 01:30 PM	07:30 AM - 09:00 AM	10:30 AM - 12:00 PM	11:55 AM - 12:45 PM	Dussehra / Vijayadashami
2028-09-28	Thursday	Ashvina	Shukla Paksha	Ekadashi (up to 17:57)	Uttara Phalguni	Dhruva	Vanija	05:35 AM	07:15 PM	18:33 PM	06:27 AM	01:30 PM - 03:00 PM	06:00 AM - 07:30 AM	09:00 AM - 10:30 AM	11:55 AM - 12:45 PM	Papankusha Ekadashi Vrat
2028-09-29	Friday	Ashvina	Shukla Paksha	Dwadashi (up to 16:10)	Hasta	Vyaghat	Vishti	05:35 AM	07:15 PM	19:50 PM	07:50 AM	10:30 AM - 12:00 PM	03:00 PM - 04:30 PM	07:30 AM - 09:00 AM	11:55 AM - 12:45 PM	Normal Day
2028-09-30	Saturday	Ashvina	Shukla Paksha	Trayodashi (up to 15:23)	Chitra	Harshan	Bava	05:35 AM	07:15 PM	20:07 PM	08:13 AM	09:00 AM - 10:30 AM	01:30 PM - 03:00 PM	06:00 AM - 07:30 AM	11:55 AM - 12:45 PM	Pradosh Vrat
2028-10-01	Sunday	Ashvina	Shukla Paksha	Chaturdashi (up to 14:36)	Swati	Vajra	Balava	05:42 AM	07:12 PM	21:24 PM	09:36 AM	04:30 PM - 06:00 PM	12:00 PM - 01:30 PM	03:00 PM - 04:30 PM	11:55 AM - 12:45 PM	Normal Day
2028-10-02	Monday	Ashvina	Shukla Paksha	Purnima (up to 21:49)	Vishakha	Siddhi	Kaulava	05:42 AM	07:12 PM	22:41 PM	10:59 AM	07:30 AM - 09:00 AM	10:30 AM - 12:00 PM	01:30 PM - 03:00 PM	11:55 AM - 12:45 PM	Purnima Vrat & Satyanarayan Puja
2028-10-03	Tuesday	Ashvina	Krishna Paksha	Pratipada (up to 20:02)	Anuradha	Vyatipat	Taitila	05:42 AM	07:12 PM	06:58 AM	18:22 PM	03:00 PM - 04:30 PM	09:00 AM - 10:30 AM	12:00 PM - 01:30 PM	11:55 AM - 12:45 PM	Normal Day
2028-10-04	Wednesday	Ashvina	Krishna Paksha	Dwitiya (up to 19:15)	Jyeshtha	Variyan	Garaja	05:42 AM	07:12 PM	07:15 AM	19:45 PM	12:00 PM - 01:30 PM	07:30 AM - 09:00 AM	10:30 AM - 12:00 PM	11:55 AM - 12:45 PM	Normal Day
2028-10-05	Thursday	Ashvina	Krishna Paksha	Tritiya (up to 18:28)	Mula	Parigha	Vanija	05:42 AM	07:12 PM	08:32 AM	20:08 PM	01:30 PM - 03:00 PM	06:00 AM - 07:30 AM	09:00 AM - 10:30 AM	11:55 AM - 12:45 PM	Normal Day
2028-10-06	Friday	Ashvina	Krishna Paksha	Chaturthi (up to 17:41)	Purva Ashadha	Shiva	Vishti	05:42 AM	07:12 PM	09:49 AM	21:31 PM	10:30 AM - 12:00 PM	03:00 PM - 04:30 PM	07:30 AM - 09:00 AM	11:55 AM - 12:45 PM	Sankashti Chaturthi Vrat
2028-10-07	Saturday	Ashvina	Krishna Paksha	Panchami (up to 16:54)	Uttara Ashadha	Siddha	Bava	05:42 AM	07:12 PM	10:06 AM	22:54 PM	09:00 AM - 10:30 AM	01:30 PM - 03:00 PM	06:00 AM - 07:30 AM	11:55 AM - 12:45 PM	Normal Day
2028-10-08	Sunday	Ashvina	Krishna Paksha	Shasthi (up to 15:07)	Shravana	Sadhya	Balava	05:42 AM	07:12 PM	12:23 PM	00:17 AM	04:30 PM - 06:00 PM	12:00 PM - 01:30 PM	03:00 PM - 04:30 PM	11:55 AM - 12:45 PM	Normal Day
2028-10-09	Monday	Ashvina	Krishna Paksha	Saptami (up to 14:20)	Dhanishta	Shubha	Kaulava	05:42 AM	07:12 PM	13:40 PM	01:40 AM	07:30 AM - 09:00 AM	10:30 AM - 12:00 PM	01:30 PM - 03:00 PM	11:55 AM - 12:45 PM	Normal Day
2028-10-10	Tuesday	Ashvina	Krishna Paksha	Ashtami (up to 21:33)	Shatabhisha	Shukla	Taitila	05:42 AM	07:12 PM	14:57 PM	02:03 AM	03:00 PM - 04:30 PM	09:00 AM - 10:30 AM	12:00 PM - 01:30 PM	11:55 AM - 12:45 PM	Normal Day
2028-10-11	Wednesday	Ashvina	Krishna Paksha	Navami (up to 20:46)	Purva Bhadrapada	Brahma	Garaja	05:42 AM	07:12 PM	15:14 PM	03:26 AM	12:00 PM - 01:30 PM	07:30 AM - 09:00 AM	10:30 AM - 12:00 PM	11:55 AM - 12:45 PM	Normal Day
2028-10-12	Thursday	Ashvina	Krishna Paksha	Dashami (up to 19:59)	Uttara Bhadrapada	Indra	Vanija	05:42 AM	07:12 PM	16:31 PM	04:49 AM	01:30 PM - 03:00 PM	06:00 AM - 07:30 AM	09:00 AM - 10:30 AM	11:55 AM - 12:45 PM	Normal Day
2028-10-13	Friday	Ashvina	Krishna Paksha	Ekadashi (up to 18:12)	Revati	Vaidhriti	Vishti	05:42 AM	07:12 PM	18:48 PM	06:12 AM	10:30 AM - 12:00 PM	03:00 PM - 04:30 PM	07:30 AM - 09:00 AM	11:55 AM - 12:45 PM	Indira Ekadashi Vrat
2028-10-14	Saturday	Ashvina	Krishna Paksha	Dwadashi (up to 17:25)	Ashwini	Vishkambha	Bava	05:42 AM	07:12 PM	19:05 PM	07:35 AM	09:00 AM - 10:30 AM	01:30 PM - 03:00 PM	06:00 AM - 07:30 AM	11:55 AM - 12:45 PM	Normal Day
2028-10-15	Sunday	Ashvina	Krishna Paksha	Trayodashi (up to 16:38)	Bharani	Priti	Balava	05:42 AM	07:12 PM	20:22 PM	08:58 AM	04:30 PM - 06:00 PM	12:00 PM - 01:30 PM	03:00 PM - 04:30 PM	11:55 AM - 12:45 PM	Pradosh Vrat
2028-10-16	Monday	Ashvina	Krishna Paksha	Chaturdashi (up to 15:51)	Krittika	Ayushman	Kaulava	05:42 AM	07:12 PM	21:39 PM	09:21 AM	07:30 AM - 09:00 AM	10:30 AM - 12:00 PM	01:30 PM - 03:00 PM	11:55 AM - 12:45 PM	Normal Day
2028-10-17	Tuesday	Ashvina	Krishna Paksha	Purnima (up to 14:04)	Rohini	Saubhagya	Taitila	05:42 AM	07:12 PM	22:56 PM	10:44 AM	03:00 PM - 04:30 PM	09:00 AM - 10:30 AM	12:00 PM - 01:30 PM	11:55 AM - 12:45 PM	Amavasya (Pitru Tarpan)
2028-10-18	Wednesday	Kartika	Shukla Paksha	Pratipada (up to 21:17)	Mrigashira	Sobhana	Garaja	05:42 AM	07:12 PM	06:13 AM	18:07 PM	12:00 PM - 01:30 PM	07:30 AM - 09:00 AM	10:30 AM - 12:00 PM	11:55 AM - 12:45 PM	Govardhan Puja / Annakut
2028-10-19	Thursday	Kartika	Shukla Paksha	Dwitiya (up to 20:30)	Ardra	Atiganda	Vanija	05:42 AM	07:12 PM	07:30 AM	19:30 PM	01:30 PM - 03:00 PM	06:00 AM - 07:30 AM	09:00 AM - 10:30 AM	11:55 AM - 12:45 PM	Bhai Dooj / Yama Dwitiya
2028-10-20	Friday	Kartika	Shukla Paksha	Tritiya (up to 19:43)	Punarvasu	Sukarma	Vishti	05:42 AM	07:12 PM	08:47 AM	20:53 PM	10:30 AM - 12:00 PM	03:00 PM - 04:30 PM	07:30 AM - 09:00 AM	11:55 AM - 12:45 PM	Normal Day
2028-10-21	Saturday	Kartika	Shukla Paksha	Chaturthi (up to 18:56)	Pushya	Dhriti	Bava	05:42 AM	07:12 PM	09:04 AM	21:16 PM	09:00 AM - 10:30 AM	01:30 PM - 03:00 PM	06:00 AM - 07:30 AM	11:55 AM - 12:45 PM	Normal Day
2028-10-22	Sunday	Kartika	Shukla Paksha	Panchami (up to 17:09)	Ashlesha	Shool	Balava	05:42 AM	07:12 PM	10:21 AM	22:39 PM	04:30 PM - 06:00 PM	12:00 PM - 01:30 PM	03:00 PM - 04:30 PM	11:55 AM - 12:45 PM	Normal Day
2028-10-23	Monday	Kartika	Shukla Paksha	Shasthi (up to 16:22)	Magha	Ganda	Kaulava	05:42 AM	07:12 PM	12:38 PM	00:02 AM	07:30 AM - 09:00 AM	10:30 AM - 12:00 PM	01:30 PM - 03:00 PM	11:55 AM - 12:45 PM	Chhath Puja (Surya Sashthi)
2028-10-24	Tuesday	Kartika	Shukla Paksha	Saptami (up to 15:35)	Purva Phalguni	Vriddhi	Taitila	05:42 AM	07:12 PM	13:55 PM	01:25 AM	03:00 PM - 04:30 PM	09:00 AM - 10:30 AM	12:00 PM - 01:30 PM	11:55 AM - 12:45 PM	Normal Day
2028-10-25	Wednesday	Kartika	Shukla Paksha	Ashtami (up to 14:48)	Uttara Phalguni	Dhruva	Garaja	05:42 AM	07:12 PM	14:12 PM	02:48 AM	12:00 PM - 01:30 PM	07:30 AM - 09:00 AM	10:30 AM - 12:00 PM	11:55 AM - 12:45 PM	Normal Day
2028-10-26	Thursday	Kartika	Shukla Paksha	Navami (up to 21:01)	Hasta	Vyaghat	Vanija	05:42 AM	07:12 PM	15:29 PM	03:11 AM	01:30 PM - 03:00 PM	06:00 AM - 07:30 AM	09:00 AM - 10:30 AM	11:55 AM - 12:45 PM	Normal Day
2028-10-27	Friday	Kartika	Shukla Paksha	Dashami (up to 20:14)	Chitra	Harshan	Vishti	05:42 AM	07:12 PM	16:46 PM	04:34 AM	10:30 AM - 12:00 PM	03:00 PM - 04:30 PM	07:30 AM - 09:00 AM	11:55 AM - 12:45 PM	Normal Day
2028-10-28	Saturday	Kartika	Shukla Paksha	Ekadashi (up to 19:27)	Swati	Vajra	Bava	05:42 AM	07:12 PM	18:03 PM	06:57 AM	09:00 AM - 10:30 AM	01:30 PM - 03:00 PM	06:00 AM - 07:30 AM	11:55 AM - 12:45 PM	Dev Uthani / Prabodhini Ekadashi
2028-10-29	Sunday	Kartika	Shukla Paksha	Dwadashi (up to 18:40)	Vishakha	Siddhi	Balava	05:42 AM	07:12 PM	19:20 PM	07:20 AM	04:30 PM - 06:00 PM	12:00 PM - 01:30 PM	03:00 PM - 04:30 PM	11:55 AM - 12:45 PM	Tulsi Vivah / Devotthan
2028-10-30	Monday	Kartika	Shukla Paksha	Trayodashi (up to 17:53)	Anuradha	Vyatipat	Kaulava	05:42 AM	07:12 PM	20:37 PM	08:43 AM	07:30 AM - 09:00 AM	10:30 AM - 12:00 PM	01:30 PM - 03:00 PM	11:55 AM - 12:45 PM	Pradosh Vrat
2028-10-31	Tuesday	Kartika	Shukla Paksha	Chaturdashi (up to 16:06)	Jyeshtha	Variyan	Taitila	05:42 AM	07:12 PM	21:54 PM	09:06 AM	03:00 PM - 04:30 PM	09:00 AM - 10:30 AM	12:00 PM - 01:30 PM	11:55 AM - 12:45 PM	Normal Day
2028-11-01	Wednesday	Kartika	Shukla Paksha	Purnima (up to 15:19)	Mula	Parigha	Garaja	06:45 AM	05:35 PM	22:11 PM	10:29 AM	12:00 PM - 01:30 PM	07:30 AM - 09:00 AM	10:30 AM - 12:00 PM	11:55 AM - 12:45 PM	Purnima Vrat & Satyanarayan Puja
2028-11-02	Thursday	Kartika	Krishna Paksha	Pratipada (up to 14:32)	Purva Ashadha	Shiva	Vanija	06:45 AM	05:35 PM	06:28 AM	18:52 PM	01:30 PM - 03:00 PM	06:00 AM - 07:30 AM	09:00 AM - 10:30 AM	11:55 AM - 12:45 PM	Normal Day
2028-11-03	Friday	Kartika	Krishna Paksha	Dwitiya (up to 21:45)	Uttara Ashadha	Siddha	Vishti	06:45 AM	05:35 PM	07:45 AM	19:15 PM	10:30 AM - 12:00 PM	03:00 PM - 04:30 PM	07:30 AM - 09:00 AM	11:55 AM - 12:45 PM	Normal Day
2028-11-04	Saturday	Kartika	Krishna Paksha	Tritiya (up to 20:58)	Shravana	Sadhya	Bava	06:45 AM	05:35 PM	08:02 AM	20:38 PM	09:00 AM - 10:30 AM	01:30 PM - 03:00 PM	06:00 AM - 07:30 AM	11:55 AM - 12:45 PM	Normal Day
2028-11-05	Sunday	Kartika	Krishna Paksha	Chaturthi (up to 19:11)	Dhanishta	Shubha	Balava	06:45 AM	05:35 PM	09:19 AM	21:01 PM	04:30 PM - 06:00 PM	12:00 PM - 01:30 PM	03:00 PM - 04:30 PM	11:55 AM - 12:45 PM	Karwa Chauth Vrat
2028-11-06	Monday	Kartika	Krishna Paksha	Panchami (up to 18:24)	Shatabhisha	Shukla	Kaulava	06:45 AM	05:35 PM	10:36 AM	22:24 PM	07:30 AM - 09:00 AM	10:30 AM - 12:00 PM	01:30 PM - 03:00 PM	11:55 AM - 12:45 PM	Normal Day
2028-11-07	Tuesday	Kartika	Krishna Paksha	Shasthi (up to 17:37)	Purva Bhadrapada	Brahma	Taitila	06:45 AM	05:35 PM	12:53 PM	00:47 AM	03:00 PM - 04:30 PM	09:00 AM - 10:30 AM	12:00 PM - 01:30 PM	11:55 AM - 12:45 PM	Normal Day
2028-11-08	Wednesday	Kartika	Krishna Paksha	Saptami (up to 16:50)	Uttara Bhadrapada	Indra	Garaja	06:45 AM	05:35 PM	13:10 PM	01:10 AM	12:00 PM - 01:30 PM	07:30 AM - 09:00 AM	10:30 AM - 12:00 PM	11:55 AM - 12:45 PM	Normal Day
2028-11-09	Thursday	Kartika	Krishna Paksha	Ashtami (up to 15:03)	Revati	Vaidhriti	Vanija	06:45 AM	05:35 PM	14:27 PM	02:33 AM	01:30 PM - 03:00 PM	06:00 AM - 07:30 AM	09:00 AM - 10:30 AM	11:55 AM - 12:45 PM	Normal Day
2028-11-10	Friday	Kartika	Krishna Paksha	Navami (up to 14:16)	Ashwini	Vishkambha	Vishti	06:45 AM	05:35 PM	15:44 PM	03:56 AM	10:30 AM - 12:00 PM	03:00 PM - 04:30 PM	07:30 AM - 09:00 AM	11:55 AM - 12:45 PM	Normal Day
2028-11-11	Saturday	Kartika	Krishna Paksha	Dashami (up to 21:29)	Bharani	Priti	Bava	06:45 AM	05:35 PM	16:01 PM	04:19 AM	09:00 AM - 10:30 AM	01:30 PM - 03:00 PM	06:00 AM - 07:30 AM	11:55 AM - 12:45 PM	Normal Day
2028-11-12	Sunday	Kartika	Krishna Paksha	Ekadashi (up to 20:42)	Krittika	Ayushman	Balava	06:45 AM	05:35 PM	18:18 PM	06:42 AM	04:30 PM - 06:00 PM	12:00 PM - 01:30 PM	03:00 PM - 04:30 PM	11:55 AM - 12:45 PM	Rama Ekadashi Vrat
2028-11-13	Monday	Kartika	Krishna Paksha	Dwadashi (up to 19:55)	Rohini	Saubhagya	Kaulava	06:45 AM	05:35 PM	19:35 PM	07:05 AM	07:30 AM - 09:00 AM	10:30 AM - 12:00 PM	01:30 PM - 03:00 PM	11:55 AM - 12:45 PM	Normal Day
2028-11-14	Tuesday	Kartika	Krishna Paksha	Trayodashi (up to 18:08)	Mrigashira	Sobhana	Taitila	06:45 AM	05:35 PM	20:52 PM	08:28 AM	03:00 PM - 04:30 PM	09:00 AM - 10:30 AM	12:00 PM - 01:30 PM	11:55 AM - 12:45 PM	Dhanteras / Dhanvantari Jayanti
2028-11-15	Wednesday	Kartika	Krishna Paksha	Chaturdashi (up to 17:21)	Ardra	Atiganda	Garaja	06:45 AM	05:35 PM	21:09 PM	09:51 AM	12:00 PM - 01:30 PM	07:30 AM - 09:00 AM	10:30 AM - 12:00 PM	11:55 AM - 12:45 PM	Chhoti Diwali / Narak Chaturdashi
2028-11-16	Thursday	Kartika	Krishna Paksha	Purnima (up to 16:34)	Punarvasu	Sukarma	Vanija	06:45 AM	05:35 PM	22:26 PM	10:14 AM	01:30 PM - 03:00 PM	06:00 AM - 07:30 AM	09:00 AM - 10:30 AM	11:55 AM - 12:45 PM	Deepawali / Lakshmi Puja
2028-11-17	Friday	Margashirsha	Shukla Paksha	Pratipada (up to 15:47)	Pushya	Dhriti	Vishti	06:45 AM	05:35 PM	06:43 AM	18:37 PM	10:30 AM - 12:00 PM	03:00 PM - 04:30 PM	07:30 AM - 09:00 AM	11:55 AM - 12:45 PM	Normal Day
2028-11-18	Saturday	Margashirsha	Shukla Paksha	Dwitiya (up to 14:00)	Ashlesha	Shool	Bava	06:45 AM	05:35 PM	07:00 AM	19:00 PM	09:00 AM - 10:30 AM	01:30 PM - 03:00 PM	06:00 AM - 07:30 AM	11:55 AM - 12:45 PM	Normal Day
2028-11-19	Sunday	Margashirsha	Shukla Paksha	Tritiya (up to 21:13)	Magha	Ganda	Balava	06:45 AM	05:35 PM	08:17 AM	20:23 PM	04:30 PM - 06:00 PM	12:00 PM - 01:30 PM	03:00 PM - 04:30 PM	11:55 AM - 12:45 PM	Normal Day
2028-11-20	Monday	Margashirsha	Shukla Paksha	Chaturthi (up to 20:26)	Purva Phalguni	Vriddhi	Kaulava	06:45 AM	05:35 PM	09:34 AM	21:46 PM	07:30 AM - 09:00 AM	10:30 AM - 12:00 PM	01:30 PM - 03:00 PM	11:55 AM - 12:45 PM	Normal Day
2028-11-21	Tuesday	Margashirsha	Shukla Paksha	Panchami (up to 19:39)	Uttara Phalguni	Dhruva	Taitila	06:45 AM	05:35 PM	10:51 AM	22:09 PM	03:00 PM - 04:30 PM	09:00 AM - 10:30 AM	12:00 PM - 01:30 PM	11:55 AM - 12:45 PM	Normal Day
2028-11-22	Wednesday	Margashirsha	Shukla Paksha	Shasthi (up to 18:52)	Hasta	Vyaghat	Garaja	06:45 AM	05:35 PM	12:08 PM	00:32 AM	12:00 PM - 01:30 PM	07:30 AM - 09:00 AM	10:30 AM - 12:00 PM	11:55 AM - 12:45 PM	Normal Day
2028-11-23	Thursday	Margashirsha	Shukla Paksha	Saptami (up to 17:05)	Chitra	Harshan	Vanija	06:45 AM	05:35 PM	13:25 PM	01:55 AM	01:30 PM - 03:00 PM	06:00 AM - 07:30 AM	09:00 AM - 10:30 AM	11:55 AM - 12:45 PM	Normal Day
2028-11-24	Friday	Margashirsha	Shukla Paksha	Ashtami (up to 16:18)	Swati	Vajra	Vishti	06:45 AM	05:35 PM	14:42 PM	02:18 AM	10:30 AM - 12:00 PM	03:00 PM - 04:30 PM	07:30 AM - 09:00 AM	11:55 AM - 12:45 PM	Normal Day
2028-11-25	Saturday	Margashirsha	Shukla Paksha	Navami (up to 15:31)	Vishakha	Siddhi	Bava	06:45 AM	05:35 PM	15:59 PM	03:41 AM	09:00 AM - 10:30 AM	01:30 PM - 03:00 PM	06:00 AM - 07:30 AM	11:55 AM - 12:45 PM	Normal Day
2028-11-26	Sunday	Margashirsha	Shukla Paksha	Dashami (up to 14:44)	Anuradha	Vyatipat	Balava	06:45 AM	05:35 PM	16:16 PM	04:04 AM	04:30 PM - 06:00 PM	12:00 PM - 01:30 PM	03:00 PM - 04:30 PM	11:55 AM - 12:45 PM	Normal Day
2028-11-27	Monday	Margashirsha	Shukla Paksha	Ekadashi (up to 21:57)	Jyeshtha	Variyan	Kaulava	06:45 AM	05:35 PM	18:33 PM	06:27 AM	07:30 AM - 09:00 AM	10:30 AM - 12:00 PM	01:30 PM - 03:00 PM	11:55 AM - 12:45 PM	Gita Jayanti / Mokshada Ekadashi
2028-11-28	Tuesday	Margashirsha	Shukla Paksha	Dwadashi (up to 20:10)	Mula	Parigha	Taitila	06:45 AM	05:35 PM	19:50 PM	07:50 AM	03:00 PM - 04:30 PM	09:00 AM - 10:30 AM	12:00 PM - 01:30 PM	11:55 AM - 12:45 PM	Normal Day
2028-11-29	Wednesday	Margashirsha	Shukla Paksha	Trayodashi (up to 19:23)	Purva Ashadha	Shiva	Garaja	06:45 AM	05:35 PM	20:07 PM	08:13 AM	12:00 PM - 01:30 PM	07:30 AM - 09:00 AM	10:30 AM - 12:00 PM	11:55 AM - 12:45 PM	Pradosh Vrat
2028-11-30	Thursday	Margashirsha	Shukla Paksha	Chaturdashi (up to 18:36)	Uttara Ashadha	Siddha	Vanija	06:45 AM	05:35 PM	21:24 PM	09:36 AM	01:30 PM - 03:00 PM	06:00 AM - 07:30 AM	09:00 AM - 10:30 AM	11:55 AM - 12:45 PM	Normal Day
2028-12-01	Friday	Margashirsha	Shukla Paksha	Purnima (up to 17:49)	Shravana	Sadhya	Vishti	06:45 AM	05:35 PM	22:41 PM	10:59 AM	10:30 AM - 12:00 PM	03:00 PM - 04:30 PM	07:30 AM - 09:00 AM	11:55 AM - 12:45 PM	Purnima Vrat & Satyanarayan Puja
2028-12-02	Saturday	Margashirsha	Krishna Paksha	Pratipada (up to 16:02)	Dhanishta	Shubha	Bava	06:45 AM	05:35 PM	06:58 AM	18:22 PM	09:00 AM - 10:30 AM	01:30 PM - 03:00 PM	06:00 AM - 07:30 AM	11:55 AM - 12:45 PM	Normal Day
2028-12-03	Sunday	Margashirsha	Krishna Paksha	Dwitiya (up to 15:15)	Shatabhisha	Shukla	Balava	06:45 AM	05:35 PM	07:15 AM	19:45 PM	04:30 PM - 06:00 PM	12:00 PM - 01:30 PM	03:00 PM - 04:30 PM	11:55 AM - 12:45 PM	Normal Day
2028-12-04	Monday	Margashirsha	Krishna Paksha	Tritiya (up to 14:28)	Purva Bhadrapada	Brahma	Kaulava	06:45 AM	05:35 PM	08:32 AM	20:08 PM	07:30 AM - 09:00 AM	10:30 AM - 12:00 PM	01:30 PM - 03:00 PM	11:55 AM - 12:45 PM	Normal Day
2028-12-05	Tuesday	Margashirsha	Krishna Paksha	Chaturthi (up to 21:41)	Uttara Bhadrapada	Indra	Taitila	06:45 AM	05:35 PM	09:49 AM	21:31 PM	03:00 PM - 04:30 PM	09:00 AM - 10:30 AM	12:00 PM - 01:30 PM	11:55 AM - 12:45 PM	Sankashti Chaturthi Vrat
2028-12-06	Wednesday	Margashirsha	Krishna Paksha	Panchami (up to 20:54)	Revati	Vaidhriti	Garaja	06:45 AM	05:35 PM	10:06 AM	22:54 PM	12:00 PM - 01:30 PM	07:30 AM - 09:00 AM	10:30 AM - 12:00 PM	11:55 AM - 12:45 PM	Normal Day
2028-12-07	Thursday	Margashirsha	Krishna Paksha	Shasthi (up to 19:07)	Ashwini	Vishkambha	Vanija	06:45 AM	05:35 PM	12:23 PM	00:17 AM	01:30 PM - 03:00 PM	06:00 AM - 07:30 AM	09:00 AM - 10:30 AM	11:55 AM - 12:45 PM	Normal Day
2028-12-08	Friday	Margashirsha	Krishna Paksha	Saptami (up to 18:20)	Bharani	Priti	Vishti	06:45 AM	05:35 PM	13:40 PM	01:40 AM	10:30 AM - 12:00 PM	03:00 PM - 04:30 PM	07:30 AM - 09:00 AM	11:55 AM - 12:45 PM	Normal Day
2028-12-09	Saturday	Margashirsha	Krishna Paksha	Ashtami (up to 17:33)	Krittika	Ayushman	Bava	06:45 AM	05:35 PM	14:57 PM	02:03 AM	09:00 AM - 10:30 AM	01:30 PM - 03:00 PM	06:00 AM - 07:30 AM	11:55 AM - 12:45 PM	Normal Day
2028-12-10	Sunday	Margashirsha	Krishna Paksha	Navami (up to 16:46)	Rohini	Saubhagya	Balava	06:45 AM	05:35 PM	15:14 PM	03:26 AM	04:30 PM - 06:00 PM	12:00 PM - 01:30 PM	03:00 PM - 04:30 PM	11:55 AM - 12:45 PM	Normal Day
2028-12-11	Monday	Margashirsha	Krishna Paksha	Dashami (up to 15:59)	Mrigashira	Sobhana	Kaulava	06:45 AM	05:35 PM	16:31 PM	04:49 AM	07:30 AM - 09:00 AM	10:30 AM - 12:00 PM	01:30 PM - 03:00 PM	11:55 AM - 12:45 PM	Normal Day
2028-12-12	Tuesday	Margashirsha	Krishna Paksha	Ekadashi (up to 14:12)	Ardra	Atiganda	Taitila	06:45 AM	05:35 PM	18:48 PM	06:12 AM	03:00 PM - 04:30 PM	09:00 AM - 10:30 AM	12:00 PM - 01:30 PM	11:55 AM - 12:45 PM	Utpanna Ekadashi Vrat
2028-12-13	Wednesday	Margashirsha	Krishna Paksha	Dwadashi (up to 21:25)	Punarvasu	Sukarma	Garaja	06:45 AM	05:35 PM	19:05 PM	07:35 AM	12:00 PM - 01:30 PM	07:30 AM - 09:00 AM	10:30 AM - 12:00 PM	11:55 AM - 12:45 PM	Normal Day
2028-12-14	Thursday	Margashirsha	Krishna Paksha	Trayodashi (up to 20:38)	Pushya	Dhriti	Vanija	06:45 AM	05:35 PM	20:22 PM	08:58 AM	01:30 PM - 03:00 PM	06:00 AM - 07:30 AM	09:00 AM - 10:30 AM	11:55 AM - 12:45 PM	Pradosh Vrat
2028-12-15	Friday	Margashirsha	Krishna Paksha	Chaturdashi (up to 19:51)	Ashlesha	Shool	Vishti	06:45 AM	05:35 PM	21:39 PM	09:21 AM	10:30 AM - 12:00 PM	03:00 PM - 04:30 PM	07:30 AM - 09:00 AM	11:55 AM - 12:45 PM	Normal Day
2028-12-16	Saturday	Margashirsha	Krishna Paksha	Purnima (up to 18:04)	Magha	Ganda	Bava	06:45 AM	05:35 PM	22:56 PM	10:44 AM	09:00 AM - 10:30 AM	01:30 PM - 03:00 PM	06:00 AM - 07:30 AM	11:55 AM - 12:45 PM	Amavasya (Pitru Tarpan)
2028-12-17	Sunday	Pausha	Shukla Paksha	Pratipada (up to 17:17)	Purva Phalguni	Vriddhi	Balava	06:45 AM	05:35 PM	06:13 AM	18:07 PM	04:30 PM - 06:00 PM	12:00 PM - 01:30 PM	03:00 PM - 04:30 PM	11:55 AM - 12:45 PM	Normal Day
2028-12-18	Monday	Pausha	Shukla Paksha	Dwitiya (up to 16:30)	Uttara Phalguni	Dhruva	Kaulava	06:45 AM	05:35 PM	07:30 AM	19:30 PM	07:30 AM - 09:00 AM	10:30 AM - 12:00 PM	01:30 PM - 03:00 PM	11:55 AM - 12:45 PM	Normal Day
2028-12-19	Tuesday	Pausha	Shukla Paksha	Tritiya (up to 15:43)	Hasta	Vyaghat	Taitila	06:45 AM	05:35 PM	08:47 AM	20:53 PM	03:00 PM - 04:30 PM	09:00 AM - 10:30 AM	12:00 PM - 01:30 PM	11:55 AM - 12:45 PM	Normal Day
2028-12-20	Wednesday	Pausha	Shukla Paksha	Chaturthi (up to 14:56)	Chitra	Harshan	Garaja	06:45 AM	05:35 PM	09:04 AM	21:16 PM	12:00 PM - 01:30 PM	07:30 AM - 09:00 AM	10:30 AM - 12:00 PM	11:55 AM - 12:45 PM	Normal Day
2028-12-21	Thursday	Pausha	Shukla Paksha	Panchami (up to 21:09)	Swati	Vajra	Vanija	06:45 AM	05:35 PM	10:21 AM	22:39 PM	01:30 PM - 03:00 PM	06:00 AM - 07:30 AM	09:00 AM - 10:30 AM	11:55 AM - 12:45 PM	Normal Day
2028-12-22	Friday	Pausha	Shukla Paksha	Shasthi (up to 20:22)	Vishakha	Siddhi	Vishti	06:45 AM	05:35 PM	12:38 PM	00:02 AM	10:30 AM - 12:00 PM	03:00 PM - 04:30 PM	07:30 AM - 09:00 AM	11:55 AM - 12:45 PM	Normal Day
2028-12-23	Saturday	Pausha	Shukla Paksha	Saptami (up to 19:35)	Anuradha	Vyatipat	Bava	06:45 AM	05:35 PM	13:55 PM	01:25 AM	09:00 AM - 10:30 AM	01:30 PM - 03:00 PM	06:00 AM - 07:30 AM	11:55 AM - 12:45 PM	Normal Day
2028-12-24	Sunday	Pausha	Shukla Paksha	Ashtami (up to 18:48)	Jyeshtha	Variyan	Balava	06:45 AM	05:35 PM	14:12 PM	02:48 AM	04:30 PM - 06:00 PM	12:00 PM - 01:30 PM	03:00 PM - 04:30 PM	11:55 AM - 12:45 PM	Normal Day
2028-12-25	Monday	Pausha	Shukla Paksha	Navami (up to 17:01)	Mula	Parigha	Kaulava	06:45 AM	05:35 PM	15:29 PM	03:11 AM	07:30 AM - 09:00 AM	10:30 AM - 12:00 PM	01:30 PM - 03:00 PM	11:55 AM - 12:45 PM	Normal Day
2028-12-26	Tuesday	Pausha	Shukla Paksha	Dashami (up to 16:14)	Purva Ashadha	Shiva	Taitila	06:45 AM	05:35 PM	16:46 PM	04:34 AM	03:00 PM - 04:30 PM	09:00 AM - 10:30 AM	12:00 PM - 01:30 PM	11:55 AM - 12:45 PM	Normal Day
2028-12-27	Wednesday	Pausha	Shukla Paksha	Ekadashi (up to 15:27)	Uttara Ashadha	Siddha	Garaja	06:45 AM	05:35 PM	18:03 PM	06:57 AM	12:00 PM - 01:30 PM	07:30 AM - 09:00 AM	10:30 AM - 12:00 PM	11:55 AM - 12:45 PM	Pausha Putrada Ekadashi Vrat
2028-12-28	Thursday	Pausha	Shukla Paksha	Dwadashi (up to 14:40)	Shravana	Sadhya	Vanija	06:45 AM	05:35 PM	19:20 PM	07:20 AM	01:30 PM - 03:00 PM	06:00 AM - 07:30 AM	09:00 AM - 10:30 AM	11:55 AM - 12:45 PM	Normal Day
2028-12-29	Friday	Pausha	Shukla Paksha	Trayodashi (up to 21:53)	Dhanishta	Shubha	Vishti	06:45 AM	05:35 PM	20:37 PM	08:43 AM	10:30 AM - 12:00 PM	03:00 PM - 04:30 PM	07:30 AM - 09:00 AM	11:55 AM - 12:45 PM	Pradosh Vrat
2028-12-30	Saturday	Pausha	Shukla Paksha	Chaturdashi (up to 20:06)	Shatabhisha	Shukla	Bava	06:45 AM	05:35 PM	21:54 PM	09:06 AM	09:00 AM - 10:30 AM	01:30 PM - 03:00 PM	06:00 AM - 07:30 AM	11:55 AM - 12:45 PM	Normal Day
2028-12-31	Sunday	Pausha	Shukla Paksha	Purnima (up to 19:19)	Purva Bhadrapada	Brahma	Balava	06:45 AM	05:35 PM	22:11 PM	10:29 AM	04:30 PM - 06:00 PM	12:00 PM - 01:30 PM	03:00 PM - 04:30 PM	11:55 AM - 12:45 PM	Purnima Vrat & Satyanarayan Puja
2029-01-01	Monday	Pausha	Krishna Paksha	Pratipada (up to 18:32)	Uttara Bhadrapada	Indra	Kaulava	06:45 AM	05:35 PM	06:28 AM	18:52 PM	07:30 AM - 09:00 AM	10:30 AM - 12:00 PM	01:30 PM - 03:00 PM	11:55 AM - 12:45 PM	Normal Day
2029-01-02	Tuesday	Pausha	Krishna Paksha	Dwitiya (up to 17:45)	Revati	Vaidhriti	Taitila	06:45 AM	05:35 PM	07:45 AM	19:15 PM	03:00 PM - 04:30 PM	09:00 AM - 10:30 AM	12:00 PM - 01:30 PM	11:55 AM - 12:45 PM	Normal Day
2029-01-03	Wednesday	Pausha	Krishna Paksha	Tritiya (up to 16:58)	Ashwini	Vishkambha	Garaja	06:45 AM	05:35 PM	08:02 AM	20:38 PM	12:00 PM - 01:30 PM	07:30 AM - 09:00 AM	10:30 AM - 12:00 PM	11:55 AM - 12:45 PM	Normal Day
2029-01-04	Thursday	Pausha	Krishna Paksha	Chaturthi (up to 15:11)	Bharani	Priti	Vanija	06:45 AM	05:35 PM	09:19 AM	21:01 PM	01:30 PM - 03:00 PM	06:00 AM - 07:30 AM	09:00 AM - 10:30 AM	11:55 AM - 12:45 PM	Sankashti Chaturthi Vrat
2029-01-05	Friday	Pausha	Krishna Paksha	Panchami (up to 14:24)	Krittika	Ayushman	Vishti	06:45 AM	05:35 PM	10:36 AM	22:24 PM	10:30 AM - 12:00 PM	03:00 PM - 04:30 PM	07:30 AM - 09:00 AM	11:55 AM - 12:45 PM	Normal Day
2029-01-06	Saturday	Pausha	Krishna Paksha	Shasthi (up to 21:37)	Rohini	Saubhagya	Bava	06:45 AM	05:35 PM	12:53 PM	00:47 AM	09:00 AM - 10:30 AM	01:30 PM - 03:00 PM	06:00 AM - 07:30 AM	11:55 AM - 12:45 PM	Normal Day
2029-01-07	Sunday	Pausha	Krishna Paksha	Saptami (up to 20:50)	Mrigashira	Sobhana	Balava	06:45 AM	05:35 PM	13:10 PM	01:10 AM	04:30 PM - 06:00 PM	12:00 PM - 01:30 PM	03:00 PM - 04:30 PM	11:55 AM - 12:45 PM	Normal Day
2029-01-08	Monday	Pausha	Krishna Paksha	Ashtami (up to 19:03)	Ardra	Atiganda	Kaulava	06:45 AM	05:35 PM	14:27 PM	02:33 AM	07:30 AM - 09:00 AM	10:30 AM - 12:00 PM	01:30 PM - 03:00 PM	11:55 AM - 12:45 PM	Normal Day
2029-01-09	Tuesday	Pausha	Krishna Paksha	Navami (up to 18:16)	Punarvasu	Sukarma	Taitila	06:45 AM	05:35 PM	15:44 PM	03:56 AM	03:00 PM - 04:30 PM	09:00 AM - 10:30 AM	12:00 PM - 01:30 PM	11:55 AM - 12:45 PM	Normal Day
2029-01-10	Wednesday	Pausha	Krishna Paksha	Dashami (up to 17:29)	Pushya	Dhriti	Garaja	06:45 AM	05:35 PM	16:01 PM	04:19 AM	12:00 PM - 01:30 PM	07:30 AM - 09:00 AM	10:30 AM - 12:00 PM	11:55 AM - 12:45 PM	Normal Day
2029-01-11	Thursday	Pausha	Krishna Paksha	Ekadashi (up to 16:42)	Ashlesha	Shool	Vanija	06:45 AM	05:35 PM	18:18 PM	06:42 AM	01:30 PM - 03:00 PM	06:00 AM - 07:30 AM	09:00 AM - 10:30 AM	11:55 AM - 12:45 PM	Saphala Ekadashi Vrat
2029-01-12	Friday	Pausha	Krishna Paksha	Dwadashi (up to 15:55)	Magha	Ganda	Vishti	06:45 AM	05:35 PM	19:35 PM	07:05 AM	10:30 AM - 12:00 PM	03:00 PM - 04:30 PM	07:30 AM - 09:00 AM	11:55 AM - 12:45 PM	Normal Day
2029-01-13	Saturday	Pausha	Krishna Paksha	Trayodashi (up to 14:08)	Purva Phalguni	Vriddhi	Bava	06:45 AM	05:35 PM	20:52 PM	08:28 AM	09:00 AM - 10:30 AM	01:30 PM - 03:00 PM	06:00 AM - 07:30 AM	11:55 AM - 12:45 PM	Pradosh Vrat
2029-01-14	Sunday	Pausha	Krishna Paksha	Chaturdashi (up to 21:21)	Uttara Phalguni	Dhruva	Balava	06:45 AM	05:35 PM	21:09 PM	09:51 AM	04:30 PM - 06:00 PM	12:00 PM - 01:30 PM	03:00 PM - 04:30 PM	11:55 AM - 12:45 PM	Makar Sankranti
2029-01-15	Monday	Pausha	Krishna Paksha	Purnima (up to 20:34)	Hasta	Vyaghat	Kaulava	06:45 AM	05:35 PM	22:26 PM	10:14 AM	07:30 AM - 09:00 AM	10:30 AM - 12:00 PM	01:30 PM - 03:00 PM	11:55 AM - 12:45 PM	Makar Sankranti
2029-01-16	Tuesday	Magha	Shukla Paksha	Pratipada (up to 19:47)	Chitra	Harshan	Taitila	06:45 AM	05:35 PM	06:43 AM	18:37 PM	03:00 PM - 04:30 PM	09:00 AM - 10:30 AM	12:00 PM - 01:30 PM	11:55 AM - 12:45 PM	Normal Day
2029-01-17	Wednesday	Magha	Shukla Paksha	Dwitiya (up to 18:00)	Swati	Vajra	Garaja	06:45 AM	05:35 PM	07:00 AM	19:00 PM	12:00 PM - 01:30 PM	07:30 AM - 09:00 AM	10:30 AM - 12:00 PM	11:55 AM - 12:45 PM	Normal Day
2029-01-18	Thursday	Magha	Shukla Paksha	Tritiya (up to 17:13)	Vishakha	Siddhi	Vanija	06:45 AM	05:35 PM	08:17 AM	20:23 PM	01:30 PM - 03:00 PM	06:00 AM - 07:30 AM	09:00 AM - 10:30 AM	11:55 AM - 12:45 PM	Normal Day
2029-01-19	Friday	Magha	Shukla Paksha	Chaturthi (up to 16:26)	Anuradha	Vyatipat	Vishti	06:45 AM	05:35 PM	09:34 AM	21:46 PM	10:30 AM - 12:00 PM	03:00 PM - 04:30 PM	07:30 AM - 09:00 AM	11:55 AM - 12:45 PM	Normal Day
2029-01-20	Saturday	Magha	Shukla Paksha	Panchami (up to 15:39)	Jyeshtha	Variyan	Bava	06:45 AM	05:35 PM	10:51 AM	22:09 PM	09:00 AM - 10:30 AM	01:30 PM - 03:00 PM	06:00 AM - 07:30 AM	11:55 AM - 12:45 PM	Vasant Panchami / Saraswati Puja
2029-01-21	Sunday	Magha	Shukla Paksha	Shasthi (up to 14:52)	Mula	Parigha	Balava	06:45 AM	05:35 PM	12:08 PM	00:32 AM	04:30 PM - 06:00 PM	12:00 PM - 01:30 PM	03:00 PM - 04:30 PM	11:55 AM - 12:45 PM	Normal Day
2029-01-22	Monday	Magha	Shukla Paksha	Saptami (up to 21:05)	Purva Ashadha	Shiva	Kaulava	06:45 AM	05:35 PM	13:25 PM	01:55 AM	07:30 AM - 09:00 AM	10:30 AM - 12:00 PM	01:30 PM - 03:00 PM	11:55 AM - 12:45 PM	Normal Day
2029-01-23	Tuesday	Magha	Shukla Paksha	Ashtami (up to 20:18)	Uttara Ashadha	Siddha	Taitila	06:45 AM	05:35 PM	14:42 PM	02:18 AM	03:00 PM - 04:30 PM	09:00 AM - 10:30 AM	12:00 PM - 01:30 PM	11:55 AM - 12:45 PM	Normal Day
2029-01-24	Wednesday	Magha	Shukla Paksha	Navami (up to 19:31)	Shravana	Sadhya	Garaja	06:45 AM	05:35 PM	15:59 PM	03:41 AM	12:00 PM - 01:30 PM	07:30 AM - 09:00 AM	10:30 AM - 12:00 PM	11:55 AM - 12:45 PM	Normal Day
2029-01-25	Thursday	Magha	Shukla Paksha	Dashami (up to 18:44)	Dhanishta	Shubha	Vanija	06:45 AM	05:35 PM	16:16 PM	04:04 AM	01:30 PM - 03:00 PM	06:00 AM - 07:30 AM	09:00 AM - 10:30 AM	11:55 AM - 12:45 PM	Normal Day
2029-01-26	Friday	Magha	Shukla Paksha	Ekadashi (up to 17:57)	Shatabhisha	Shukla	Vishti	06:45 AM	05:35 PM	18:33 PM	06:27 AM	10:30 AM - 12:00 PM	03:00 PM - 04:30 PM	07:30 AM - 09:00 AM	11:55 AM - 12:45 PM	Republic Day
2029-01-27	Saturday	Magha	Shukla Paksha	Dwadashi (up to 16:10)	Purva Bhadrapada	Brahma	Bava	06:45 AM	05:35 PM	19:50 PM	07:50 AM	09:00 AM - 10:30 AM	01:30 PM - 03:00 PM	06:00 AM - 07:30 AM	11:55 AM - 12:45 PM	Normal Day
2029-01-28	Sunday	Magha	Shukla Paksha	Trayodashi (up to 15:23)	Uttara Bhadrapada	Indra	Balava	06:45 AM	05:35 PM	20:07 PM	08:13 AM	04:30 PM - 06:00 PM	12:00 PM - 01:30 PM	03:00 PM - 04:30 PM	11:55 AM - 12:45 PM	Pradosh Vrat
2029-01-29	Monday	Magha	Shukla Paksha	Chaturdashi (up to 14:36)	Revati	Vaidhriti	Kaulava	06:45 AM	05:35 PM	21:24 PM	09:36 AM	07:30 AM - 09:00 AM	10:30 AM - 12:00 PM	01:30 PM - 03:00 PM	11:55 AM - 12:45 PM	Normal Day
2029-01-30	Tuesday	Magha	Shukla Paksha	Purnima (up to 21:49)	Ashwini	Vishkambha	Taitila	06:45 AM	05:35 PM	22:41 PM	10:59 AM	03:00 PM - 04:30 PM	09:00 AM - 10:30 AM	12:00 PM - 01:30 PM	11:55 AM - 12:45 PM	Purnima Vrat & Satyanarayan Puja
2029-01-31	Wednesday	Magha	Krishna Paksha	Pratipada (up to 20:02)	Bharani	Priti	Garaja	06:45 AM	05:35 PM	06:58 AM	18:22 PM	12:00 PM - 01:30 PM	07:30 AM - 09:00 AM	10:30 AM - 12:00 PM	11:55 AM - 12:45 PM	Normal Day
2029-02-01	Thursday	Magha	Krishna Paksha	Dwitiya (up to 19:15)	Krittika	Ayushman	Vanija	06:45 AM	05:35 PM	07:15 AM	19:45 PM	01:30 PM - 03:00 PM	06:00 AM - 07:30 AM	09:00 AM - 10:30 AM	11:55 AM - 12:45 PM	Normal Day
2029-02-02	Friday	Magha	Krishna Paksha	Tritiya (up to 18:28)	Rohini	Saubhagya	Vishti	06:45 AM	05:35 PM	08:32 AM	20:08 PM	10:30 AM - 12:00 PM	03:00 PM - 04:30 PM	07:30 AM - 09:00 AM	11:55 AM - 12:45 PM	Normal Day
2029-02-03	Saturday	Magha	Krishna Paksha	Chaturthi (up to 17:41)	Mrigashira	Sobhana	Bava	06:45 AM	05:35 PM	09:49 AM	21:31 PM	09:00 AM - 10:30 AM	01:30 PM - 03:00 PM	06:00 AM - 07:30 AM	11:55 AM - 12:45 PM	Sankashti Chaturthi Vrat
2029-02-04	Sunday	Magha	Krishna Paksha	Panchami (up to 16:54)	Ardra	Atiganda	Balava	06:45 AM	05:35 PM	10:06 AM	22:54 PM	04:30 PM - 06:00 PM	12:00 PM - 01:30 PM	03:00 PM - 04:30 PM	11:55 AM - 12:45 PM	Normal Day
2029-02-05	Monday	Magha	Krishna Paksha	Shasthi (up to 15:07)	Punarvasu	Sukarma	Kaulava	06:45 AM	05:35 PM	12:23 PM	00:17 AM	07:30 AM - 09:00 AM	10:30 AM - 12:00 PM	01:30 PM - 03:00 PM	11:55 AM - 12:45 PM	Normal Day
2029-02-06	Tuesday	Magha	Krishna Paksha	Saptami (up to 14:20)	Pushya	Dhriti	Taitila	06:45 AM	05:35 PM	13:40 PM	01:40 AM	03:00 PM - 04:30 PM	09:00 AM - 10:30 AM	12:00 PM - 01:30 PM	11:55 AM - 12:45 PM	Normal Day
2029-02-07	Wednesday	Magha	Krishna Paksha	Ashtami (up to 21:33)	Ashlesha	Shool	Garaja	06:45 AM	05:35 PM	14:57 PM	02:03 AM	12:00 PM - 01:30 PM	07:30 AM - 09:00 AM	10:30 AM - 12:00 PM	11:55 AM - 12:45 PM	Normal Day
2029-02-08	Thursday	Magha	Krishna Paksha	Navami (up to 20:46)	Magha	Ganda	Vanija	06:45 AM	05:35 PM	15:14 PM	03:26 AM	01:30 PM - 03:00 PM	06:00 AM - 07:30 AM	09:00 AM - 10:30 AM	11:55 AM - 12:45 PM	Normal Day
2029-02-09	Friday	Magha	Krishna Paksha	Dashami (up to 19:59)	Purva Phalguni	Vriddhi	Vishti	06:45 AM	05:35 PM	16:31 PM	04:49 AM	10:30 AM - 12:00 PM	03:00 PM - 04:30 PM	07:30 AM - 09:00 AM	11:55 AM - 12:45 PM	Normal Day
2029-02-10	Saturday	Magha	Krishna Paksha	Ekadashi (up to 18:12)	Uttara Phalguni	Dhruva	Bava	06:45 AM	05:35 PM	18:48 PM	06:12 AM	09:00 AM - 10:30 AM	01:30 PM - 03:00 PM	06:00 AM - 07:30 AM	11:55 AM - 12:45 PM	Shattila Ekadashi Vrat
2029-02-11	Sunday	Magha	Krishna Paksha	Dwadashi (up to 17:25)	Hasta	Vyaghat	Balava	06:45 AM	05:35 PM	19:05 PM	07:35 AM	04:30 PM - 06:00 PM	12:00 PM - 01:30 PM	03:00 PM - 04:30 PM	11:55 AM - 12:45 PM	Normal Day
2029-02-12	Monday	Magha	Krishna Paksha	Trayodashi (up to 16:38)	Chitra	Harshan	Kaulava	06:45 AM	05:35 PM	20:22 PM	08:58 AM	07:30 AM - 09:00 AM	10:30 AM - 12:00 PM	01:30 PM - 03:00 PM	11:55 AM - 12:45 PM	Pradosh Vrat
2029-02-13	Tuesday	Magha	Krishna Paksha	Chaturdashi (up to 15:51)	Swati	Vajra	Taitila	06:45 AM	05:35 PM	21:39 PM	09:21 AM	03:00 PM - 04:30 PM	09:00 AM - 10:30 AM	12:00 PM - 01:30 PM	11:55 AM - 12:45 PM	Normal Day
2029-02-14	Wednesday	Magha	Krishna Paksha	Purnima (up to 14:04)	Vishakha	Siddhi	Garaja	06:45 AM	05:35 PM	22:56 PM	10:44 AM	12:00 PM - 01:30 PM	07:30 AM - 09:00 AM	10:30 AM - 12:00 PM	11:55 AM - 12:45 PM	Amavasya (Pitru Tarpan)
2029-02-15	Thursday	Phalguna	Shukla Paksha	Pratipada (up to 21:17)	Anuradha	Vyatipat	Vanija	06:45 AM	05:35 PM	06:13 AM	18:07 PM	01:30 PM - 03:00 PM	06:00 AM - 07:30 AM	09:00 AM - 10:30 AM	11:55 AM - 12:45 PM	Normal Day
2029-02-16	Friday	Phalguna	Shukla Paksha	Dwitiya (up to 20:30)	Jyeshtha	Variyan	Vishti	06:45 AM	05:35 PM	07:30 AM	19:30 PM	10:30 AM - 12:00 PM	03:00 PM - 04:30 PM	07:30 AM - 09:00 AM	11:55 AM - 12:45 PM	Normal Day
2029-02-17	Saturday	Phalguna	Shukla Paksha	Tritiya (up to 19:43)	Mula	Parigha	Bava	06:45 AM	05:35 PM	08:47 AM	20:53 PM	09:00 AM - 10:30 AM	01:30 PM - 03:00 PM	06:00 AM - 07:30 AM	11:55 AM - 12:45 PM	Normal Day
2029-02-18	Sunday	Phalguna	Shukla Paksha	Chaturthi (up to 18:56)	Purva Ashadha	Shiva	Balava	06:45 AM	05:35 PM	09:04 AM	21:16 PM	04:30 PM - 06:00 PM	12:00 PM - 01:30 PM	03:00 PM - 04:30 PM	11:55 AM - 12:45 PM	Normal Day
2029-02-19	Monday	Phalguna	Shukla Paksha	Panchami (up to 17:09)	Uttara Ashadha	Siddha	Kaulava	06:45 AM	05:35 PM	10:21 AM	22:39 PM	07:30 AM - 09:00 AM	10:30 AM - 12:00 PM	01:30 PM - 03:00 PM	11:55 AM - 12:45 PM	Normal Day
2029-02-20	Tuesday	Phalguna	Shukla Paksha	Shasthi (up to 16:22)	Shravana	Sadhya	Taitila	06:45 AM	05:35 PM	12:38 PM	00:02 AM	03:00 PM - 04:30 PM	09:00 AM - 10:30 AM	12:00 PM - 01:30 PM	11:55 AM - 12:45 PM	Normal Day
2029-02-21	Wednesday	Phalguna	Shukla Paksha	Saptami (up to 15:35)	Dhanishta	Shubha	Garaja	06:45 AM	05:35 PM	13:55 PM	01:25 AM	12:00 PM - 01:30 PM	07:30 AM - 09:00 AM	10:30 AM - 12:00 PM	11:55 AM - 12:45 PM	Normal Day
2029-02-22	Thursday	Phalguna	Shukla Paksha	Ashtami (up to 14:48)	Shatabhisha	Shukla	Vanija	06:45 AM	05:35 PM	14:12 PM	02:48 AM	01:30 PM - 03:00 PM	06:00 AM - 07:30 AM	09:00 AM - 10:30 AM	11:55 AM - 12:45 PM	Normal Day
2029-02-23	Friday	Phalguna	Shukla Paksha	Navami (up to 21:01)	Purva Bhadrapada	Brahma	Vishti	06:45 AM	05:35 PM	15:29 PM	03:11 AM	10:30 AM - 12:00 PM	03:00 PM - 04:30 PM	07:30 AM - 09:00 AM	11:55 AM - 12:45 PM	Normal Day
2029-02-24	Saturday	Phalguna	Shukla Paksha	Dashami (up to 20:14)	Uttara Bhadrapada	Indra	Bava	06:45 AM	05:35 PM	16:46 PM	04:34 AM	09:00 AM - 10:30 AM	01:30 PM - 03:00 PM	06:00 AM - 07:30 AM	11:55 AM - 12:45 PM	Normal Day
2029-02-25	Sunday	Phalguna	Shukla Paksha	Ekadashi (up to 19:27)	Revati	Vaidhriti	Balava	06:45 AM	05:35 PM	18:03 PM	06:57 AM	04:30 PM - 06:00 PM	12:00 PM - 01:30 PM	03:00 PM - 04:30 PM	11:55 AM - 12:45 PM	Amalaki Ekadashi Vrat
2029-02-26	Monday	Phalguna	Shukla Paksha	Dwadashi (up to 18:40)	Ashwini	Vishkambha	Kaulava	06:45 AM	05:35 PM	19:20 PM	07:20 AM	07:30 AM - 09:00 AM	10:30 AM - 12:00 PM	01:30 PM - 03:00 PM	11:55 AM - 12:45 PM	Normal Day
2029-02-27	Tuesday	Phalguna	Shukla Paksha	Trayodashi (up to 17:53)	Bharani	Priti	Taitila	06:45 AM	05:35 PM	20:37 PM	08:43 AM	03:00 PM - 04:30 PM	09:00 AM - 10:30 AM	12:00 PM - 01:30 PM	11:55 AM - 12:45 PM	Pradosh Vrat
2029-02-28	Wednesday	Phalguna	Shukla Paksha	Chaturdashi (up to 16:06)	Krittika	Ayushman	Garaja	06:45 AM	05:35 PM	21:54 PM	09:06 AM	12:00 PM - 01:30 PM	07:30 AM - 09:00 AM	10:30 AM - 12:00 PM	11:55 AM - 12:45 PM	Normal Day
2029-03-01	Thursday	Phalguna	Shukla Paksha	Purnima (up to 15:19)	Rohini	Saubhagya	Vanija	06:10 AM	06:30 PM	22:11 PM	10:29 AM	01:30 PM - 03:00 PM	06:00 AM - 07:30 AM	09:00 AM - 10:30 AM	11:55 AM - 12:45 PM	Holika Dahan / Holi Purnima
2029-03-02	Friday	Phalguna	Krishna Paksha	Pratipada (up to 14:32)	Mrigashira	Sobhana	Vishti	06:10 AM	06:30 PM	06:28 AM	18:52 PM	10:30 AM - 12:00 PM	03:00 PM - 04:30 PM	07:30 AM - 09:00 AM	11:55 AM - 12:45 PM	Normal Day
2029-03-03	Saturday	Phalguna	Krishna Paksha	Dwitiya (up to 21:45)	Ardra	Atiganda	Bava	06:10 AM	06:30 PM	07:45 AM	19:15 PM	09:00 AM - 10:30 AM	01:30 PM - 03:00 PM	06:00 AM - 07:30 AM	11:55 AM - 12:45 PM	Normal Day
2029-03-04	Sunday	Phalguna	Krishna Paksha	Tritiya (up to 20:58)	Punarvasu	Sukarma	Balava	06:10 AM	06:30 PM	08:02 AM	20:38 PM	04:30 PM - 06:00 PM	12:00 PM - 01:30 PM	03:00 PM - 04:30 PM	11:55 AM - 12:45 PM	Normal Day
2029-03-05	Monday	Phalguna	Krishna Paksha	Chaturthi (up to 19:11)	Pushya	Dhriti	Kaulava	06:10 AM	06:30 PM	09:19 AM	21:01 PM	07:30 AM - 09:00 AM	10:30 AM - 12:00 PM	01:30 PM - 03:00 PM	11:55 AM - 12:45 PM	Sankashti Chaturthi Vrat
2029-03-06	Tuesday	Phalguna	Krishna Paksha	Panchami (up to 18:24)	Ashlesha	Shool	Taitila	06:10 AM	06:30 PM	10:36 AM	22:24 PM	03:00 PM - 04:30 PM	09:00 AM - 10:30 AM	12:00 PM - 01:30 PM	11:55 AM - 12:45 PM	Normal Day
2029-03-07	Wednesday	Phalguna	Krishna Paksha	Shasthi (up to 17:37)	Magha	Ganda	Garaja	06:10 AM	06:30 PM	12:53 PM	00:47 AM	12:00 PM - 01:30 PM	07:30 AM - 09:00 AM	10:30 AM - 12:00 PM	11:55 AM - 12:45 PM	Normal Day
2029-03-08	Thursday	Phalguna	Krishna Paksha	Saptami (up to 16:50)	Purva Phalguni	Vriddhi	Vanija	06:10 AM	06:30 PM	13:10 PM	01:10 AM	01:30 PM - 03:00 PM	06:00 AM - 07:30 AM	09:00 AM - 10:30 AM	11:55 AM - 12:45 PM	Normal Day
2029-03-09	Friday	Phalguna	Krishna Paksha	Ashtami (up to 15:03)	Uttara Phalguni	Dhruva	Vishti	06:10 AM	06:30 PM	14:27 PM	02:33 AM	10:30 AM - 12:00 PM	03:00 PM - 04:30 PM	07:30 AM - 09:00 AM	11:55 AM - 12:45 PM	Normal Day
2029-03-10	Saturday	Phalguna	Krishna Paksha	Navami (up to 14:16)	Hasta	Vyaghat	Bava	06:10 AM	06:30 PM	15:44 PM	03:56 AM	09:00 AM - 10:30 AM	01:30 PM - 03:00 PM	06:00 AM - 07:30 AM	11:55 AM - 12:45 PM	Normal Day
2029-03-11	Sunday	Phalguna	Krishna Paksha	Dashami (up to 21:29)	Chitra	Harshan	Balava	06:10 AM	06:30 PM	16:01 PM	04:19 AM	04:30 PM - 06:00 PM	12:00 PM - 01:30 PM	03:00 PM - 04:30 PM	11:55 AM - 12:45 PM	Normal Day
2029-03-12	Monday	Phalguna	Krishna Paksha	Ekadashi (up to 20:42)	Swati	Vajra	Kaulava	06:10 AM	06:30 PM	18:18 PM	06:42 AM	07:30 AM - 09:00 AM	10:30 AM - 12:00 PM	01:30 PM - 03:00 PM	11:55 AM - 12:45 PM	Vijaya Ekadashi Vrat
2029-03-13	Tuesday	Phalguna	Krishna Paksha	Dwadashi (up to 19:55)	Vishakha	Siddhi	Taitila	06:10 AM	06:30 PM	19:35 PM	07:05 AM	03:00 PM - 04:30 PM	09:00 AM - 10:30 AM	12:00 PM - 01:30 PM	11:55 AM - 12:45 PM	Normal Day
2029-03-14	Wednesday	Phalguna	Krishna Paksha	Trayodashi (up to 18:08)	Anuradha	Vyatipat	Garaja	06:10 AM	06:30 PM	20:52 PM	08:28 AM	12:00 PM - 01:30 PM	07:30 AM - 09:00 AM	10:30 AM - 12:00 PM	11:55 AM - 12:45 PM	Pradosh Vrat
2029-03-15	Thursday	Phalguna	Krishna Paksha	Chaturdashi (up to 17:21)	Jyeshtha	Variyan	Vanija	06:10 AM	06:30 PM	21:09 PM	09:51 AM	01:30 PM - 03:00 PM	06:00 AM - 07:30 AM	09:00 AM - 10:30 AM	11:55 AM - 12:45 PM	Maha Shivratri Vrat
2029-03-16	Friday	Phalguna	Krishna Paksha	Purnima (up to 16:34)	Mula	Parigha	Vishti	06:10 AM	06:30 PM	22:26 PM	10:14 AM	10:30 AM - 12:00 PM	03:00 PM - 04:30 PM	07:30 AM - 09:00 AM	11:55 AM - 12:45 PM	Amavasya (Pitru Tarpan)
2029-03-17	Saturday	Chaitra	Shukla Paksha	Pratipada (up to 15:47)	Purva Ashadha	Shiva	Bava	06:10 AM	06:30 PM	06:43 AM	18:37 PM	09:00 AM - 10:30 AM	01:30 PM - 03:00 PM	06:00 AM - 07:30 AM	11:55 AM - 12:45 PM	Chaitra Navratri / Vikram Samvat Gudi Padwa
2029-03-18	Sunday	Chaitra	Shukla Paksha	Dwitiya (up to 14:00)	Uttara Ashadha	Siddha	Balava	06:10 AM	06:30 PM	07:00 AM	19:00 PM	04:30 PM - 06:00 PM	12:00 PM - 01:30 PM	03:00 PM - 04:30 PM	11:55 AM - 12:45 PM	Normal Day
2029-03-19	Monday	Chaitra	Shukla Paksha	Tritiya (up to 21:13)	Shravana	Sadhya	Kaulava	06:10 AM	06:30 PM	08:17 AM	20:23 PM	07:30 AM - 09:00 AM	10:30 AM - 12:00 PM	01:30 PM - 03:00 PM	11:55 AM - 12:45 PM	Normal Day
2029-03-20	Tuesday	Chaitra	Shukla Paksha	Chaturthi (up to 20:26)	Dhanishta	Shubha	Taitila	06:10 AM	06:30 PM	09:34 AM	21:46 PM	03:00 PM - 04:30 PM	09:00 AM - 10:30 AM	12:00 PM - 01:30 PM	11:55 AM - 12:45 PM	Normal Day
2029-03-21	Wednesday	Chaitra	Shukla Paksha	Panchami (up to 19:39)	Shatabhisha	Shukla	Garaja	06:10 AM	06:30 PM	10:51 AM	22:09 PM	12:00 PM - 01:30 PM	07:30 AM - 09:00 AM	10:30 AM - 12:00 PM	11:55 AM - 12:45 PM	Normal Day
2029-03-22	Thursday	Chaitra	Shukla Paksha	Shasthi (up to 18:52)	Purva Bhadrapada	Brahma	Vanija	06:10 AM	06:30 PM	12:08 PM	00:32 AM	01:30 PM - 03:00 PM	06:00 AM - 07:30 AM	09:00 AM - 10:30 AM	11:55 AM - 12:45 PM	Normal Day
2029-03-23	Friday	Chaitra	Shukla Paksha	Saptami (up to 17:05)	Uttara Bhadrapada	Indra	Vishti	06:10 AM	06:30 PM	13:25 PM	01:55 AM	10:30 AM - 12:00 PM	03:00 PM - 04:30 PM	07:30 AM - 09:00 AM	11:55 AM - 12:45 PM	Normal Day
2029-03-24	Saturday	Chaitra	Shukla Paksha	Ashtami (up to 16:18)	Revati	Vaidhriti	Bava	06:10 AM	06:30 PM	14:42 PM	02:18 AM	09:00 AM - 10:30 AM	01:30 PM - 03:00 PM	06:00 AM - 07:30 AM	11:55 AM - 12:45 PM	Normal Day
2029-03-25	Sunday	Chaitra	Shukla Paksha	Navami (up to 15:31)	Ashwini	Vishkambha	Balava	06:10 AM	06:30 PM	15:59 PM	03:41 AM	04:30 PM - 06:00 PM	12:00 PM - 01:30 PM	03:00 PM - 04:30 PM	11:55 AM - 12:45 PM	Shri Rama Navami
2029-03-26	Monday	Chaitra	Shukla Paksha	Dashami (up to 14:44)	Bharani	Priti	Kaulava	06:10 AM	06:30 PM	16:16 PM	04:04 AM	07:30 AM - 09:00 AM	10:30 AM - 12:00 PM	01:30 PM - 03:00 PM	11:55 AM - 12:45 PM	Normal Day
2029-03-27	Tuesday	Chaitra	Shukla Paksha	Ekadashi (up to 21:57)	Krittika	Ayushman	Taitila	06:10 AM	06:30 PM	18:33 PM	06:27 AM	03:00 PM - 04:30 PM	09:00 AM - 10:30 AM	12:00 PM - 01:30 PM	11:55 AM - 12:45 PM	Kamada Ekadashi Vrat
2029-03-28	Wednesday	Chaitra	Shukla Paksha	Dwadashi (up to 20:10)	Rohini	Saubhagya	Garaja	06:10 AM	06:30 PM	19:50 PM	07:50 AM	12:00 PM - 01:30 PM	07:30 AM - 09:00 AM	10:30 AM - 12:00 PM	11:55 AM - 12:45 PM	Normal Day
2029-03-29	Thursday	Chaitra	Shukla Paksha	Trayodashi (up to 19:23)	Mrigashira	Sobhana	Vanija	06:10 AM	06:30 PM	20:07 PM	08:13 AM	01:30 PM - 03:00 PM	06:00 AM - 07:30 AM	09:00 AM - 10:30 AM	11:55 AM - 12:45 PM	Pradosh Vrat
2029-03-30	Friday	Chaitra	Shukla Paksha	Chaturdashi (up to 18:36)	Ardra	Atiganda	Vishti	06:10 AM	06:30 PM	21:24 PM	09:36 AM	10:30 AM - 12:00 PM	03:00 PM - 04:30 PM	07:30 AM - 09:00 AM	11:55 AM - 12:45 PM	Normal Day
2029-03-31	Saturday	Chaitra	Shukla Paksha	Purnima (up to 17:49)	Punarvasu	Sukarma	Bava	06:10 AM	06:30 PM	22:41 PM	10:59 AM	09:00 AM - 10:30 AM	01:30 PM - 03:00 PM	06:00 AM - 07:30 AM	11:55 AM - 12:45 PM	Hanuman Jayanti
2029-04-01	Sunday	Chaitra	Krishna Paksha	Pratipada (up to 16:02)	Pushya	Dhriti	Balava	06:10 AM	06:30 PM	06:58 AM	18:22 PM	04:30 PM - 06:00 PM	12:00 PM - 01:30 PM	03:00 PM - 04:30 PM	11:55 AM - 12:45 PM	Normal Day
2029-04-02	Monday	Chaitra	Krishna Paksha	Dwitiya (up to 15:15)	Ashlesha	Shool	Kaulava	06:10 AM	06:30 PM	07:15 AM	19:45 PM	07:30 AM - 09:00 AM	10:30 AM - 12:00 PM	01:30 PM - 03:00 PM	11:55 AM - 12:45 PM	Normal Day
2029-04-03	Tuesday	Chaitra	Krishna Paksha	Tritiya (up to 14:28)	Magha	Ganda	Taitila	06:10 AM	06:30 PM	08:32 AM	20:08 PM	03:00 PM - 04:30 PM	09:00 AM - 10:30 AM	12:00 PM - 01:30 PM	11:55 AM - 12:45 PM	Normal Day
2029-04-04	Wednesday	Chaitra	Krishna Paksha	Chaturthi (up to 21:41)	Purva Phalguni	Vriddhi	Garaja	06:10 AM	06:30 PM	09:49 AM	21:31 PM	12:00 PM - 01:30 PM	07:30 AM - 09:00 AM	10:30 AM - 12:00 PM	11:55 AM - 12:45 PM	Sankashti Chaturthi Vrat
2029-04-05	Thursday	Chaitra	Krishna Paksha	Panchami (up to 20:54)	Uttara Phalguni	Dhruva	Vanija	06:10 AM	06:30 PM	10:06 AM	22:54 PM	01:30 PM - 03:00 PM	06:00 AM - 07:30 AM	09:00 AM - 10:30 AM	11:55 AM - 12:45 PM	Normal Day
2029-04-06	Friday	Chaitra	Krishna Paksha	Shasthi (up to 19:07)	Hasta	Vyaghat	Vishti	06:10 AM	06:30 PM	12:23 PM	00:17 AM	10:30 AM - 12:00 PM	03:00 PM - 04:30 PM	07:30 AM - 09:00 AM	11:55 AM - 12:45 PM	Normal Day
2029-04-07	Saturday	Chaitra	Krishna Paksha	Saptami (up to 18:20)	Chitra	Harshan	Bava	06:10 AM	06:30 PM	13:40 PM	01:40 AM	09:00 AM - 10:30 AM	01:30 PM - 03:00 PM	06:00 AM - 07:30 AM	11:55 AM - 12:45 PM	Normal Day
2029-04-08	Sunday	Chaitra	Krishna Paksha	Ashtami (up to 17:33)	Swati	Vajra	Balava	06:10 AM	06:30 PM	14:57 PM	02:03 AM	04:30 PM - 06:00 PM	12:00 PM - 01:30 PM	03:00 PM - 04:30 PM	11:55 AM - 12:45 PM	Normal Day
2029-04-09	Monday	Chaitra	Krishna Paksha	Navami (up to 16:46)	Vishakha	Siddhi	Kaulava	06:10 AM	06:30 PM	15:14 PM	03:26 AM	07:30 AM - 09:00 AM	10:30 AM - 12:00 PM	01:30 PM - 03:00 PM	11:55 AM - 12:45 PM	Normal Day
2029-04-10	Tuesday	Chaitra	Krishna Paksha	Dashami (up to 15:59)	Anuradha	Vyatipat	Taitila	06:10 AM	06:30 PM	16:31 PM	04:49 AM	03:00 PM - 04:30 PM	09:00 AM - 10:30 AM	12:00 PM - 01:30 PM	11:55 AM - 12:45 PM	Normal Day
2029-04-11	Wednesday	Chaitra	Krishna Paksha	Ekadashi (up to 14:12)	Jyeshtha	Variyan	Garaja	06:10 AM	06:30 PM	18:48 PM	06:12 AM	12:00 PM - 01:30 PM	07:30 AM - 09:00 AM	10:30 AM - 12:00 PM	11:55 AM - 12:45 PM	Papmochani Ekadashi Vrat
2029-04-12	Thursday	Chaitra	Krishna Paksha	Dwadashi (up to 21:25)	Mula	Parigha	Vanija	06:10 AM	06:30 PM	19:05 PM	07:35 AM	01:30 PM - 03:00 PM	06:00 AM - 07:30 AM	09:00 AM - 10:30 AM	11:55 AM - 12:45 PM	Normal Day
2029-04-13	Friday	Chaitra	Krishna Paksha	Trayodashi (up to 20:38)	Purva Ashadha	Shiva	Vishti	06:10 AM	06:30 PM	20:22 PM	08:58 AM	10:30 AM - 12:00 PM	03:00 PM - 04:30 PM	07:30 AM - 09:00 AM	11:55 AM - 12:45 PM	Pradosh Vrat
2029-04-14	Saturday	Chaitra	Krishna Paksha	Chaturdashi (up to 19:51)	Uttara Ashadha	Siddha	Bava	06:10 AM	06:30 PM	21:39 PM	09:21 AM	09:00 AM - 10:30 AM	01:30 PM - 03:00 PM	06:00 AM - 07:30 AM	11:55 AM - 12:45 PM	Normal Day
2029-04-15	Sunday	Chaitra	Krishna Paksha	Purnima (up to 18:04)	Shravana	Sadhya	Balava	06:10 AM	06:30 PM	22:56 PM	10:44 AM	04:30 PM - 06:00 PM	12:00 PM - 01:30 PM	03:00 PM - 04:30 PM	11:55 AM - 12:45 PM	Amavasya (Pitru Tarpan)
2029-04-16	Monday	Vaishakha	Shukla Paksha	Pratipada (up to 17:17)	Dhanishta	Shubha	Kaulava	06:10 AM	06:30 PM	06:13 AM	18:07 PM	07:30 AM - 09:00 AM	10:30 AM - 12:00 PM	01:30 PM - 03:00 PM	11:55 AM - 12:45 PM	Normal Day
2029-04-17	Tuesday	Vaishakha	Shukla Paksha	Dwitiya (up to 16:30)	Shatabhisha	Shukla	Taitila	06:10 AM	06:30 PM	07:30 AM	19:30 PM	03:00 PM - 04:30 PM	09:00 AM - 10:30 AM	12:00 PM - 01:30 PM	11:55 AM - 12:45 PM	Normal Day
2029-04-18	Wednesday	Vaishakha	Shukla Paksha	Tritiya (up to 15:43)	Purva Bhadrapada	Brahma	Garaja	06:10 AM	06:30 PM	08:47 AM	20:53 PM	12:00 PM - 01:30 PM	07:30 AM - 09:00 AM	10:30 AM - 12:00 PM	11:55 AM - 12:45 PM	Akshaya Tritiya
2029-04-19	Thursday	Vaishakha	Shukla Paksha	Chaturthi (up to 14:56)	Uttara Bhadrapada	Indra	Vanija	06:10 AM	06:30 PM	09:04 AM	21:16 PM	01:30 PM - 03:00 PM	06:00 AM - 07:30 AM	09:00 AM - 10:30 AM	11:55 AM - 12:45 PM	Normal Day
2029-04-20	Friday	Vaishakha	Shukla Paksha	Panchami (up to 21:09)	Revati	Vaidhriti	Vishti	06:10 AM	06:30 PM	10:21 AM	22:39 PM	10:30 AM - 12:00 PM	03:00 PM - 04:30 PM	07:30 AM - 09:00 AM	11:55 AM - 12:45 PM	Normal Day
2029-04-21	Saturday	Vaishakha	Shukla Paksha	Shasthi (up to 20:22)	Ashwini	Vishkambha	Bava	06:10 AM	06:30 PM	12:38 PM	00:02 AM	09:00 AM - 10:30 AM	01:30 PM - 03:00 PM	06:00 AM - 07:30 AM	11:55 AM - 12:45 PM	Normal Day
2029-04-22	Sunday	Vaishakha	Shukla Paksha	Saptami (up to 19:35)	Bharani	Priti	Balava	06:10 AM	06:30 PM	13:55 PM	01:25 AM	04:30 PM - 06:00 PM	12:00 PM - 01:30 PM	03:00 PM - 04:30 PM	11:55 AM - 12:45 PM	Normal Day
2029-04-23	Monday	Vaishakha	Shukla Paksha	Ashtami (up to 18:48)	Krittika	Ayushman	Kaulava	06:10 AM	06:30 PM	14:12 PM	02:48 AM	07:30 AM - 09:00 AM	10:30 AM - 12:00 PM	01:30 PM - 03:00 PM	11:55 AM - 12:45 PM	Normal Day
2029-04-24	Tuesday	Vaishakha	Shukla Paksha	Navami (up to 17:01)	Rohini	Saubhagya	Taitila	06:10 AM	06:30 PM	15:29 PM	03:11 AM	03:00 PM - 04:30 PM	09:00 AM - 10:30 AM	12:00 PM - 01:30 PM	11:55 AM - 12:45 PM	Normal Day
2029-04-25	Wednesday	Vaishakha	Shukla Paksha	Dashami (up to 16:14)	Mrigashira	Sobhana	Garaja	06:10 AM	06:30 PM	16:46 PM	04:34 AM	12:00 PM - 01:30 PM	07:30 AM - 09:00 AM	10:30 AM - 12:00 PM	11:55 AM - 12:45 PM	Normal Day
2029-04-26	Thursday	Vaishakha	Shukla Paksha	Ekadashi (up to 15:27)	Ardra	Atiganda	Vanija	06:10 AM	06:30 PM	18:03 PM	06:57 AM	01:30 PM - 03:00 PM	06:00 AM - 07:30 AM	09:00 AM - 10:30 AM	11:55 AM - 12:45 PM	Mohini Ekadashi Vrat
2029-04-27	Friday	Vaishakha	Shukla Paksha	Dwadashi (up to 14:40)	Punarvasu	Sukarma	Vishti	06:10 AM	06:30 PM	19:20 PM	07:20 AM	10:30 AM - 12:00 PM	03:00 PM - 04:30 PM	07:30 AM - 09:00 AM	11:55 AM - 12:45 PM	Normal Day
2029-04-28	Saturday	Vaishakha	Shukla Paksha	Trayodashi (up to 21:53)	Pushya	Dhriti	Bava	06:10 AM	06:30 PM	20:37 PM	08:43 AM	09:00 AM - 10:30 AM	01:30 PM - 03:00 PM	06:00 AM - 07:30 AM	11:55 AM - 12:45 PM	Pradosh Vrat
2029-04-29	Sunday	Vaishakha	Shukla Paksha	Chaturdashi (up to 20:06)	Ashlesha	Shool	Balava	06:10 AM	06:30 PM	21:54 PM	09:06 AM	04:30 PM - 06:00 PM	12:00 PM - 01:30 PM	03:00 PM - 04:30 PM	11:55 AM - 12:45 PM	Normal Day
2029-04-30	Monday	Vaishakha	Shukla Paksha	Purnima (up to 19:19)	Magha	Ganda	Kaulava	06:10 AM	06:30 PM	22:11 PM	10:29 AM	07:30 AM - 09:00 AM	10:30 AM - 12:00 PM	01:30 PM - 03:00 PM	11:55 AM - 12:45 PM	Purnima Vrat & Satyanarayan Puja
2029-05-01	Tuesday	Vaishakha	Krishna Paksha	Pratipada (up to 18:32)	Purva Phalguni	Vriddhi	Taitila	06:10 AM	06:30 PM	06:28 AM	18:52 PM	03:00 PM - 04:30 PM	09:00 AM - 10:30 AM	12:00 PM - 01:30 PM	11:55 AM - 12:45 PM	Normal Day
2029-05-02	Wednesday	Vaishakha	Krishna Paksha	Dwitiya (up to 17:45)	Uttara Phalguni	Dhruva	Garaja	06:10 AM	06:30 PM	07:45 AM	19:15 PM	12:00 PM - 01:30 PM	07:30 AM - 09:00 AM	10:30 AM - 12:00 PM	11:55 AM - 12:45 PM	Normal Day
2029-05-03	Thursday	Vaishakha	Krishna Paksha	Tritiya (up to 16:58)	Hasta	Vyaghat	Vanija	06:10 AM	06:30 PM	08:02 AM	20:38 PM	01:30 PM - 03:00 PM	06:00 AM - 07:30 AM	09:00 AM - 10:30 AM	11:55 AM - 12:45 PM	Normal Day
2029-05-04	Friday	Vaishakha	Krishna Paksha	Chaturthi (up to 15:11)	Chitra	Harshan	Vishti	06:10 AM	06:30 PM	09:19 AM	21:01 PM	10:30 AM - 12:00 PM	03:00 PM - 04:30 PM	07:30 AM - 09:00 AM	11:55 AM - 12:45 PM	Sankashti Chaturthi Vrat
2029-05-05	Saturday	Vaishakha	Krishna Paksha	Panchami (up to 14:24)	Swati	Vajra	Bava	06:10 AM	06:30 PM	10:36 AM	22:24 PM	09:00 AM - 10:30 AM	01:30 PM - 03:00 PM	06:00 AM - 07:30 AM	11:55 AM - 12:45 PM	Normal Day
2029-05-06	Sunday	Vaishakha	Krishna Paksha	Shasthi (up to 21:37)	Vishakha	Siddhi	Balava	06:10 AM	06:30 PM	12:53 PM	00:47 AM	04:30 PM - 06:00 PM	12:00 PM - 01:30 PM	03:00 PM - 04:30 PM	11:55 AM - 12:45 PM	Normal Day
2029-05-07	Monday	Vaishakha	Krishna Paksha	Saptami (up to 20:50)	Anuradha	Vyatipat	Kaulava	06:10 AM	06:30 PM	13:10 PM	01:10 AM	07:30 AM - 09:00 AM	10:30 AM - 12:00 PM	01:30 PM - 03:00 PM	11:55 AM - 12:45 PM	Normal Day
2029-05-08	Tuesday	Vaishakha	Krishna Paksha	Ashtami (up to 19:03)	Jyeshtha	Variyan	Taitila	06:10 AM	06:30 PM	14:27 PM	02:33 AM	03:00 PM - 04:30 PM	09:00 AM - 10:30 AM	12:00 PM - 01:30 PM	11:55 AM - 12:45 PM	Normal Day
2029-05-09	Wednesday	Vaishakha	Krishna Paksha	Navami (up to 18:16)	Mula	Parigha	Garaja	06:10 AM	06:30 PM	15:44 PM	03:56 AM	12:00 PM - 01:30 PM	07:30 AM - 09:00 AM	10:30 AM - 12:00 PM	11:55 AM - 12:45 PM	Normal Day
2029-05-10	Thursday	Vaishakha	Krishna Paksha	Dashami (up to 17:29)	Purva Ashadha	Shiva	Vanija	06:10 AM	06:30 PM	16:01 PM	04:19 AM	01:30 PM - 03:00 PM	06:00 AM - 07:30 AM	09:00 AM - 10:30 AM	11:55 AM - 12:45 PM	Normal Day
2029-05-11	Friday	Vaishakha	Krishna Paksha	Ekadashi (up to 16:42)	Uttara Ashadha	Siddha	Vishti	06:10 AM	06:30 PM	18:18 PM	06:42 AM	10:30 AM - 12:00 PM	03:00 PM - 04:30 PM	07:30 AM - 09:00 AM	11:55 AM - 12:45 PM	Varuthini Ekadashi Vrat
2029-05-12	Saturday	Vaishakha	Krishna Paksha	Dwadashi (up to 15:55)	Shravana	Sadhya	Bava	06:10 AM	06:30 PM	19:35 PM	07:05 AM	09:00 AM - 10:30 AM	01:30 PM - 03:00 PM	06:00 AM - 07:30 AM	11:55 AM - 12:45 PM	Normal Day
2029-05-13	Sunday	Vaishakha	Krishna Paksha	Trayodashi (up to 14:08)	Dhanishta	Shubha	Balava	06:10 AM	06:30 PM	20:52 PM	08:28 AM	04:30 PM - 06:00 PM	12:00 PM - 01:30 PM	03:00 PM - 04:30 PM	11:55 AM - 12:45 PM	Pradosh Vrat
2029-05-14	Monday	Vaishakha	Krishna Paksha	Chaturdashi (up to 21:21)	Shatabhisha	Shukla	Kaulava	06:10 AM	06:30 PM	21:09 PM	09:51 AM	07:30 AM - 09:00 AM	10:30 AM - 12:00 PM	01:30 PM - 03:00 PM	11:55 AM - 12:45 PM	Normal Day
2029-05-15	Tuesday	Vaishakha	Krishna Paksha	Purnima (up to 20:34)	Purva Bhadrapada	Brahma	Taitila	06:10 AM	06:30 PM	22:26 PM	10:14 AM	03:00 PM - 04:30 PM	09:00 AM - 10:30 AM	12:00 PM - 01:30 PM	11:55 AM - 12:45 PM	Amavasya (Pitru Tarpan)
2029-05-16	Wednesday	Jyeshtha	Shukla Paksha	Pratipada (up to 19:47)	Uttara Bhadrapada	Indra	Garaja	06:10 AM	06:30 PM	06:43 AM	18:37 PM	12:00 PM - 01:30 PM	07:30 AM - 09:00 AM	10:30 AM - 12:00 PM	11:55 AM - 12:45 PM	Normal Day
2029-05-17	Thursday	Jyeshtha	Shukla Paksha	Dwitiya (up to 18:00)	Revati	Vaidhriti	Vanija	06:10 AM	06:30 PM	07:00 AM	19:00 PM	01:30 PM - 03:00 PM	06:00 AM - 07:30 AM	09:00 AM - 10:30 AM	11:55 AM - 12:45 PM	Normal Day
2029-05-18	Friday	Jyeshtha	Shukla Paksha	Tritiya (up to 17:13)	Ashwini	Vishkambha	Vishti	06:10 AM	06:30 PM	08:17 AM	20:23 PM	10:30 AM - 12:00 PM	03:00 PM - 04:30 PM	07:30 AM - 09:00 AM	11:55 AM - 12:45 PM	Normal Day
2029-05-19	Saturday	Jyeshtha	Shukla Paksha	Chaturthi (up to 16:26)	Bharani	Priti	Bava	06:10 AM	06:30 PM	09:34 AM	21:46 PM	09:00 AM - 10:30 AM	01:30 PM - 03:00 PM	06:00 AM - 07:30 AM	11:55 AM - 12:45 PM	Normal Day
2029-05-20	Sunday	Jyeshtha	Shukla Paksha	Panchami (up to 15:39)	Krittika	Ayushman	Balava	06:10 AM	06:30 PM	10:51 AM	22:09 PM	04:30 PM - 06:00 PM	12:00 PM - 01:30 PM	03:00 PM - 04:30 PM	11:55 AM - 12:45 PM	Normal Day
2029-05-21	Monday	Jyeshtha	Shukla Paksha	Shasthi (up to 14:52)	Rohini	Saubhagya	Kaulava	06:10 AM	06:30 PM	12:08 PM	00:32 AM	07:30 AM - 09:00 AM	10:30 AM - 12:00 PM	01:30 PM - 03:00 PM	11:55 AM - 12:45 PM	Normal Day
2029-05-22	Tuesday	Jyeshtha	Shukla Paksha	Saptami (up to 21:05)	Mrigashira	Sobhana	Taitila	06:10 AM	06:30 PM	13:25 PM	01:55 AM	03:00 PM - 04:30 PM	09:00 AM - 10:30 AM	12:00 PM - 01:30 PM	11:55 AM - 12:45 PM	Normal Day
2029-05-23	Wednesday	Jyeshtha	Shukla Paksha	Ashtami (up to 20:18)	Ardra	Atiganda	Garaja	06:10 AM	06:30 PM	14:42 PM	02:18 AM	12:00 PM - 01:30 PM	07:30 AM - 09:00 AM	10:30 AM - 12:00 PM	11:55 AM - 12:45 PM	Normal Day
2029-05-24	Thursday	Jyeshtha	Shukla Paksha	Navami (up to 19:31)	Punarvasu	Sukarma	Vanija	06:10 AM	06:30 PM	15:59 PM	03:41 AM	01:30 PM - 03:00 PM	06:00 AM - 07:30 AM	09:00 AM - 10:30 AM	11:55 AM - 12:45 PM	Normal Day
2029-05-25	Friday	Jyeshtha	Shukla Paksha	Dashami (up to 18:44)	Pushya	Dhriti	Vishti	06:10 AM	06:30 PM	16:16 PM	04:04 AM	10:30 AM - 12:00 PM	03:00 PM - 04:30 PM	07:30 AM - 09:00 AM	11:55 AM - 12:45 PM	Normal Day
2029-05-26	Saturday	Jyeshtha	Shukla Paksha	Ekadashi (up to 17:57)	Ashlesha	Shool	Bava	06:10 AM	06:30 PM	18:33 PM	06:27 AM	09:00 AM - 10:30 AM	01:30 PM - 03:00 PM	06:00 AM - 07:30 AM	11:55 AM - 12:45 PM	Nirjala Ekadashi Vrat
2029-05-27	Sunday	Jyeshtha	Shukla Paksha	Dwadashi (up to 16:10)	Magha	Ganda	Balava	06:10 AM	06:30 PM	19:50 PM	07:50 AM	04:30 PM - 06:00 PM	12:00 PM - 01:30 PM	03:00 PM - 04:30 PM	11:55 AM - 12:45 PM	Normal Day
2029-05-28	Monday	Jyeshtha	Shukla Paksha	Trayodashi (up to 15:23)	Purva Phalguni	Vriddhi	Kaulava	06:10 AM	06:30 PM	20:07 PM	08:13 AM	07:30 AM - 09:00 AM	10:30 AM - 12:00 PM	01:30 PM - 03:00 PM	11:55 AM - 12:45 PM	Pradosh Vrat
2029-05-29	Tuesday	Jyeshtha	Shukla Paksha	Chaturdashi (up to 14:36)	Uttara Phalguni	Dhruva	Taitila	06:10 AM	06:30 PM	21:24 PM	09:36 AM	03:00 PM - 04:30 PM	09:00 AM - 10:30 AM	12:00 PM - 01:30 PM	11:55 AM - 12:45 PM	Normal Day
2029-05-30	Wednesday	Jyeshtha	Shukla Paksha	Purnima (up to 21:49)	Hasta	Vyaghat	Garaja	06:10 AM	06:30 PM	22:41 PM	10:59 AM	12:00 PM - 01:30 PM	07:30 AM - 09:00 AM	10:30 AM - 12:00 PM	11:55 AM - 12:45 PM	Purnima Vrat & Satyanarayan Puja
2029-05-31	Thursday	Jyeshtha	Krishna Paksha	Pratipada (up to 20:02)	Chitra	Harshan	Vanija	06:10 AM	06:30 PM	06:58 AM	18:22 PM	01:30 PM - 03:00 PM	06:00 AM - 07:30 AM	09:00 AM - 10:30 AM	11:55 AM - 12:45 PM	Normal Day
2029-06-01	Friday	Jyeshtha	Krishna Paksha	Dwitiya (up to 19:15)	Swati	Vajra	Vishti	05:35 AM	07:15 PM	07:15 AM	19:45 PM	10:30 AM - 12:00 PM	03:00 PM - 04:30 PM	07:30 AM - 09:00 AM	11:55 AM - 12:45 PM	Normal Day
2029-06-02	Saturday	Jyeshtha	Krishna Paksha	Tritiya (up to 18:28)	Vishakha	Siddhi	Bava	05:35 AM	07:15 PM	08:32 AM	20:08 PM	09:00 AM - 10:30 AM	01:30 PM - 03:00 PM	06:00 AM - 07:30 AM	11:55 AM - 12:45 PM	Normal Day
2029-06-03	Sunday	Jyeshtha	Krishna Paksha	Chaturthi (up to 17:41)	Anuradha	Vyatipat	Balava	05:35 AM	07:15 PM	09:49 AM	21:31 PM	04:30 PM - 06:00 PM	12:00 PM - 01:30 PM	03:00 PM - 04:30 PM	11:55 AM - 12:45 PM	Sankashti Chaturthi Vrat
2029-06-04	Monday	Jyeshtha	Krishna Paksha	Panchami (up to 16:54)	Jyeshtha	Variyan	Kaulava	05:35 AM	07:15 PM	10:06 AM	22:54 PM	07:30 AM - 09:00 AM	10:30 AM - 12:00 PM	01:30 PM - 03:00 PM	11:55 AM - 12:45 PM	Normal Day
2029-06-05	Tuesday	Jyeshtha	Krishna Paksha	Shasthi (up to 15:07)	Mula	Parigha	Taitila	05:35 AM	07:15 PM	12:23 PM	00:17 AM	03:00 PM - 04:30 PM	09:00 AM - 10:30 AM	12:00 PM - 01:30 PM	11:55 AM - 12:45 PM	Normal Day
2029-06-06	Wednesday	Jyeshtha	Krishna Paksha	Saptami (up to 14:20)	Purva Ashadha	Shiva	Garaja	05:35 AM	07:15 PM	13:40 PM	01:40 AM	12:00 PM - 01:30 PM	07:30 AM - 09:00 AM	10:30 AM - 12:00 PM	11:55 AM - 12:45 PM	Normal Day
2029-06-07	Thursday	Jyeshtha	Krishna Paksha	Ashtami (up to 21:33)	Uttara Ashadha	Siddha	Vanija	05:35 AM	07:15 PM	14:57 PM	02:03 AM	01:30 PM - 03:00 PM	06:00 AM - 07:30 AM	09:00 AM - 10:30 AM	11:55 AM - 12:45 PM	Normal Day
2029-06-08	Friday	Jyeshtha	Krishna Paksha	Navami (up to 20:46)	Shravana	Sadhya	Vishti	05:35 AM	07:15 PM	15:14 PM	03:26 AM	10:30 AM - 12:00 PM	03:00 PM - 04:30 PM	07:30 AM - 09:00 AM	11:55 AM - 12:45 PM	Normal Day
2029-06-09	Saturday	Jyeshtha	Krishna Paksha	Dashami (up to 19:59)	Dhanishta	Shubha	Bava	05:35 AM	07:15 PM	16:31 PM	04:49 AM	09:00 AM - 10:30 AM	01:30 PM - 03:00 PM	06:00 AM - 07:30 AM	11:55 AM - 12:45 PM	Normal Day
2029-06-10	Sunday	Jyeshtha	Krishna Paksha	Ekadashi (up to 18:12)	Shatabhisha	Shukla	Balava	05:35 AM	07:15 PM	18:48 PM	06:12 AM	04:30 PM - 06:00 PM	12:00 PM - 01:30 PM	03:00 PM - 04:30 PM	11:55 AM - 12:45 PM	Apara Ekadashi Vrat
2029-06-11	Monday	Jyeshtha	Krishna Paksha	Dwadashi (up to 17:25)	Purva Bhadrapada	Brahma	Kaulava	05:35 AM	07:15 PM	19:05 PM	07:35 AM	07:30 AM - 09:00 AM	10:30 AM - 12:00 PM	01:30 PM - 03:00 PM	11:55 AM - 12:45 PM	Normal Day
2029-06-12	Tuesday	Jyeshtha	Krishna Paksha	Trayodashi (up to 16:38)	Uttara Bhadrapada	Indra	Taitila	05:35 AM	07:15 PM	20:22 PM	08:58 AM	03:00 PM - 04:30 PM	09:00 AM - 10:30 AM	12:00 PM - 01:30 PM	11:55 AM - 12:45 PM	Pradosh Vrat
2029-06-13	Wednesday	Jyeshtha	Krishna Paksha	Chaturdashi (up to 15:51)	Revati	Vaidhriti	Garaja	05:35 AM	07:15 PM	21:39 PM	09:21 AM	12:00 PM - 01:30 PM	07:30 AM - 09:00 AM	10:30 AM - 12:00 PM	11:55 AM - 12:45 PM	Normal Day
2029-06-14	Thursday	Jyeshtha	Krishna Paksha	Purnima (up to 14:04)	Ashwini	Vishkambha	Vanija	05:35 AM	07:15 PM	22:56 PM	10:44 AM	01:30 PM - 03:00 PM	06:00 AM - 07:30 AM	09:00 AM - 10:30 AM	11:55 AM - 12:45 PM	Amavasya (Pitru Tarpan)
2029-06-15	Friday	Ashadha	Shukla Paksha	Pratipada (up to 21:17)	Bharani	Priti	Vishti	05:35 AM	07:15 PM	06:13 AM	18:07 PM	10:30 AM - 12:00 PM	03:00 PM - 04:30 PM	07:30 AM - 09:00 AM	11:55 AM - 12:45 PM	Normal Day
2029-06-16	Saturday	Ashadha	Shukla Paksha	Dwitiya (up to 20:30)	Krittika	Ayushman	Bava	05:35 AM	07:15 PM	07:30 AM	19:30 PM	09:00 AM - 10:30 AM	01:30 PM - 03:00 PM	06:00 AM - 07:30 AM	11:55 AM - 12:45 PM	Normal Day
2029-06-17	Sunday	Ashadha	Shukla Paksha	Tritiya (up to 19:43)	Rohini	Saubhagya	Balava	05:35 AM	07:15 PM	08:47 AM	20:53 PM	04:30 PM - 06:00 PM	12:00 PM - 01:30 PM	03:00 PM - 04:30 PM	11:55 AM - 12:45 PM	Normal Day
2029-06-18	Monday	Ashadha	Shukla Paksha	Chaturthi (up to 18:56)	Mrigashira	Sobhana	Kaulava	05:35 AM	07:15 PM	09:04 AM	21:16 PM	07:30 AM - 09:00 AM	10:30 AM - 12:00 PM	01:30 PM - 03:00 PM	11:55 AM - 12:45 PM	Normal Day
2029-06-19	Tuesday	Ashadha	Shukla Paksha	Panchami (up to 17:09)	Ardra	Atiganda	Taitila	05:35 AM	07:15 PM	10:21 AM	22:39 PM	03:00 PM - 04:30 PM	09:00 AM - 10:30 AM	12:00 PM - 01:30 PM	11:55 AM - 12:45 PM	Normal Day
2029-06-20	Wednesday	Ashadha	Shukla Paksha	Shasthi (up to 16:22)	Punarvasu	Sukarma	Garaja	05:35 AM	07:15 PM	12:38 PM	00:02 AM	12:00 PM - 01:30 PM	07:30 AM - 09:00 AM	10:30 AM - 12:00 PM	11:55 AM - 12:45 PM	Normal Day
2029-06-21	Thursday	Ashadha	Shukla Paksha	Saptami (up to 15:35)	Pushya	Dhriti	Vanija	05:35 AM	07:15 PM	13:55 PM	01:25 AM	01:30 PM - 03:00 PM	06:00 AM - 07:30 AM	09:00 AM - 10:30 AM	11:55 AM - 12:45 PM	Normal Day
2029-06-22	Friday	Ashadha	Shukla Paksha	Ashtami (up to 14:48)	Ashlesha	Shool	Vishti	05:35 AM	07:15 PM	14:12 PM	02:48 AM	10:30 AM - 12:00 PM	03:00 PM - 04:30 PM	07:30 AM - 09:00 AM	11:55 AM - 12:45 PM	Normal Day
2029-06-23	Saturday	Ashadha	Shukla Paksha	Navami (up to 21:01)	Magha	Ganda	Bava	05:35 AM	07:15 PM	15:29 PM	03:11 AM	09:00 AM - 10:30 AM	01:30 PM - 03:00 PM	06:00 AM - 07:30 AM	11:55 AM - 12:45 PM	Normal Day
2029-06-24	Sunday	Ashadha	Shukla Paksha	Dashami (up to 20:14)	Purva Phalguni	Vriddhi	Balava	05:35 AM	07:15 PM	16:46 PM	04:34 AM	04:30 PM - 06:00 PM	12:00 PM - 01:30 PM	03:00 PM - 04:30 PM	11:55 AM - 12:45 PM	Normal Day
2029-06-25	Monday	Ashadha	Shukla Paksha	Ekadashi (up to 19:27)	Uttara Phalguni	Dhruva	Kaulava	05:35 AM	07:15 PM	18:03 PM	06:57 AM	07:30 AM - 09:00 AM	10:30 AM - 12:00 PM	01:30 PM - 03:00 PM	11:55 AM - 12:45 PM	Devshayani Ekadashi Vrat
2029-06-26	Tuesday	Ashadha	Shukla Paksha	Dwadashi (up to 18:40)	Hasta	Vyaghat	Taitila	05:35 AM	07:15 PM	19:20 PM	07:20 AM	03:00 PM - 04:30 PM	09:00 AM - 10:30 AM	12:00 PM - 01:30 PM	11:55 AM - 12:45 PM	Normal Day
2029-06-27	Wednesday	Ashadha	Shukla Paksha	Trayodashi (up to 17:53)	Chitra	Harshan	Garaja	05:35 AM	07:15 PM	20:37 PM	08:43 AM	12:00 PM - 01:30 PM	07:30 AM - 09:00 AM	10:30 AM - 12:00 PM	11:55 AM - 12:45 PM	Pradosh Vrat
2029-06-28	Thursday	Ashadha	Shukla Paksha	Chaturdashi (up to 16:06)	Swati	Vajra	Vanija	05:35 AM	07:15 PM	21:54 PM	09:06 AM	01:30 PM - 03:00 PM	06:00 AM - 07:30 AM	09:00 AM - 10:30 AM	11:55 AM - 12:45 PM	Normal Day
2029-06-29	Friday	Ashadha	Shukla Paksha	Purnima (up to 15:19)	Vishakha	Siddhi	Vishti	05:35 AM	07:15 PM	22:11 PM	10:29 AM	10:30 AM - 12:00 PM	03:00 PM - 04:30 PM	07:30 AM - 09:00 AM	11:55 AM - 12:45 PM	Guru Purnima / Vyasa Puja
2029-06-30	Saturday	Ashadha	Krishna Paksha	Pratipada (up to 14:32)	Anuradha	Vyatipat	Bava	05:35 AM	07:15 PM	06:28 AM	18:52 PM	09:00 AM - 10:30 AM	01:30 PM - 03:00 PM	06:00 AM - 07:30 AM	11:55 AM - 12:45 PM	Normal Day
2029-07-01	Sunday	Ashadha	Krishna Paksha	Dwitiya (up to 21:45)	Jyeshtha	Variyan	Balava	05:35 AM	07:15 PM	07:45 AM	19:15 PM	04:30 PM - 06:00 PM	12:00 PM - 01:30 PM	03:00 PM - 04:30 PM	11:55 AM - 12:45 PM	Normal Day
2029-07-02	Monday	Ashadha	Krishna Paksha	Tritiya (up to 20:58)	Mula	Parigha	Kaulava	05:35 AM	07:15 PM	08:02 AM	20:38 PM	07:30 AM - 09:00 AM	10:30 AM - 12:00 PM	01:30 PM - 03:00 PM	11:55 AM - 12:45 PM	Normal Day
2029-07-03	Tuesday	Ashadha	Krishna Paksha	Chaturthi (up to 19:11)	Purva Ashadha	Shiva	Taitila	05:35 AM	07:15 PM	09:19 AM	21:01 PM	03:00 PM - 04:30 PM	09:00 AM - 10:30 AM	12:00 PM - 01:30 PM	11:55 AM - 12:45 PM	Sankashti Chaturthi Vrat
2029-07-04	Wednesday	Ashadha	Krishna Paksha	Panchami (up to 18:24)	Uttara Ashadha	Siddha	Garaja	05:35 AM	07:15 PM	10:36 AM	22:24 PM	12:00 PM - 01:30 PM	07:30 AM - 09:00 AM	10:30 AM - 12:00 PM	11:55 AM - 12:45 PM	Normal Day
2029-07-05	Thursday	Ashadha	Krishna Paksha	Shasthi (up to 17:37)	Shravana	Sadhya	Vanija	05:35 AM	07:15 PM	12:53 PM	00:47 AM	01:30 PM - 03:00 PM	06:00 AM - 07:30 AM	09:00 AM - 10:30 AM	11:55 AM - 12:45 PM	Normal Day
2029-07-06	Friday	Ashadha	Krishna Paksha	Saptami (up to 16:50)	Dhanishta	Shubha	Vishti	05:35 AM	07:15 PM	13:10 PM	01:10 AM	10:30 AM - 12:00 PM	03:00 PM - 04:30 PM	07:30 AM - 09:00 AM	11:55 AM - 12:45 PM	Normal Day
2029-07-07	Saturday	Ashadha	Krishna Paksha	Ashtami (up to 15:03)	Shatabhisha	Shukla	Bava	05:35 AM	07:15 PM	14:27 PM	02:33 AM	09:00 AM - 10:30 AM	01:30 PM - 03:00 PM	06:00 AM - 07:30 AM	11:55 AM - 12:45 PM	Normal Day
2029-07-08	Sunday	Ashadha	Krishna Paksha	Navami (up to 14:16)	Purva Bhadrapada	Brahma	Balava	05:35 AM	07:15 PM	15:44 PM	03:56 AM	04:30 PM - 06:00 PM	12:00 PM - 01:30 PM	03:00 PM - 04:30 PM	11:55 AM - 12:45 PM	Normal Day
2029-07-09	Monday	Ashadha	Krishna Paksha	Dashami (up to 21:29)	Uttara Bhadrapada	Indra	Kaulava	05:35 AM	07:15 PM	16:01 PM	04:19 AM	07:30 AM - 09:00 AM	10:30 AM - 12:00 PM	01:30 PM - 03:00 PM	11:55 AM - 12:45 PM	Normal Day
2029-07-10	Tuesday	Ashadha	Krishna Paksha	Ekadashi (up to 20:42)	Revati	Vaidhriti	Taitila	05:35 AM	07:15 PM	18:18 PM	06:42 AM	03:00 PM - 04:30 PM	09:00 AM - 10:30 AM	12:00 PM - 01:30 PM	11:55 AM - 12:45 PM	Yogini Ekadashi Vrat
2029-07-11	Wednesday	Ashadha	Krishna Paksha	Dwadashi (up to 19:55)	Ashwini	Vishkambha	Garaja	05:35 AM	07:15 PM	19:35 PM	07:05 AM	12:00 PM - 01:30 PM	07:30 AM - 09:00 AM	10:30 AM - 12:00 PM	11:55 AM - 12:45 PM	Normal Day
2029-07-12	Thursday	Ashadha	Krishna Paksha	Trayodashi (up to 18:08)	Bharani	Priti	Vanija	05:35 AM	07:15 PM	20:52 PM	08:28 AM	01:30 PM - 03:00 PM	06:00 AM - 07:30 AM	09:00 AM - 10:30 AM	11:55 AM - 12:45 PM	Pradosh Vrat
2029-07-13	Friday	Ashadha	Krishna Paksha	Chaturdashi (up to 17:21)	Krittika	Ayushman	Vishti	05:35 AM	07:15 PM	21:09 PM	09:51 AM	10:30 AM - 12:00 PM	03:00 PM - 04:30 PM	07:30 AM - 09:00 AM	11:55 AM - 12:45 PM	Normal Day
2029-07-14	Saturday	Ashadha	Krishna Paksha	Purnima (up to 16:34)	Rohini	Saubhagya	Bava	05:35 AM	07:15 PM	22:26 PM	10:14 AM	09:00 AM - 10:30 AM	01:30 PM - 03:00 PM	06:00 AM - 07:30 AM	11:55 AM - 12:45 PM	Amavasya (Pitru Tarpan)
2029-07-15	Sunday	Shravana	Shukla Paksha	Pratipada (up to 15:47)	Mrigashira	Sobhana	Balava	05:35 AM	07:15 PM	06:43 AM	18:37 PM	04:30 PM - 06:00 PM	12:00 PM - 01:30 PM	03:00 PM - 04:30 PM	11:55 AM - 12:45 PM	Normal Day
2029-07-16	Monday	Shravana	Shukla Paksha	Dwitiya (up to 14:00)	Ardra	Atiganda	Kaulava	05:35 AM	07:15 PM	07:00 AM	19:00 PM	07:30 AM - 09:00 AM	10:30 AM - 12:00 PM	01:30 PM - 03:00 PM	11:55 AM - 12:45 PM	Normal Day
2029-07-17	Tuesday	Shravana	Shukla Paksha	Tritiya (up to 21:13)	Punarvasu	Sukarma	Taitila	05:35 AM	07:15 PM	08:17 AM	20:23 PM	03:00 PM - 04:30 PM	09:00 AM - 10:30 AM	12:00 PM - 01:30 PM	11:55 AM - 12:45 PM	Normal Day
2029-07-18	Wednesday	Shravana	Shukla Paksha	Chaturthi (up to 20:26)	Pushya	Dhriti	Garaja	05:35 AM	07:15 PM	09:34 AM	21:46 PM	12:00 PM - 01:30 PM	07:30 AM - 09:00 AM	10:30 AM - 12:00 PM	11:55 AM - 12:45 PM	Normal Day
2029-07-19	Thursday	Shravana	Shukla Paksha	Panchami (up to 19:39)	Ashlesha	Shool	Vanija	05:35 AM	07:15 PM	10:51 AM	22:09 PM	01:30 PM - 03:00 PM	06:00 AM - 07:30 AM	09:00 AM - 10:30 AM	11:55 AM - 12:45 PM	Nag Panchami
2029-07-20	Friday	Shravana	Shukla Paksha	Shasthi (up to 18:52)	Magha	Ganda	Vishti	05:35 AM	07:15 PM	12:08 PM	00:32 AM	10:30 AM - 12:00 PM	03:00 PM - 04:30 PM	07:30 AM - 09:00 AM	11:55 AM - 12:45 PM	Normal Day
2029-07-21	Saturday	Shravana	Shukla Paksha	Saptami (up to 17:05)	Purva Phalguni	Vriddhi	Bava	05:35 AM	07:15 PM	13:25 PM	01:55 AM	09:00 AM - 10:30 AM	01:30 PM - 03:00 PM	06:00 AM - 07:30 AM	11:55 AM - 12:45 PM	Normal Day
2029-07-22	Sunday	Shravana	Shukla Paksha	Ashtami (up to 16:18)	Uttara Phalguni	Dhruva	Balava	05:35 AM	07:15 PM	14:42 PM	02:18 AM	04:30 PM - 06:00 PM	12:00 PM - 01:30 PM	03:00 PM - 04:30 PM	11:55 AM - 12:45 PM	Normal Day
2029-07-23	Monday	Shravana	Shukla Paksha	Navami (up to 15:31)	Hasta	Vyaghat	Kaulava	05:35 AM	07:15 PM	15:59 PM	03:41 AM	07:30 AM - 09:00 AM	10:30 AM - 12:00 PM	01:30 PM - 03:00 PM	11:55 AM - 12:45 PM	Normal Day
2029-07-24	Tuesday	Shravana	Shukla Paksha	Dashami (up to 14:44)	Chitra	Harshan	Taitila	05:35 AM	07:15 PM	16:16 PM	04:04 AM	03:00 PM - 04:30 PM	09:00 AM - 10:30 AM	12:00 PM - 01:30 PM	11:55 AM - 12:45 PM	Normal Day
2029-07-25	Wednesday	Shravana	Shukla Paksha	Ekadashi (up to 21:57)	Swati	Vajra	Garaja	05:35 AM	07:15 PM	18:33 PM	06:27 AM	12:00 PM - 01:30 PM	07:30 AM - 09:00 AM	10:30 AM - 12:00 PM	11:55 AM - 12:45 PM	Shravana Putrada Ekadashi Vrat
2029-07-26	Thursday	Shravana	Shukla Paksha	Dwadashi (up to 20:10)	Vishakha	Siddhi	Vanija	05:35 AM	07:15 PM	19:50 PM	07:50 AM	01:30 PM - 03:00 PM	06:00 AM - 07:30 AM	09:00 AM - 10:30 AM	11:55 AM - 12:45 PM	Normal Day
2029-07-27	Friday	Shravana	Shukla Paksha	Trayodashi (up to 19:23)	Anuradha	Vyatipat	Vishti	05:35 AM	07:15 PM	20:07 PM	08:13 AM	10:30 AM - 12:00 PM	03:00 PM - 04:30 PM	07:30 AM - 09:00 AM	11:55 AM - 12:45 PM	Pradosh Vrat
2029-07-28	Saturday	Shravana	Shukla Paksha	Chaturdashi (up to 18:36)	Jyeshtha	Variyan	Bava	05:35 AM	07:15 PM	21:24 PM	09:36 AM	09:00 AM - 10:30 AM	01:30 PM - 03:00 PM	06:00 AM - 07:30 AM	11:55 AM - 12:45 PM	Normal Day
2029-07-29	Sunday	Shravana	Shukla Paksha	Purnima (up to 17:49)	Mula	Parigha	Balava	05:35 AM	07:15 PM	22:41 PM	10:59 AM	04:30 PM - 06:00 PM	12:00 PM - 01:30 PM	03:00 PM - 04:30 PM	11:55 AM - 12:45 PM	Raksha Bandhan / Shravani Purnima
2029-07-30	Monday	Shravana	Krishna Paksha	Pratipada (up to 16:02)	Purva Ashadha	Shiva	Kaulava	05:35 AM	07:15 PM	06:58 AM	18:22 PM	07:30 AM - 09:00 AM	10:30 AM - 12:00 PM	01:30 PM - 03:00 PM	11:55 AM - 12:45 PM	Normal Day
2029-07-31	Tuesday	Shravana	Krishna Paksha	Dwitiya (up to 15:15)	Uttara Ashadha	Siddha	Taitila	05:35 AM	07:15 PM	07:15 AM	19:45 PM	03:00 PM - 04:30 PM	09:00 AM - 10:30 AM	12:00 PM - 01:30 PM	11:55 AM - 12:45 PM	Normal Day
2029-08-01	Wednesday	Shravana	Krishna Paksha	Tritiya (up to 14:28)	Shravana	Sadhya	Garaja	05:35 AM	07:15 PM	08:32 AM	20:08 PM	12:00 PM - 01:30 PM	07:30 AM - 09:00 AM	10:30 AM - 12:00 PM	11:55 AM - 12:45 PM	Normal Day
2029-08-02	Thursday	Shravana	Krishna Paksha	Chaturthi (up to 21:41)	Dhanishta	Shubha	Vanija	05:35 AM	07:15 PM	09:49 AM	21:31 PM	01:30 PM - 03:00 PM	06:00 AM - 07:30 AM	09:00 AM - 10:30 AM	11:55 AM - 12:45 PM	Sankashti Chaturthi Vrat
2029-08-03	Friday	Shravana	Krishna Paksha	Panchami (up to 20:54)	Shatabhisha	Shukla	Vishti	05:35 AM	07:15 PM	10:06 AM	22:54 PM	10:30 AM - 12:00 PM	03:00 PM - 04:30 PM	07:30 AM - 09:00 AM	11:55 AM - 12:45 PM	Normal Day
2029-08-04	Saturday	Shravana	Krishna Paksha	Shasthi (up to 19:07)	Purva Bhadrapada	Brahma	Bava	05:35 AM	07:15 PM	12:23 PM	00:17 AM	09:00 AM - 10:30 AM	01:30 PM - 03:00 PM	06:00 AM - 07:30 AM	11:55 AM - 12:45 PM	Normal Day
2029-08-05	Sunday	Shravana	Krishna Paksha	Saptami (up to 18:20)	Uttara Bhadrapada	Indra	Balava	05:35 AM	07:15 PM	13:40 PM	01:40 AM	04:30 PM - 06:00 PM	12:00 PM - 01:30 PM	03:00 PM - 04:30 PM	11:55 AM - 12:45 PM	Normal Day
2029-08-06	Monday	Shravana	Krishna Paksha	Ashtami (up to 17:33)	Revati	Vaidhriti	Kaulava	05:35 AM	07:15 PM	14:57 PM	02:03 AM	07:30 AM - 09:00 AM	10:30 AM - 12:00 PM	01:30 PM - 03:00 PM	11:55 AM - 12:45 PM	Normal Day
2029-08-07	Tuesday	Shravana	Krishna Paksha	Navami (up to 16:46)	Ashwini	Vishkambha	Taitila	05:35 AM	07:15 PM	15:14 PM	03:26 AM	03:00 PM - 04:30 PM	09:00 AM - 10:30 AM	12:00 PM - 01:30 PM	11:55 AM - 12:45 PM	Normal Day
2029-08-08	Wednesday	Shravana	Krishna Paksha	Dashami (up to 15:59)	Bharani	Priti	Garaja	05:35 AM	07:15 PM	16:31 PM	04:49 AM	12:00 PM - 01:30 PM	07:30 AM - 09:00 AM	10:30 AM - 12:00 PM	11:55 AM - 12:45 PM	Normal Day
2029-08-09	Thursday	Shravana	Krishna Paksha	Ekadashi (up to 14:12)	Krittika	Ayushman	Vanija	05:35 AM	07:15 PM	18:48 PM	06:12 AM	01:30 PM - 03:00 PM	06:00 AM - 07:30 AM	09:00 AM - 10:30 AM	11:55 AM - 12:45 PM	Kamika Ekadashi Vrat
2029-08-10	Friday	Shravana	Krishna Paksha	Dwadashi (up to 21:25)	Rohini	Saubhagya	Vishti	05:35 AM	07:15 PM	19:05 PM	07:35 AM	10:30 AM - 12:00 PM	03:00 PM - 04:30 PM	07:30 AM - 09:00 AM	11:55 AM - 12:45 PM	Normal Day
2029-08-11	Saturday	Shravana	Krishna Paksha	Trayodashi (up to 20:38)	Mrigashira	Sobhana	Bava	05:35 AM	07:15 PM	20:22 PM	08:58 AM	09:00 AM - 10:30 AM	01:30 PM - 03:00 PM	06:00 AM - 07:30 AM	11:55 AM - 12:45 PM	Pradosh Vrat
2029-08-12	Sunday	Shravana	Krishna Paksha	Chaturdashi (up to 19:51)	Ardra	Atiganda	Balava	05:35 AM	07:15 PM	21:39 PM	09:21 AM	04:30 PM - 06:00 PM	12:00 PM - 01:30 PM	03:00 PM - 04:30 PM	11:55 AM - 12:45 PM	Normal Day
2029-08-13	Monday	Shravana	Krishna Paksha	Purnima (up to 18:04)	Punarvasu	Sukarma	Kaulava	05:35 AM	07:15 PM	22:56 PM	10:44 AM	07:30 AM - 09:00 AM	10:30 AM - 12:00 PM	01:30 PM - 03:00 PM	11:55 AM - 12:45 PM	Amavasya (Pitru Tarpan)
2029-08-14	Tuesday	Bhadrapada	Shukla Paksha	Pratipada (up to 17:17)	Pushya	Dhriti	Taitila	05:35 AM	07:15 PM	06:13 AM	18:07 PM	03:00 PM - 04:30 PM	09:00 AM - 10:30 AM	12:00 PM - 01:30 PM	11:55 AM - 12:45 PM	Normal Day
2029-08-15	Wednesday	Bhadrapada	Shukla Paksha	Dwitiya (up to 16:30)	Ashlesha	Shool	Garaja	05:35 AM	07:15 PM	07:30 AM	19:30 PM	12:00 PM - 01:30 PM	07:30 AM - 09:00 AM	10:30 AM - 12:00 PM	11:55 AM - 12:45 PM	Independence Day
2029-08-16	Thursday	Bhadrapada	Shukla Paksha	Tritiya (up to 15:43)	Magha	Ganda	Vanija	05:35 AM	07:15 PM	08:47 AM	20:53 PM	01:30 PM - 03:00 PM	06:00 AM - 07:30 AM	09:00 AM - 10:30 AM	11:55 AM - 12:45 PM	Normal Day
2029-08-17	Friday	Bhadrapada	Shukla Paksha	Chaturthi (up to 14:56)	Purva Phalguni	Vriddhi	Vishti	05:35 AM	07:15 PM	09:04 AM	21:16 PM	10:30 AM - 12:00 PM	03:00 PM - 04:30 PM	07:30 AM - 09:00 AM	11:55 AM - 12:45 PM	Ganesh Chaturthi / Haritalika Teej
2029-08-18	Saturday	Bhadrapada	Shukla Paksha	Panchami (up to 21:09)	Uttara Phalguni	Dhruva	Bava	05:35 AM	07:15 PM	10:21 AM	22:39 PM	09:00 AM - 10:30 AM	01:30 PM - 03:00 PM	06:00 AM - 07:30 AM	11:55 AM - 12:45 PM	Normal Day
2029-08-19	Sunday	Bhadrapada	Shukla Paksha	Shasthi (up to 20:22)	Hasta	Vyaghat	Balava	05:35 AM	07:15 PM	12:38 PM	00:02 AM	04:30 PM - 06:00 PM	12:00 PM - 01:30 PM	03:00 PM - 04:30 PM	11:55 AM - 12:45 PM	Normal Day
2029-08-20	Monday	Bhadrapada	Shukla Paksha	Saptami (up to 19:35)	Chitra	Harshan	Kaulava	05:35 AM	07:15 PM	13:55 PM	01:25 AM	07:30 AM - 09:00 AM	10:30 AM - 12:00 PM	01:30 PM - 03:00 PM	11:55 AM - 12:45 PM	Normal Day
2029-08-21	Tuesday	Bhadrapada	Shukla Paksha	Ashtami (up to 18:48)	Swati	Vajra	Taitila	05:35 AM	07:15 PM	14:12 PM	02:48 AM	03:00 PM - 04:30 PM	09:00 AM - 10:30 AM	12:00 PM - 01:30 PM	11:55 AM - 12:45 PM	Normal Day
2029-08-22	Wednesday	Bhadrapada	Shukla Paksha	Navami (up to 17:01)	Vishakha	Siddhi	Garaja	05:35 AM	07:15 PM	15:29 PM	03:11 AM	12:00 PM - 01:30 PM	07:30 AM - 09:00 AM	10:30 AM - 12:00 PM	11:55 AM - 12:45 PM	Normal Day
2029-08-23	Thursday	Bhadrapada	Shukla Paksha	Dashami (up to 16:14)	Anuradha	Vyatipat	Vanija	05:35 AM	07:15 PM	16:46 PM	04:34 AM	01:30 PM - 03:00 PM	06:00 AM - 07:30 AM	09:00 AM - 10:30 AM	11:55 AM - 12:45 PM	Normal Day
2029-08-24	Friday	Bhadrapada	Shukla Paksha	Ekadashi (up to 15:27)	Jyeshtha	Variyan	Vishti	05:35 AM	07:15 PM	18:03 PM	06:57 AM	10:30 AM - 12:00 PM	03:00 PM - 04:30 PM	07:30 AM - 09:00 AM	11:55 AM - 12:45 PM	Parivartini Ekadashi Vrat
2029-08-25	Saturday	Bhadrapada	Shukla Paksha	Dwadashi (up to 14:40)	Mula	Parigha	Bava	05:35 AM	07:15 PM	19:20 PM	07:20 AM	09:00 AM - 10:30 AM	01:30 PM - 03:00 PM	06:00 AM - 07:30 AM	11:55 AM - 12:45 PM	Normal Day
2029-08-26	Sunday	Bhadrapada	Shukla Paksha	Trayodashi (up to 21:53)	Purva Ashadha	Shiva	Balava	05:35 AM	07:15 PM	20:37 PM	08:43 AM	04:30 PM - 06:00 PM	12:00 PM - 01:30 PM	03:00 PM - 04:30 PM	11:55 AM - 12:45 PM	Pradosh Vrat
2029-08-27	Monday	Bhadrapada	Shukla Paksha	Chaturdashi (up to 20:06)	Uttara Ashadha	Siddha	Kaulava	05:35 AM	07:15 PM	21:54 PM	09:06 AM	07:30 AM - 09:00 AM	10:30 AM - 12:00 PM	01:30 PM - 03:00 PM	11:55 AM - 12:45 PM	Anant Chaturdashi
2029-08-28	Tuesday	Bhadrapada	Shukla Paksha	Purnima (up to 19:19)	Shravana	Sadhya	Taitila	05:35 AM	07:15 PM	22:11 PM	10:29 AM	03:00 PM - 04:30 PM	09:00 AM - 10:30 AM	12:00 PM - 01:30 PM	11:55 AM - 12:45 PM	Purnima Vrat & Satyanarayan Puja
2029-08-29	Wednesday	Bhadrapada	Krishna Paksha	Pratipada (up to 18:32)	Dhanishta	Shubha	Garaja	05:35 AM	07:15 PM	06:28 AM	18:52 PM	12:00 PM - 01:30 PM	07:30 AM - 09:00 AM	10:30 AM - 12:00 PM	11:55 AM - 12:45 PM	Normal Day
2029-08-30	Thursday	Bhadrapada	Krishna Paksha	Dwitiya (up to 17:45)	Shatabhisha	Shukla	Vanija	05:35 AM	07:15 PM	07:45 AM	19:15 PM	01:30 PM - 03:00 PM	06:00 AM - 07:30 AM	09:00 AM - 10:30 AM	11:55 AM - 12:45 PM	Normal Day
2029-08-31	Friday	Bhadrapada	Krishna Paksha	Tritiya (up to 16:58)	Purva Bhadrapada	Brahma	Vishti	05:35 AM	07:15 PM	08:02 AM	20:38 PM	10:30 AM - 12:00 PM	03:00 PM - 04:30 PM	07:30 AM - 09:00 AM	11:55 AM - 12:45 PM	Normal Day
2029-09-01	Saturday	Bhadrapada	Krishna Paksha	Chaturthi (up to 15:11)	Uttara Bhadrapada	Indra	Bava	05:35 AM	07:15 PM	09:19 AM	21:01 PM	09:00 AM - 10:30 AM	01:30 PM - 03:00 PM	06:00 AM - 07:30 AM	11:55 AM - 12:45 PM	Sankashti Chaturthi Vrat
2029-09-02	Sunday	Bhadrapada	Krishna Paksha	Panchami (up to 14:24)	Revati	Vaidhriti	Balava	05:35 AM	07:15 PM	10:36 AM	22:24 PM	04:30 PM - 06:00 PM	12:00 PM - 01:30 PM	03:00 PM - 04:30 PM	11:55 AM - 12:45 PM	Normal Day
2029-09-03	Monday	Bhadrapada	Krishna Paksha	Shasthi (up to 21:37)	Ashwini	Vishkambha	Kaulava	05:35 AM	07:15 PM	12:53 PM	00:47 AM	07:30 AM - 09:00 AM	10:30 AM - 12:00 PM	01:30 PM - 03:00 PM	11:55 AM - 12:45 PM	Normal Day
2029-09-04	Tuesday	Bhadrapada	Krishna Paksha	Saptami (up to 20:50)	Bharani	Priti	Taitila	05:35 AM	07:15 PM	13:10 PM	01:10 AM	03:00 PM - 04:30 PM	09:00 AM - 10:30 AM	12:00 PM - 01:30 PM	11:55 AM - 12:45 PM	Normal Day
2029-09-05	Wednesday	Bhadrapada	Krishna Paksha	Ashtami (up to 19:03)	Krittika	Ayushman	Garaja	05:35 AM	07:15 PM	14:27 PM	02:33 AM	12:00 PM - 01:30 PM	07:30 AM - 09:00 AM	10:30 AM - 12:00 PM	11:55 AM - 12:45 PM	Shri Krishna Janmashtami
2029-09-06	Thursday	Bhadrapada	Krishna Paksha	Navami (up to 18:16)	Rohini	Saubhagya	Vanija	05:35 AM	07:15 PM	15:44 PM	03:56 AM	01:30 PM - 03:00 PM	06:00 AM - 07:30 AM	09:00 AM - 10:30 AM	11:55 AM - 12:45 PM	Normal Day
2029-09-07	Friday	Bhadrapada	Krishna Paksha	Dashami (up to 17:29)	Mrigashira	Sobhana	Vishti	05:35 AM	07:15 PM	16:01 PM	04:19 AM	10:30 AM - 12:00 PM	03:00 PM - 04:30 PM	07:30 AM - 09:00 AM	11:55 AM - 12:45 PM	Normal Day
2029-09-08	Saturday	Bhadrapada	Krishna Paksha	Ekadashi (up to 16:42)	Ardra	Atiganda	Bava	05:35 AM	07:15 PM	18:18 PM	06:42 AM	09:00 AM - 10:30 AM	01:30 PM - 03:00 PM	06:00 AM - 07:30 AM	11:55 AM - 12:45 PM	Aja Ekadashi Vrat
2029-09-09	Sunday	Bhadrapada	Krishna Paksha	Dwadashi (up to 15:55)	Punarvasu	Sukarma	Balava	05:35 AM	07:15 PM	19:35 PM	07:05 AM	04:30 PM - 06:00 PM	12:00 PM - 01:30 PM	03:00 PM - 04:30 PM	11:55 AM - 12:45 PM	Normal Day
2029-09-10	Monday	Bhadrapada	Krishna Paksha	Trayodashi (up to 14:08)	Pushya	Dhriti	Kaulava	05:35 AM	07:15 PM	20:52 PM	08:28 AM	07:30 AM - 09:00 AM	10:30 AM - 12:00 PM	01:30 PM - 03:00 PM	11:55 AM - 12:45 PM	Pradosh Vrat
2029-09-11	Tuesday	Bhadrapada	Krishna Paksha	Chaturdashi (up to 21:21)	Ashlesha	Shool	Taitila	05:35 AM	07:15 PM	21:09 PM	09:51 AM	03:00 PM - 04:30 PM	09:00 AM - 10:30 AM	12:00 PM - 01:30 PM	11:55 AM - 12:45 PM	Normal Day
2029-09-12	Wednesday	Bhadrapada	Krishna Paksha	Purnima (up to 20:34)	Magha	Ganda	Garaja	05:35 AM	07:15 PM	22:26 PM	10:14 AM	12:00 PM - 01:30 PM	07:30 AM - 09:00 AM	10:30 AM - 12:00 PM	11:55 AM - 12:45 PM	Amavasya (Pitru Tarpan)
2029-09-13	Thursday	Ashvina	Shukla Paksha	Pratipada (up to 19:47)	Purva Phalguni	Vriddhi	Vanija	05:35 AM	07:15 PM	06:43 AM	18:37 PM	01:30 PM - 03:00 PM	06:00 AM - 07:30 AM	09:00 AM - 10:30 AM	11:55 AM - 12:45 PM	Sharad Navratri Ghatasthapana
2029-09-14	Friday	Ashvina	Shukla Paksha	Dwitiya (up to 18:00)	Uttara Phalguni	Dhruva	Vishti	05:35 AM	07:15 PM	07:00 AM	19:00 PM	10:30 AM - 12:00 PM	03:00 PM - 04:30 PM	07:30 AM - 09:00 AM	11:55 AM - 12:45 PM	Normal Day
2029-09-15	Saturday	Ashvina	Shukla Paksha	Tritiya (up to 17:13)	Hasta	Vyaghat	Bava	05:35 AM	07:15 PM	08:17 AM	20:23 PM	09:00 AM - 10:30 AM	01:30 PM - 03:00 PM	06:00 AM - 07:30 AM	11:55 AM - 12:45 PM	Normal Day
2029-09-16	Sunday	Ashvina	Shukla Paksha	Chaturthi (up to 16:26)	Chitra	Harshan	Balava	05:35 AM	07:15 PM	09:34 AM	21:46 PM	04:30 PM - 06:00 PM	12:00 PM - 01:30 PM	03:00 PM - 04:30 PM	11:55 AM - 12:45 PM	Normal Day
2029-09-17	Monday	Ashvina	Shukla Paksha	Panchami (up to 15:39)	Swati	Vajra	Kaulava	05:35 AM	07:15 PM	10:51 AM	22:09 PM	07:30 AM - 09:00 AM	10:30 AM - 12:00 PM	01:30 PM - 03:00 PM	11:55 AM - 12:45 PM	Normal Day
2029-09-18	Tuesday	Ashvina	Shukla Paksha	Shasthi (up to 14:52)	Vishakha	Siddhi	Taitila	05:35 AM	07:15 PM	12:08 PM	00:32 AM	03:00 PM - 04:30 PM	09:00 AM - 10:30 AM	12:00 PM - 01:30 PM	11:55 AM - 12:45 PM	Normal Day
2029-09-19	Wednesday	Ashvina	Shukla Paksha	Saptami (up to 21:05)	Anuradha	Vyatipat	Garaja	05:35 AM	07:15 PM	13:25 PM	01:55 AM	12:00 PM - 01:30 PM	07:30 AM - 09:00 AM	10:30 AM - 12:00 PM	11:55 AM - 12:45 PM	Normal Day
2029-09-20	Thursday	Ashvina	Shukla Paksha	Ashtami (up to 20:18)	Jyeshtha	Variyan	Vanija	05:35 AM	07:15 PM	14:42 PM	02:18 AM	01:30 PM - 03:00 PM	06:00 AM - 07:30 AM	09:00 AM - 10:30 AM	11:55 AM - 12:45 PM	Maha Durgashtami
2029-09-21	Friday	Ashvina	Shukla Paksha	Navami (up to 19:31)	Mula	Parigha	Vishti	05:35 AM	07:15 PM	15:59 PM	03:41 AM	10:30 AM - 12:00 PM	03:00 PM - 04:30 PM	07:30 AM - 09:00 AM	11:55 AM - 12:45 PM	Maha Navami / Kanya Pujan
2029-09-22	Saturday	Ashvina	Shukla Paksha	Dashami (up to 18:44)	Purva Ashadha	Shiva	Bava	05:35 AM	07:15 PM	16:16 PM	04:04 AM	09:00 AM - 10:30 AM	01:30 PM - 03:00 PM	06:00 AM - 07:30 AM	11:55 AM - 12:45 PM	Dussehra / Vijayadashami
2029-09-23	Sunday	Ashvina	Shukla Paksha	Ekadashi (up to 17:57)	Uttara Ashadha	Siddha	Balava	05:35 AM	07:15 PM	18:33 PM	06:27 AM	04:30 PM - 06:00 PM	12:00 PM - 01:30 PM	03:00 PM - 04:30 PM	11:55 AM - 12:45 PM	Papankusha Ekadashi Vrat
2029-09-24	Monday	Ashvina	Shukla Paksha	Dwadashi (up to 16:10)	Shravana	Sadhya	Kaulava	05:35 AM	07:15 PM	19:50 PM	07:50 AM	07:30 AM - 09:00 AM	10:30 AM - 12:00 PM	01:30 PM - 03:00 PM	11:55 AM - 12:45 PM	Normal Day
2029-09-25	Tuesday	Ashvina	Shukla Paksha	Trayodashi (up to 15:23)	Dhanishta	Shubha	Taitila	05:35 AM	07:15 PM	20:07 PM	08:13 AM	03:00 PM - 04:30 PM	09:00 AM - 10:30 AM	12:00 PM - 01:30 PM	11:55 AM - 12:45 PM	Pradosh Vrat
2029-09-26	Wednesday	Ashvina	Shukla Paksha	Chaturdashi (up to 14:36)	Shatabhisha	Shukla	Garaja	05:35 AM	07:15 PM	21:24 PM	09:36 AM	12:00 PM - 01:30 PM	07:30 AM - 09:00 AM	10:30 AM - 12:00 PM	11:55 AM - 12:45 PM	Normal Day
2029-09-27	Thursday	Ashvina	Shukla Paksha	Purnima (up to 21:49)	Purva Bhadrapada	Brahma	Vanija	05:35 AM	07:15 PM	22:41 PM	10:59 AM	01:30 PM - 03:00 PM	06:00 AM - 07:30 AM	09:00 AM - 10:30 AM	11:55 AM - 12:45 PM	Purnima Vrat & Satyanarayan Puja
2029-09-28	Friday	Ashvina	Krishna Paksha	Pratipada (up to 20:02)	Uttara Bhadrapada	Indra	Vishti	05:35 AM	07:15 PM	06:58 AM	18:22 PM	10:30 AM - 12:00 PM	03:00 PM - 04:30 PM	07:30 AM - 09:00 AM	11:55 AM - 12:45 PM	Normal Day
2029-09-29	Saturday	Ashvina	Krishna Paksha	Dwitiya (up to 19:15)	Revati	Vaidhriti	Bava	05:35 AM	07:15 PM	07:15 AM	19:45 PM	09:00 AM - 10:30 AM	01:30 PM - 03:00 PM	06:00 AM - 07:30 AM	11:55 AM - 12:45 PM	Normal Day
2029-09-30	Sunday	Ashvina	Krishna Paksha	Tritiya (up to 18:28)	Ashwini	Vishkambha	Balava	05:35 AM	07:15 PM	08:32 AM	20:08 PM	04:30 PM - 06:00 PM	12:00 PM - 01:30 PM	03:00 PM - 04:30 PM	11:55 AM - 12:45 PM	Normal Day
2029-10-01	Monday	Ashvina	Krishna Paksha	Chaturthi (up to 17:41)	Bharani	Priti	Kaulava	05:42 AM	07:12 PM	09:49 AM	21:31 PM	07:30 AM - 09:00 AM	10:30 AM - 12:00 PM	01:30 PM - 03:00 PM	11:55 AM - 12:45 PM	Sankashti Chaturthi Vrat
2029-10-02	Tuesday	Ashvina	Krishna Paksha	Panchami (up to 16:54)	Krittika	Ayushman	Taitila	05:42 AM	07:12 PM	10:06 AM	22:54 PM	03:00 PM - 04:30 PM	09:00 AM - 10:30 AM	12:00 PM - 01:30 PM	11:55 AM - 12:45 PM	Normal Day
2029-10-03	Wednesday	Ashvina	Krishna Paksha	Shasthi (up to 15:07)	Rohini	Saubhagya	Garaja	05:42 AM	07:12 PM	12:23 PM	00:17 AM	12:00 PM - 01:30 PM	07:30 AM - 09:00 AM	10:30 AM - 12:00 PM	11:55 AM - 12:45 PM	Normal Day
2029-10-04	Thursday	Ashvina	Krishna Paksha	Saptami (up to 14:20)	Mrigashira	Sobhana	Vanija	05:42 AM	07:12 PM	13:40 PM	01:40 AM	01:30 PM - 03:00 PM	06:00 AM - 07:30 AM	09:00 AM - 10:30 AM	11:55 AM - 12:45 PM	Normal Day
2029-10-05	Friday	Ashvina	Krishna Paksha	Ashtami (up to 21:33)	Ardra	Atiganda	Vishti	05:42 AM	07:12 PM	14:57 PM	02:03 AM	10:30 AM - 12:00 PM	03:00 PM - 04:30 PM	07:30 AM - 09:00 AM	11:55 AM - 12:45 PM	Normal Day
2029-10-06	Saturday	Ashvina	Krishna Paksha	Navami (up to 20:46)	Punarvasu	Sukarma	Bava	05:42 AM	07:12 PM	15:14 PM	03:26 AM	09:00 AM - 10:30 AM	01:30 PM - 03:00 PM	06:00 AM - 07:30 AM	11:55 AM - 12:45 PM	Normal Day
2029-10-07	Sunday	Ashvina	Krishna Paksha	Dashami (up to 19:59)	Pushya	Dhriti	Balava	05:42 AM	07:12 PM	16:31 PM	04:49 AM	04:30 PM - 06:00 PM	12:00 PM - 01:30 PM	03:00 PM - 04:30 PM	11:55 AM - 12:45 PM	Normal Day
2029-10-08	Monday	Ashvina	Krishna Paksha	Ekadashi (up to 18:12)	Ashlesha	Shool	Kaulava	05:42 AM	07:12 PM	18:48 PM	06:12 AM	07:30 AM - 09:00 AM	10:30 AM - 12:00 PM	01:30 PM - 03:00 PM	11:55 AM - 12:45 PM	Indira Ekadashi Vrat
2029-10-09	Tuesday	Ashvina	Krishna Paksha	Dwadashi (up to 17:25)	Magha	Ganda	Taitila	05:42 AM	07:12 PM	19:05 PM	07:35 AM	03:00 PM - 04:30 PM	09:00 AM - 10:30 AM	12:00 PM - 01:30 PM	11:55 AM - 12:45 PM	Normal Day
2029-10-10	Wednesday	Ashvina	Krishna Paksha	Trayodashi (up to 16:38)	Purva Phalguni	Vriddhi	Garaja	05:42 AM	07:12 PM	20:22 PM	08:58 AM	12:00 PM - 01:30 PM	07:30 AM - 09:00 AM	10:30 AM - 12:00 PM	11:55 AM - 12:45 PM	Pradosh Vrat
2029-10-11	Thursday	Ashvina	Krishna Paksha	Chaturdashi (up to 15:51)	Uttara Phalguni	Dhruva	Vanija	05:42 AM	07:12 PM	21:39 PM	09:21 AM	01:30 PM - 03:00 PM	06:00 AM - 07:30 AM	09:00 AM - 10:30 AM	11:55 AM - 12:45 PM	Normal Day
2029-10-12	Friday	Ashvina	Krishna Paksha	Purnima (up to 14:04)	Hasta	Vyaghat	Vishti	05:42 AM	07:12 PM	22:56 PM	10:44 AM	10:30 AM - 12:00 PM	03:00 PM - 04:30 PM	07:30 AM - 09:00 AM	11:55 AM - 12:45 PM	Amavasya (Pitru Tarpan)
2029-10-13	Saturday	Kartika	Shukla Paksha	Pratipada (up to 21:17)	Chitra	Harshan	Bava	05:42 AM	07:12 PM	06:13 AM	18:07 PM	09:00 AM - 10:30 AM	01:30 PM - 03:00 PM	06:00 AM - 07:30 AM	11:55 AM - 12:45 PM	Govardhan Puja / Annakut
2029-10-14	Sunday	Kartika	Shukla Paksha	Dwitiya (up to 20:30)	Swati	Vajra	Balava	05:42 AM	07:12 PM	07:30 AM	19:30 PM	04:30 PM - 06:00 PM	12:00 PM - 01:30 PM	03:00 PM - 04:30 PM	11:55 AM - 12:45 PM	Bhai Dooj / Yama Dwitiya
2029-10-15	Monday	Kartika	Shukla Paksha	Tritiya (up to 19:43)	Vishakha	Siddhi	Kaulava	05:42 AM	07:12 PM	08:47 AM	20:53 PM	07:30 AM - 09:00 AM	10:30 AM - 12:00 PM	01:30 PM - 03:00 PM	11:55 AM - 12:45 PM	Normal Day
2029-10-16	Tuesday	Kartika	Shukla Paksha	Chaturthi (up to 18:56)	Anuradha	Vyatipat	Taitila	05:42 AM	07:12 PM	09:04 AM	21:16 PM	03:00 PM - 04:30 PM	09:00 AM - 10:30 AM	12:00 PM - 01:30 PM	11:55 AM - 12:45 PM	Normal Day
2029-10-17	Wednesday	Kartika	Shukla Paksha	Panchami (up to 17:09)	Jyeshtha	Variyan	Garaja	05:42 AM	07:12 PM	10:21 AM	22:39 PM	12:00 PM - 01:30 PM	07:30 AM - 09:00 AM	10:30 AM - 12:00 PM	11:55 AM - 12:45 PM	Normal Day
2029-10-18	Thursday	Kartika	Shukla Paksha	Shasthi (up to 16:22)	Mula	Parigha	Vanija	05:42 AM	07:12 PM	12:38 PM	00:02 AM	01:30 PM - 03:00 PM	06:00 AM - 07:30 AM	09:00 AM - 10:30 AM	11:55 AM - 12:45 PM	Chhath Puja (Surya Sashthi)
2029-10-19	Friday	Kartika	Shukla Paksha	Saptami (up to 15:35)	Purva Ashadha	Shiva	Vishti	05:42 AM	07:12 PM	13:55 PM	01:25 AM	10:30 AM - 12:00 PM	03:00 PM - 04:30 PM	07:30 AM - 09:00 AM	11:55 AM - 12:45 PM	Normal Day
2029-10-20	Saturday	Kartika	Shukla Paksha	Ashtami (up to 14:48)	Uttara Ashadha	Siddha	Bava	05:42 AM	07:12 PM	14:12 PM	02:48 AM	09:00 AM - 10:30 AM	01:30 PM - 03:00 PM	06:00 AM - 07:30 AM	11:55 AM - 12:45 PM	Normal Day
2029-10-21	Sunday	Kartika	Shukla Paksha	Navami (up to 21:01)	Shravana	Sadhya	Balava	05:42 AM	07:12 PM	15:29 PM	03:11 AM	04:30 PM - 06:00 PM	12:00 PM - 01:30 PM	03:00 PM - 04:30 PM	11:55 AM - 12:45 PM	Normal Day
2029-10-22	Monday	Kartika	Shukla Paksha	Dashami (up to 20:14)	Dhanishta	Shubha	Kaulava	05:42 AM	07:12 PM	16:46 PM	04:34 AM	07:30 AM - 09:00 AM	10:30 AM - 12:00 PM	01:30 PM - 03:00 PM	11:55 AM - 12:45 PM	Normal Day
2029-10-23	Tuesday	Kartika	Shukla Paksha	Ekadashi (up to 19:27)	Shatabhisha	Shukla	Taitila	05:42 AM	07:12 PM	18:03 PM	06:57 AM	03:00 PM - 04:30 PM	09:00 AM - 10:30 AM	12:00 PM - 01:30 PM	11:55 AM - 12:45 PM	Dev Uthani / Prabodhini Ekadashi
2029-10-24	Wednesday	Kartika	Shukla Paksha	Dwadashi (up to 18:40)	Purva Bhadrapada	Brahma	Garaja	05:42 AM	07:12 PM	19:20 PM	07:20 AM	12:00 PM - 01:30 PM	07:30 AM - 09:00 AM	10:30 AM - 12:00 PM	11:55 AM - 12:45 PM	Tulsi Vivah / Devotthan
2029-10-25	Thursday	Kartika	Shukla Paksha	Trayodashi (up to 17:53)	Uttara Bhadrapada	Indra	Vanija	05:42 AM	07:12 PM	20:37 PM	08:43 AM	01:30 PM - 03:00 PM	06:00 AM - 07:30 AM	09:00 AM - 10:30 AM	11:55 AM - 12:45 PM	Pradosh Vrat
2029-10-26	Friday	Kartika	Shukla Paksha	Chaturdashi (up to 16:06)	Revati	Vaidhriti	Vishti	05:42 AM	07:12 PM	21:54 PM	09:06 AM	10:30 AM - 12:00 PM	03:00 PM - 04:30 PM	07:30 AM - 09:00 AM	11:55 AM - 12:45 PM	Normal Day
2029-10-27	Saturday	Kartika	Shukla Paksha	Purnima (up to 15:19)	Ashwini	Vishkambha	Bava	05:42 AM	07:12 PM	22:11 PM	10:29 AM	09:00 AM - 10:30 AM	01:30 PM - 03:00 PM	06:00 AM - 07:30 AM	11:55 AM - 12:45 PM	Purnima Vrat & Satyanarayan Puja
2029-10-28	Sunday	Kartika	Krishna Paksha	Pratipada (up to 14:32)	Bharani	Priti	Balava	05:42 AM	07:12 PM	06:28 AM	18:52 PM	04:30 PM - 06:00 PM	12:00 PM - 01:30 PM	03:00 PM - 04:30 PM	11:55 AM - 12:45 PM	Normal Day
2029-10-29	Monday	Kartika	Krishna Paksha	Dwitiya (up to 21:45)	Krittika	Ayushman	Kaulava	05:42 AM	07:12 PM	07:45 AM	19:15 PM	07:30 AM - 09:00 AM	10:30 AM - 12:00 PM	01:30 PM - 03:00 PM	11:55 AM - 12:45 PM	Normal Day
2029-10-30	Tuesday	Kartika	Krishna Paksha	Tritiya (up to 20:58)	Rohini	Saubhagya	Taitila	05:42 AM	07:12 PM	08:02 AM	20:38 PM	03:00 PM - 04:30 PM	09:00 AM - 10:30 AM	12:00 PM - 01:30 PM	11:55 AM - 12:45 PM	Normal Day
2029-10-31	Wednesday	Kartika	Krishna Paksha	Chaturthi (up to 19:11)	Mrigashira	Sobhana	Garaja	05:42 AM	07:12 PM	09:19 AM	21:01 PM	12:00 PM - 01:30 PM	07:30 AM - 09:00 AM	10:30 AM - 12:00 PM	11:55 AM - 12:45 PM	Karwa Chauth Vrat
2029-11-01	Thursday	Kartika	Krishna Paksha	Panchami (up to 18:24)	Ardra	Atiganda	Vanija	06:45 AM	05:35 PM	10:36 AM	22:24 PM	01:30 PM - 03:00 PM	06:00 AM - 07:30 AM	09:00 AM - 10:30 AM	11:55 AM - 12:45 PM	Normal Day
2029-11-02	Friday	Kartika	Krishna Paksha	Shasthi (up to 17:37)	Punarvasu	Sukarma	Vishti	06:45 AM	05:35 PM	12:53 PM	00:47 AM	10:30 AM - 12:00 PM	03:00 PM - 04:30 PM	07:30 AM - 09:00 AM	11:55 AM - 12:45 PM	Normal Day
2029-11-03	Saturday	Kartika	Krishna Paksha	Saptami (up to 16:50)	Pushya	Dhriti	Bava	06:45 AM	05:35 PM	13:10 PM	01:10 AM	09:00 AM - 10:30 AM	01:30 PM - 03:00 PM	06:00 AM - 07:30 AM	11:55 AM - 12:45 PM	Normal Day
2029-11-04	Sunday	Kartika	Krishna Paksha	Ashtami (up to 15:03)	Ashlesha	Shool	Balava	06:45 AM	05:35 PM	14:27 PM	02:33 AM	04:30 PM - 06:00 PM	12:00 PM - 01:30 PM	03:00 PM - 04:30 PM	11:55 AM - 12:45 PM	Normal Day
2029-11-05	Monday	Kartika	Krishna Paksha	Navami (up to 14:16)	Magha	Ganda	Kaulava	06:45 AM	05:35 PM	15:44 PM	03:56 AM	07:30 AM - 09:00 AM	10:30 AM - 12:00 PM	01:30 PM - 03:00 PM	11:55 AM - 12:45 PM	Normal Day
2029-11-06	Tuesday	Kartika	Krishna Paksha	Dashami (up to 21:29)	Purva Phalguni	Vriddhi	Taitila	06:45 AM	05:35 PM	16:01 PM	04:19 AM	03:00 PM - 04:30 PM	09:00 AM - 10:30 AM	12:00 PM - 01:30 PM	11:55 AM - 12:45 PM	Normal Day
2029-11-07	Wednesday	Kartika	Krishna Paksha	Ekadashi (up to 20:42)	Uttara Phalguni	Dhruva	Garaja	06:45 AM	05:35 PM	18:18 PM	06:42 AM	12:00 PM - 01:30 PM	07:30 AM - 09:00 AM	10:30 AM - 12:00 PM	11:55 AM - 12:45 PM	Rama Ekadashi Vrat
2029-11-08	Thursday	Kartika	Krishna Paksha	Dwadashi (up to 19:55)	Hasta	Vyaghat	Vanija	06:45 AM	05:35 PM	19:35 PM	07:05 AM	01:30 PM - 03:00 PM	06:00 AM - 07:30 AM	09:00 AM - 10:30 AM	11:55 AM - 12:45 PM	Normal Day
2029-11-09	Friday	Kartika	Krishna Paksha	Trayodashi (up to 18:08)	Chitra	Harshan	Vishti	06:45 AM	05:35 PM	20:52 PM	08:28 AM	10:30 AM - 12:00 PM	03:00 PM - 04:30 PM	07:30 AM - 09:00 AM	11:55 AM - 12:45 PM	Dhanteras / Dhanvantari Jayanti
2029-11-10	Saturday	Kartika	Krishna Paksha	Chaturdashi (up to 17:21)	Swati	Vajra	Bava	06:45 AM	05:35 PM	21:09 PM	09:51 AM	09:00 AM - 10:30 AM	01:30 PM - 03:00 PM	06:00 AM - 07:30 AM	11:55 AM - 12:45 PM	Chhoti Diwali / Narak Chaturdashi
2029-11-11	Sunday	Kartika	Krishna Paksha	Purnima (up to 16:34)	Vishakha	Siddhi	Balava	06:45 AM	05:35 PM	22:26 PM	10:14 AM	04:30 PM - 06:00 PM	12:00 PM - 01:30 PM	03:00 PM - 04:30 PM	11:55 AM - 12:45 PM	Deepawali / Lakshmi Puja
2029-11-12	Monday	Margashirsha	Shukla Paksha	Pratipada (up to 15:47)	Anuradha	Vyatipat	Kaulava	06:45 AM	05:35 PM	06:43 AM	18:37 PM	07:30 AM - 09:00 AM	10:30 AM - 12:00 PM	01:30 PM - 03:00 PM	11:55 AM - 12:45 PM	Normal Day
2029-11-13	Tuesday	Margashirsha	Shukla Paksha	Dwitiya (up to 14:00)	Jyeshtha	Variyan	Taitila	06:45 AM	05:35 PM	07:00 AM	19:00 PM	03:00 PM - 04:30 PM	09:00 AM - 10:30 AM	12:00 PM - 01:30 PM	11:55 AM - 12:45 PM	Normal Day
2029-11-14	Wednesday	Margashirsha	Shukla Paksha	Tritiya (up to 21:13)	Mula	Parigha	Garaja	06:45 AM	05:35 PM	08:17 AM	20:23 PM	12:00 PM - 01:30 PM	07:30 AM - 09:00 AM	10:30 AM - 12:00 PM	11:55 AM - 12:45 PM	Normal Day
2029-11-15	Thursday	Margashirsha	Shukla Paksha	Chaturthi (up to 20:26)	Purva Ashadha	Shiva	Vanija	06:45 AM	05:35 PM	09:34 AM	21:46 PM	01:30 PM - 03:00 PM	06:00 AM - 07:30 AM	09:00 AM - 10:30 AM	11:55 AM - 12:45 PM	Normal Day
2029-11-16	Friday	Margashirsha	Shukla Paksha	Panchami (up to 19:39)	Uttara Ashadha	Siddha	Vishti	06:45 AM	05:35 PM	10:51 AM	22:09 PM	10:30 AM - 12:00 PM	03:00 PM - 04:30 PM	07:30 AM - 09:00 AM	11:55 AM - 12:45 PM	Normal Day
2029-11-17	Saturday	Margashirsha	Shukla Paksha	Shasthi (up to 18:52)	Shravana	Sadhya	Bava	06:45 AM	05:35 PM	12:08 PM	00:32 AM	09:00 AM - 10:30 AM	01:30 PM - 03:00 PM	06:00 AM - 07:30 AM	11:55 AM - 12:45 PM	Normal Day
2029-11-18	Sunday	Margashirsha	Shukla Paksha	Saptami (up to 17:05)	Dhanishta	Shubha	Balava	06:45 AM	05:35 PM	13:25 PM	01:55 AM	04:30 PM - 06:00 PM	12:00 PM - 01:30 PM	03:00 PM - 04:30 PM	11:55 AM - 12:45 PM	Normal Day
2029-11-19	Monday	Margashirsha	Shukla Paksha	Ashtami (up to 16:18)	Shatabhisha	Shukla	Kaulava	06:45 AM	05:35 PM	14:42 PM	02:18 AM	07:30 AM - 09:00 AM	10:30 AM - 12:00 PM	01:30 PM - 03:00 PM	11:55 AM - 12:45 PM	Normal Day
2029-11-20	Tuesday	Margashirsha	Shukla Paksha	Navami (up to 15:31)	Purva Bhadrapada	Brahma	Taitila	06:45 AM	05:35 PM	15:59 PM	03:41 AM	03:00 PM - 04:30 PM	09:00 AM - 10:30 AM	12:00 PM - 01:30 PM	11:55 AM - 12:45 PM	Normal Day
2029-11-21	Wednesday	Margashirsha	Shukla Paksha	Dashami (up to 14:44)	Uttara Bhadrapada	Indra	Garaja	06:45 AM	05:35 PM	16:16 PM	04:04 AM	12:00 PM - 01:30 PM	07:30 AM - 09:00 AM	10:30 AM - 12:00 PM	11:55 AM - 12:45 PM	Normal Day
2029-11-22	Thursday	Margashirsha	Shukla Paksha	Ekadashi (up to 21:57)	Revati	Vaidhriti	Vanija	06:45 AM	05:35 PM	18:33 PM	06:27 AM	01:30 PM - 03:00 PM	06:00 AM - 07:30 AM	09:00 AM - 10:30 AM	11:55 AM - 12:45 PM	Gita Jayanti / Mokshada Ekadashi
2029-11-23	Friday	Margashirsha	Shukla Paksha	Dwadashi (up to 20:10)	Ashwini	Vishkambha	Vishti	06:45 AM	05:35 PM	19:50 PM	07:50 AM	10:30 AM - 12:00 PM	03:00 PM - 04:30 PM	07:30 AM - 09:00 AM	11:55 AM - 12:45 PM	Normal Day
2029-11-24	Saturday	Margashirsha	Shukla Paksha	Trayodashi (up to 19:23)	Bharani	Priti	Bava	06:45 AM	05:35 PM	20:07 PM	08:13 AM	09:00 AM - 10:30 AM	01:30 PM - 03:00 PM	06:00 AM - 07:30 AM	11:55 AM - 12:45 PM	Pradosh Vrat
2029-11-25	Sunday	Margashirsha	Shukla Paksha	Chaturdashi (up to 18:36)	Krittika	Ayushman	Balava	06:45 AM	05:35 PM	21:24 PM	09:36 AM	04:30 PM - 06:00 PM	12:00 PM - 01:30 PM	03:00 PM - 04:30 PM	11:55 AM - 12:45 PM	Normal Day
2029-11-26	Monday	Margashirsha	Shukla Paksha	Purnima (up to 17:49)	Rohini	Saubhagya	Kaulava	06:45 AM	05:35 PM	22:41 PM	10:59 AM	07:30 AM - 09:00 AM	10:30 AM - 12:00 PM	01:30 PM - 03:00 PM	11:55 AM - 12:45 PM	Purnima Vrat & Satyanarayan Puja
2029-11-27	Tuesday	Margashirsha	Krishna Paksha	Pratipada (up to 16:02)	Mrigashira	Sobhana	Taitila	06:45 AM	05:35 PM	06:58 AM	18:22 PM	03:00 PM - 04:30 PM	09:00 AM - 10:30 AM	12:00 PM - 01:30 PM	11:55 AM - 12:45 PM	Normal Day
2029-11-28	Wednesday	Margashirsha	Krishna Paksha	Dwitiya (up to 15:15)	Ardra	Atiganda	Garaja	06:45 AM	05:35 PM	07:15 AM	19:45 PM	12:00 PM - 01:30 PM	07:30 AM - 09:00 AM	10:30 AM - 12:00 PM	11:55 AM - 12:45 PM	Normal Day
2029-11-29	Thursday	Margashirsha	Krishna Paksha	Tritiya (up to 14:28)	Punarvasu	Sukarma	Vanija	06:45 AM	05:35 PM	08:32 AM	20:08 PM	01:30 PM - 03:00 PM	06:00 AM - 07:30 AM	09:00 AM - 10:30 AM	11:55 AM - 12:45 PM	Normal Day
2029-11-30	Friday	Margashirsha	Krishna Paksha	Chaturthi (up to 21:41)	Pushya	Dhriti	Vishti	06:45 AM	05:35 PM	09:49 AM	21:31 PM	10:30 AM - 12:00 PM	03:00 PM - 04:30 PM	07:30 AM - 09:00 AM	11:55 AM - 12:45 PM	Sankashti Chaturthi Vrat
2029-12-01	Saturday	Margashirsha	Krishna Paksha	Panchami (up to 20:54)	Ashlesha	Shool	Bava	06:45 AM	05:35 PM	10:06 AM	22:54 PM	09:00 AM - 10:30 AM	01:30 PM - 03:00 PM	06:00 AM - 07:30 AM	11:55 AM - 12:45 PM	Normal Day
2029-12-02	Sunday	Margashirsha	Krishna Paksha	Shasthi (up to 19:07)	Magha	Ganda	Balava	06:45 AM	05:35 PM	12:23 PM	00:17 AM	04:30 PM - 06:00 PM	12:00 PM - 01:30 PM	03:00 PM - 04:30 PM	11:55 AM - 12:45 PM	Normal Day
2029-12-03	Monday	Margashirsha	Krishna Paksha	Saptami (up to 18:20)	Purva Phalguni	Vriddhi	Kaulava	06:45 AM	05:35 PM	13:40 PM	01:40 AM	07:30 AM - 09:00 AM	10:30 AM - 12:00 PM	01:30 PM - 03:00 PM	11:55 AM - 12:45 PM	Normal Day
2029-12-04	Tuesday	Margashirsha	Krishna Paksha	Ashtami (up to 17:33)	Uttara Phalguni	Dhruva	Taitila	06:45 AM	05:35 PM	14:57 PM	02:03 AM	03:00 PM - 04:30 PM	09:00 AM - 10:30 AM	12:00 PM - 01:30 PM	11:55 AM - 12:45 PM	Normal Day
2029-12-05	Wednesday	Margashirsha	Krishna Paksha	Navami (up to 16:46)	Hasta	Vyaghat	Garaja	06:45 AM	05:35 PM	15:14 PM	03:26 AM	12:00 PM - 01:30 PM	07:30 AM - 09:00 AM	10:30 AM - 12:00 PM	11:55 AM - 12:45 PM	Normal Day
2029-12-06	Thursday	Margashirsha	Krishna Paksha	Dashami (up to 15:59)	Chitra	Harshan	Vanija	06:45 AM	05:35 PM	16:31 PM	04:49 AM	01:30 PM - 03:00 PM	06:00 AM - 07:30 AM	09:00 AM - 10:30 AM	11:55 AM - 12:45 PM	Normal Day
2029-12-07	Friday	Margashirsha	Krishna Paksha	Ekadashi (up to 14:12)	Swati	Vajra	Vishti	06:45 AM	05:35 PM	18:48 PM	06:12 AM	10:30 AM - 12:00 PM	03:00 PM - 04:30 PM	07:30 AM - 09:00 AM	11:55 AM - 12:45 PM	Utpanna Ekadashi Vrat
2029-12-08	Saturday	Margashirsha	Krishna Paksha	Dwadashi (up to 21:25)	Vishakha	Siddhi	Bava	06:45 AM	05:35 PM	19:05 PM	07:35 AM	09:00 AM - 10:30 AM	01:30 PM - 03:00 PM	06:00 AM - 07:30 AM	11:55 AM - 12:45 PM	Normal Day
2029-12-09	Sunday	Margashirsha	Krishna Paksha	Trayodashi (up to 20:38)	Anuradha	Vyatipat	Balava	06:45 AM	05:35 PM	20:22 PM	08:58 AM	04:30 PM - 06:00 PM	12:00 PM - 01:30 PM	03:00 PM - 04:30 PM	11:55 AM - 12:45 PM	Pradosh Vrat
2029-12-10	Monday	Margashirsha	Krishna Paksha	Chaturdashi (up to 19:51)	Jyeshtha	Variyan	Kaulava	06:45 AM	05:35 PM	21:39 PM	09:21 AM	07:30 AM - 09:00 AM	10:30 AM - 12:00 PM	01:30 PM - 03:00 PM	11:55 AM - 12:45 PM	Normal Day
2029-12-11	Tuesday	Margashirsha	Krishna Paksha	Purnima (up to 18:04)	Mula	Parigha	Taitila	06:45 AM	05:35 PM	22:56 PM	10:44 AM	03:00 PM - 04:30 PM	09:00 AM - 10:30 AM	12:00 PM - 01:30 PM	11:55 AM - 12:45 PM	Amavasya (Pitru Tarpan)
2029-12-12	Wednesday	Pausha	Shukla Paksha	Pratipada (up to 17:17)	Purva Ashadha	Shiva	Garaja	06:45 AM	05:35 PM	06:13 AM	18:07 PM	12:00 PM - 01:30 PM	07:30 AM - 09:00 AM	10:30 AM - 12:00 PM	11:55 AM - 12:45 PM	Normal Day
2029-12-13	Thursday	Pausha	Shukla Paksha	Dwitiya (up to 16:30)	Uttara Ashadha	Siddha	Vanija	06:45 AM	05:35 PM	07:30 AM	19:30 PM	01:30 PM - 03:00 PM	06:00 AM - 07:30 AM	09:00 AM - 10:30 AM	11:55 AM - 12:45 PM	Normal Day
2029-12-14	Friday	Pausha	Shukla Paksha	Tritiya (up to 15:43)	Shravana	Sadhya	Vishti	06:45 AM	05:35 PM	08:47 AM	20:53 PM	10:30 AM - 12:00 PM	03:00 PM - 04:30 PM	07:30 AM - 09:00 AM	11:55 AM - 12:45 PM	Normal Day
2029-12-15	Saturday	Pausha	Shukla Paksha	Chaturthi (up to 14:56)	Dhanishta	Shubha	Bava	06:45 AM	05:35 PM	09:04 AM	21:16 PM	09:00 AM - 10:30 AM	01:30 PM - 03:00 PM	06:00 AM - 07:30 AM	11:55 AM - 12:45 PM	Normal Day
2029-12-16	Sunday	Pausha	Shukla Paksha	Panchami (up to 21:09)	Shatabhisha	Shukla	Balava	06:45 AM	05:35 PM	10:21 AM	22:39 PM	04:30 PM - 06:00 PM	12:00 PM - 01:30 PM	03:00 PM - 04:30 PM	11:55 AM - 12:45 PM	Normal Day
2029-12-17	Monday	Pausha	Shukla Paksha	Shasthi (up to 20:22)	Purva Bhadrapada	Brahma	Kaulava	06:45 AM	05:35 PM	12:38 PM	00:02 AM	07:30 AM - 09:00 AM	10:30 AM - 12:00 PM	01:30 PM - 03:00 PM	11:55 AM - 12:45 PM	Normal Day
2029-12-18	Tuesday	Pausha	Shukla Paksha	Saptami (up to 19:35)	Uttara Bhadrapada	Indra	Taitila	06:45 AM	05:35 PM	13:55 PM	01:25 AM	03:00 PM - 04:30 PM	09:00 AM - 10:30 AM	12:00 PM - 01:30 PM	11:55 AM - 12:45 PM	Normal Day
2029-12-19	Wednesday	Pausha	Shukla Paksha	Ashtami (up to 18:48)	Revati	Vaidhriti	Garaja	06:45 AM	05:35 PM	14:12 PM	02:48 AM	12:00 PM - 01:30 PM	07:30 AM - 09:00 AM	10:30 AM - 12:00 PM	11:55 AM - 12:45 PM	Normal Day
2029-12-20	Thursday	Pausha	Shukla Paksha	Navami (up to 17:01)	Ashwini	Vishkambha	Vanija	06:45 AM	05:35 PM	15:29 PM	03:11 AM	01:30 PM - 03:00 PM	06:00 AM - 07:30 AM	09:00 AM - 10:30 AM	11:55 AM - 12:45 PM	Normal Day
2029-12-21	Friday	Pausha	Shukla Paksha	Dashami (up to 16:14)	Bharani	Priti	Vishti	06:45 AM	05:35 PM	16:46 PM	04:34 AM	10:30 AM - 12:00 PM	03:00 PM - 04:30 PM	07:30 AM - 09:00 AM	11:55 AM - 12:45 PM	Normal Day
2029-12-22	Saturday	Pausha	Shukla Paksha	Ekadashi (up to 15:27)	Krittika	Ayushman	Bava	06:45 AM	05:35 PM	18:03 PM	06:57 AM	09:00 AM - 10:30 AM	01:30 PM - 03:00 PM	06:00 AM - 07:30 AM	11:55 AM - 12:45 PM	Pausha Putrada Ekadashi Vrat
2029-12-23	Sunday	Pausha	Shukla Paksha	Dwadashi (up to 14:40)	Rohini	Saubhagya	Balava	06:45 AM	05:35 PM	19:20 PM	07:20 AM	04:30 PM - 06:00 PM	12:00 PM - 01:30 PM	03:00 PM - 04:30 PM	11:55 AM - 12:45 PM	Normal Day
2029-12-24	Monday	Pausha	Shukla Paksha	Trayodashi (up to 21:53)	Mrigashira	Sobhana	Kaulava	06:45 AM	05:35 PM	20:37 PM	08:43 AM	07:30 AM - 09:00 AM	10:30 AM - 12:00 PM	01:30 PM - 03:00 PM	11:55 AM - 12:45 PM	Pradosh Vrat
2029-12-25	Tuesday	Pausha	Shukla Paksha	Chaturdashi (up to 20:06)	Ardra	Atiganda	Taitila	06:45 AM	05:35 PM	21:54 PM	09:06 AM	03:00 PM - 04:30 PM	09:00 AM - 10:30 AM	12:00 PM - 01:30 PM	11:55 AM - 12:45 PM	Normal Day
2029-12-26	Wednesday	Pausha	Shukla Paksha	Purnima (up to 19:19)	Punarvasu	Sukarma	Garaja	06:45 AM	05:35 PM	22:11 PM	10:29 AM	12:00 PM - 01:30 PM	07:30 AM - 09:00 AM	10:30 AM - 12:00 PM	11:55 AM - 12:45 PM	Purnima Vrat & Satyanarayan Puja
2029-12-27	Thursday	Pausha	Krishna Paksha	Pratipada (up to 18:32)	Pushya	Dhriti	Vanija	06:45 AM	05:35 PM	06:28 AM	18:52 PM	01:30 PM - 03:00 PM	06:00 AM - 07:30 AM	09:00 AM - 10:30 AM	11:55 AM - 12:45 PM	Normal Day
2029-12-28	Friday	Pausha	Krishna Paksha	Dwitiya (up to 17:45)	Ashlesha	Shool	Vishti	06:45 AM	05:35 PM	07:45 AM	19:15 PM	10:30 AM - 12:00 PM	03:00 PM - 04:30 PM	07:30 AM - 09:00 AM	11:55 AM - 12:45 PM	Normal Day
2029-12-29	Saturday	Pausha	Krishna Paksha	Tritiya (up to 16:58)	Magha	Ganda	Bava	06:45 AM	05:35 PM	08:02 AM	20:38 PM	09:00 AM - 10:30 AM	01:30 PM - 03:00 PM	06:00 AM - 07:30 AM	11:55 AM - 12:45 PM	Normal Day
2029-12-30	Sunday	Pausha	Krishna Paksha	Chaturthi (up to 15:11)	Purva Phalguni	Vriddhi	Balava	06:45 AM	05:35 PM	09:19 AM	21:01 PM	04:30 PM - 06:00 PM	12:00 PM - 01:30 PM	03:00 PM - 04:30 PM	11:55 AM - 12:45 PM	Sankashti Chaturthi Vrat
2029-12-31	Monday	Pausha	Krishna Paksha	Panchami (up to 14:24)	Uttara Phalguni	Dhruva	Kaulava	06:45 AM	05:35 PM	10:36 AM	22:24 PM	07:30 AM - 09:00 AM	10:30 AM - 12:00 PM	01:30 PM - 03:00 PM	11:55 AM - 12:45 PM	Normal Day
2030-01-01	Tuesday	Pausha	Krishna Paksha	Shasthi (up to 21:37)	Hasta	Vyaghat	Taitila	06:45 AM	05:35 PM	12:53 PM	00:47 AM	03:00 PM - 04:30 PM	09:00 AM - 10:30 AM	12:00 PM - 01:30 PM	11:55 AM - 12:45 PM	Normal Day
2030-01-02	Wednesday	Pausha	Krishna Paksha	Saptami (up to 20:50)	Chitra	Harshan	Garaja	06:45 AM	05:35 PM	13:10 PM	01:10 AM	12:00 PM - 01:30 PM	07:30 AM - 09:00 AM	10:30 AM - 12:00 PM	11:55 AM - 12:45 PM	Normal Day
2030-01-03	Thursday	Pausha	Krishna Paksha	Ashtami (up to 19:03)	Swati	Vajra	Vanija	06:45 AM	05:35 PM	14:27 PM	02:33 AM	01:30 PM - 03:00 PM	06:00 AM - 07:30 AM	09:00 AM - 10:30 AM	11:55 AM - 12:45 PM	Normal Day
2030-01-04	Friday	Pausha	Krishna Paksha	Navami (up to 18:16)	Vishakha	Siddhi	Vishti	06:45 AM	05:35 PM	15:44 PM	03:56 AM	10:30 AM - 12:00 PM	03:00 PM - 04:30 PM	07:30 AM - 09:00 AM	11:55 AM - 12:45 PM	Normal Day
2030-01-05	Saturday	Pausha	Krishna Paksha	Dashami (up to 17:29)	Anuradha	Vyatipat	Bava	06:45 AM	05:35 PM	16:01 PM	04:19 AM	09:00 AM - 10:30 AM	01:30 PM - 03:00 PM	06:00 AM - 07:30 AM	11:55 AM - 12:45 PM	Normal Day
2030-01-06	Sunday	Pausha	Krishna Paksha	Ekadashi (up to 16:42)	Jyeshtha	Variyan	Balava	06:45 AM	05:35 PM	18:18 PM	06:42 AM	04:30 PM - 06:00 PM	12:00 PM - 01:30 PM	03:00 PM - 04:30 PM	11:55 AM - 12:45 PM	Saphala Ekadashi Vrat
2030-01-07	Monday	Pausha	Krishna Paksha	Dwadashi (up to 15:55)	Mula	Parigha	Kaulava	06:45 AM	05:35 PM	19:35 PM	07:05 AM	07:30 AM - 09:00 AM	10:30 AM - 12:00 PM	01:30 PM - 03:00 PM	11:55 AM - 12:45 PM	Normal Day
2030-01-08	Tuesday	Pausha	Krishna Paksha	Trayodashi (up to 14:08)	Purva Ashadha	Shiva	Taitila	06:45 AM	05:35 PM	20:52 PM	08:28 AM	03:00 PM - 04:30 PM	09:00 AM - 10:30 AM	12:00 PM - 01:30 PM	11:55 AM - 12:45 PM	Pradosh Vrat
2030-01-09	Wednesday	Pausha	Krishna Paksha	Chaturdashi (up to 21:21)	Uttara Ashadha	Siddha	Garaja	06:45 AM	05:35 PM	21:09 PM	09:51 AM	12:00 PM - 01:30 PM	07:30 AM - 09:00 AM	10:30 AM - 12:00 PM	11:55 AM - 12:45 PM	Normal Day
2030-01-10	Thursday	Pausha	Krishna Paksha	Purnima (up to 20:34)	Shravana	Sadhya	Vanija	06:45 AM	05:35 PM	22:26 PM	10:14 AM	01:30 PM - 03:00 PM	06:00 AM - 07:30 AM	09:00 AM - 10:30 AM	11:55 AM - 12:45 PM	Amavasya (Pitru Tarpan)
2030-01-11	Friday	Magha	Shukla Paksha	Pratipada (up to 19:47)	Dhanishta	Shubha	Vishti	06:45 AM	05:35 PM	06:43 AM	18:37 PM	10:30 AM - 12:00 PM	03:00 PM - 04:30 PM	07:30 AM - 09:00 AM	11:55 AM - 12:45 PM	Normal Day
2030-01-12	Saturday	Magha	Shukla Paksha	Dwitiya (up to 18:00)	Shatabhisha	Shukla	Bava	06:45 AM	05:35 PM	07:00 AM	19:00 PM	09:00 AM - 10:30 AM	01:30 PM - 03:00 PM	06:00 AM - 07:30 AM	11:55 AM - 12:45 PM	Normal Day
2030-01-13	Sunday	Magha	Shukla Paksha	Tritiya (up to 17:13)	Purva Bhadrapada	Brahma	Balava	06:45 AM	05:35 PM	08:17 AM	20:23 PM	04:30 PM - 06:00 PM	12:00 PM - 01:30 PM	03:00 PM - 04:30 PM	11:55 AM - 12:45 PM	Normal Day
2030-01-14	Monday	Magha	Shukla Paksha	Chaturthi (up to 16:26)	Uttara Bhadrapada	Indra	Kaulava	06:45 AM	05:35 PM	09:34 AM	21:46 PM	07:30 AM - 09:00 AM	10:30 AM - 12:00 PM	01:30 PM - 03:00 PM	11:55 AM - 12:45 PM	Makar Sankranti
2030-01-15	Tuesday	Magha	Shukla Paksha	Panchami (up to 15:39)	Revati	Vaidhriti	Taitila	06:45 AM	05:35 PM	10:51 AM	22:09 PM	03:00 PM - 04:30 PM	09:00 AM - 10:30 AM	12:00 PM - 01:30 PM	11:55 AM - 12:45 PM	Makar Sankranti
2030-01-16	Wednesday	Magha	Shukla Paksha	Shasthi (up to 14:52)	Ashwini	Vishkambha	Garaja	06:45 AM	05:35 PM	12:08 PM	00:32 AM	12:00 PM - 01:30 PM	07:30 AM - 09:00 AM	10:30 AM - 12:00 PM	11:55 AM - 12:45 PM	Normal Day
2030-01-17	Thursday	Magha	Shukla Paksha	Saptami (up to 21:05)	Bharani	Priti	Vanija	06:45 AM	05:35 PM	13:25 PM	01:55 AM	01:30 PM - 03:00 PM	06:00 AM - 07:30 AM	09:00 AM - 10:30 AM	11:55 AM - 12:45 PM	Normal Day
2030-01-18	Friday	Magha	Shukla Paksha	Ashtami (up to 20:18)	Krittika	Ayushman	Vishti	06:45 AM	05:35 PM	14:42 PM	02:18 AM	10:30 AM - 12:00 PM	03:00 PM - 04:30 PM	07:30 AM - 09:00 AM	11:55 AM - 12:45 PM	Normal Day
2030-01-19	Saturday	Magha	Shukla Paksha	Navami (up to 19:31)	Rohini	Saubhagya	Bava	06:45 AM	05:35 PM	15:59 PM	03:41 AM	09:00 AM - 10:30 AM	01:30 PM - 03:00 PM	06:00 AM - 07:30 AM	11:55 AM - 12:45 PM	Normal Day
2030-01-20	Sunday	Magha	Shukla Paksha	Dashami (up to 18:44)	Mrigashira	Sobhana	Balava	06:45 AM	05:35 PM	16:16 PM	04:04 AM	04:30 PM - 06:00 PM	12:00 PM - 01:30 PM	03:00 PM - 04:30 PM	11:55 AM - 12:45 PM	Normal Day
2030-01-21	Monday	Magha	Shukla Paksha	Ekadashi (up to 17:57)	Ardra	Atiganda	Kaulava	06:45 AM	05:35 PM	18:33 PM	06:27 AM	07:30 AM - 09:00 AM	10:30 AM - 12:00 PM	01:30 PM - 03:00 PM	11:55 AM - 12:45 PM	Jaya Ekadashi Vrat
2030-01-22	Tuesday	Magha	Shukla Paksha	Dwadashi (up to 16:10)	Punarvasu	Sukarma	Taitila	06:45 AM	05:35 PM	19:50 PM	07:50 AM	03:00 PM - 04:30 PM	09:00 AM - 10:30 AM	12:00 PM - 01:30 PM	11:55 AM - 12:45 PM	Normal Day
2030-01-23	Wednesday	Magha	Shukla Paksha	Trayodashi (up to 15:23)	Pushya	Dhriti	Garaja	06:45 AM	05:35 PM	20:07 PM	08:13 AM	12:00 PM - 01:30 PM	07:30 AM - 09:00 AM	10:30 AM - 12:00 PM	11:55 AM - 12:45 PM	Pradosh Vrat
2030-01-24	Thursday	Magha	Shukla Paksha	Chaturdashi (up to 14:36)	Ashlesha	Shool	Vanija	06:45 AM	05:35 PM	21:24 PM	09:36 AM	01:30 PM - 03:00 PM	06:00 AM - 07:30 AM	09:00 AM - 10:30 AM	11:55 AM - 12:45 PM	Normal Day
2030-01-25	Friday	Magha	Shukla Paksha	Purnima (up to 21:49)	Magha	Ganda	Vishti	06:45 AM	05:35 PM	22:41 PM	10:59 AM	10:30 AM - 12:00 PM	03:00 PM - 04:30 PM	07:30 AM - 09:00 AM	11:55 AM - 12:45 PM	Purnima Vrat & Satyanarayan Puja
2030-01-26	Saturday	Magha	Krishna Paksha	Pratipada (up to 20:02)	Purva Phalguni	Vriddhi	Bava	06:45 AM	05:35 PM	06:58 AM	18:22 PM	09:00 AM - 10:30 AM	01:30 PM - 03:00 PM	06:00 AM - 07:30 AM	11:55 AM - 12:45 PM	Republic Day
2030-01-27	Sunday	Magha	Krishna Paksha	Dwitiya (up to 19:15)	Uttara Phalguni	Dhruva	Balava	06:45 AM	05:35 PM	07:15 AM	19:45 PM	04:30 PM - 06:00 PM	12:00 PM - 01:30 PM	03:00 PM - 04:30 PM	11:55 AM - 12:45 PM	Normal Day
2030-01-28	Monday	Magha	Krishna Paksha	Tritiya (up to 18:28)	Hasta	Vyaghat	Kaulava	06:45 AM	05:35 PM	08:32 AM	20:08 PM	07:30 AM - 09:00 AM	10:30 AM - 12:00 PM	01:30 PM - 03:00 PM	11:55 AM - 12:45 PM	Normal Day
2030-01-29	Tuesday	Magha	Krishna Paksha	Chaturthi (up to 17:41)	Chitra	Harshan	Taitila	06:45 AM	05:35 PM	09:49 AM	21:31 PM	03:00 PM - 04:30 PM	09:00 AM - 10:30 AM	12:00 PM - 01:30 PM	11:55 AM - 12:45 PM	Sankashti Chaturthi Vrat
2030-01-30	Wednesday	Magha	Krishna Paksha	Panchami (up to 16:54)	Swati	Vajra	Garaja	06:45 AM	05:35 PM	10:06 AM	22:54 PM	12:00 PM - 01:30 PM	07:30 AM - 09:00 AM	10:30 AM - 12:00 PM	11:55 AM - 12:45 PM	Normal Day
2030-01-31	Thursday	Magha	Krishna Paksha	Shasthi (up to 15:07)	Vishakha	Siddhi	Vanija	06:45 AM	05:35 PM	12:23 PM	00:17 AM	01:30 PM - 03:00 PM	06:00 AM - 07:30 AM	09:00 AM - 10:30 AM	11:55 AM - 12:45 PM	Normal Day
2030-02-01	Friday	Magha	Krishna Paksha	Saptami (up to 14:20)	Anuradha	Vyatipat	Vishti	06:45 AM	05:35 PM	13:40 PM	01:40 AM	10:30 AM - 12:00 PM	03:00 PM - 04:30 PM	07:30 AM - 09:00 AM	11:55 AM - 12:45 PM	Normal Day
2030-02-02	Saturday	Magha	Krishna Paksha	Ashtami (up to 21:33)	Jyeshtha	Variyan	Bava	06:45 AM	05:35 PM	14:57 PM	02:03 AM	09:00 AM - 10:30 AM	01:30 PM - 03:00 PM	06:00 AM - 07:30 AM	11:55 AM - 12:45 PM	Normal Day
2030-02-03	Sunday	Magha	Krishna Paksha	Navami (up to 20:46)	Mula	Parigha	Balava	06:45 AM	05:35 PM	15:14 PM	03:26 AM	04:30 PM - 06:00 PM	12:00 PM - 01:30 PM	03:00 PM - 04:30 PM	11:55 AM - 12:45 PM	Normal Day
2030-02-04	Monday	Magha	Krishna Paksha	Dashami (up to 19:59)	Purva Ashadha	Shiva	Kaulava	06:45 AM	05:35 PM	16:31 PM	04:49 AM	07:30 AM - 09:00 AM	10:30 AM - 12:00 PM	01:30 PM - 03:00 PM	11:55 AM - 12:45 PM	Normal Day
2030-02-05	Tuesday	Magha	Krishna Paksha	Ekadashi (up to 18:12)	Uttara Ashadha	Siddha	Taitila	06:45 AM	05:35 PM	18:48 PM	06:12 AM	03:00 PM - 04:30 PM	09:00 AM - 10:30 AM	12:00 PM - 01:30 PM	11:55 AM - 12:45 PM	Shattila Ekadashi Vrat
2030-02-06	Wednesday	Magha	Krishna Paksha	Dwadashi (up to 17:25)	Shravana	Sadhya	Garaja	06:45 AM	05:35 PM	19:05 PM	07:35 AM	12:00 PM - 01:30 PM	07:30 AM - 09:00 AM	10:30 AM - 12:00 PM	11:55 AM - 12:45 PM	Normal Day
2030-02-07	Thursday	Magha	Krishna Paksha	Trayodashi (up to 16:38)	Dhanishta	Shubha	Vanija	06:45 AM	05:35 PM	20:22 PM	08:58 AM	01:30 PM - 03:00 PM	06:00 AM - 07:30 AM	09:00 AM - 10:30 AM	11:55 AM - 12:45 PM	Pradosh Vrat
2030-02-08	Friday	Magha	Krishna Paksha	Chaturdashi (up to 15:51)	Shatabhisha	Shukla	Vishti	06:45 AM	05:35 PM	21:39 PM	09:21 AM	10:30 AM - 12:00 PM	03:00 PM - 04:30 PM	07:30 AM - 09:00 AM	11:55 AM - 12:45 PM	Normal Day
2030-02-09	Saturday	Magha	Krishna Paksha	Purnima (up to 14:04)	Purva Bhadrapada	Brahma	Bava	06:45 AM	05:35 PM	22:56 PM	10:44 AM	09:00 AM - 10:30 AM	01:30 PM - 03:00 PM	06:00 AM - 07:30 AM	11:55 AM - 12:45 PM	Amavasya (Pitru Tarpan)
2030-02-10	Sunday	Phalguna	Shukla Paksha	Pratipada (up to 21:17)	Uttara Bhadrapada	Indra	Balava	06:45 AM	05:35 PM	06:13 AM	18:07 PM	04:30 PM - 06:00 PM	12:00 PM - 01:30 PM	03:00 PM - 04:30 PM	11:55 AM - 12:45 PM	Normal Day
2030-02-11	Monday	Phalguna	Shukla Paksha	Dwitiya (up to 20:30)	Revati	Vaidhriti	Kaulava	06:45 AM	05:35 PM	07:30 AM	19:30 PM	07:30 AM - 09:00 AM	10:30 AM - 12:00 PM	01:30 PM - 03:00 PM	11:55 AM - 12:45 PM	Normal Day
2030-02-12	Tuesday	Phalguna	Shukla Paksha	Tritiya (up to 19:43)	Ashwini	Vishkambha	Taitila	06:45 AM	05:35 PM	08:47 AM	20:53 PM	03:00 PM - 04:30 PM	09:00 AM - 10:30 AM	12:00 PM - 01:30 PM	11:55 AM - 12:45 PM	Normal Day
2030-02-13	Wednesday	Phalguna	Shukla Paksha	Chaturthi (up to 18:56)	Bharani	Priti	Garaja	06:45 AM	05:35 PM	09:04 AM	21:16 PM	12:00 PM - 01:30 PM	07:30 AM - 09:00 AM	10:30 AM - 12:00 PM	11:55 AM - 12:45 PM	Normal Day
2030-02-14	Thursday	Phalguna	Shukla Paksha	Panchami (up to 17:09)	Krittika	Ayushman	Vanija	06:45 AM	05:35 PM	10:21 AM	22:39 PM	01:30 PM - 03:00 PM	06:00 AM - 07:30 AM	09:00 AM - 10:30 AM	11:55 AM - 12:45 PM	Normal Day
2030-02-15	Friday	Phalguna	Shukla Paksha	Shasthi (up to 16:22)	Rohini	Saubhagya	Vishti	06:45 AM	05:35 PM	12:38 PM	00:02 AM	10:30 AM - 12:00 PM	03:00 PM - 04:30 PM	07:30 AM - 09:00 AM	11:55 AM - 12:45 PM	Normal Day
2030-02-16	Saturday	Phalguna	Shukla Paksha	Saptami (up to 15:35)	Mrigashira	Sobhana	Bava	06:45 AM	05:35 PM	13:55 PM	01:25 AM	09:00 AM - 10:30 AM	01:30 PM - 03:00 PM	06:00 AM - 07:30 AM	11:55 AM - 12:45 PM	Normal Day
2030-02-17	Sunday	Phalguna	Shukla Paksha	Ashtami (up to 14:48)	Ardra	Atiganda	Balava	06:45 AM	05:35 PM	14:12 PM	02:48 AM	04:30 PM - 06:00 PM	12:00 PM - 01:30 PM	03:00 PM - 04:30 PM	11:55 AM - 12:45 PM	Normal Day
2030-02-18	Monday	Phalguna	Shukla Paksha	Navami (up to 21:01)	Punarvasu	Sukarma	Kaulava	06:45 AM	05:35 PM	15:29 PM	03:11 AM	07:30 AM - 09:00 AM	10:30 AM - 12:00 PM	01:30 PM - 03:00 PM	11:55 AM - 12:45 PM	Normal Day
2030-02-19	Tuesday	Phalguna	Shukla Paksha	Dashami (up to 20:14)	Pushya	Dhriti	Taitila	06:45 AM	05:35 PM	16:46 PM	04:34 AM	03:00 PM - 04:30 PM	09:00 AM - 10:30 AM	12:00 PM - 01:30 PM	11:55 AM - 12:45 PM	Normal Day
2030-02-20	Wednesday	Phalguna	Shukla Paksha	Ekadashi (up to 19:27)	Ashlesha	Shool	Garaja	06:45 AM	05:35 PM	18:03 PM	06:57 AM	12:00 PM - 01:30 PM	07:30 AM - 09:00 AM	10:30 AM - 12:00 PM	11:55 AM - 12:45 PM	Amalaki Ekadashi Vrat
2030-02-21	Thursday	Phalguna	Shukla Paksha	Dwadashi (up to 18:40)	Magha	Ganda	Vanija	06:45 AM	05:35 PM	19:20 PM	07:20 AM	01:30 PM - 03:00 PM	06:00 AM - 07:30 AM	09:00 AM - 10:30 AM	11:55 AM - 12:45 PM	Normal Day
2030-02-22	Friday	Phalguna	Shukla Paksha	Trayodashi (up to 17:53)	Purva Phalguni	Vriddhi	Vishti	06:45 AM	05:35 PM	20:37 PM	08:43 AM	10:30 AM - 12:00 PM	03:00 PM - 04:30 PM	07:30 AM - 09:00 AM	11:55 AM - 12:45 PM	Pradosh Vrat
2030-02-23	Saturday	Phalguna	Shukla Paksha	Chaturdashi (up to 16:06)	Uttara Phalguni	Dhruva	Bava	06:45 AM	05:35 PM	21:54 PM	09:06 AM	09:00 AM - 10:30 AM	01:30 PM - 03:00 PM	06:00 AM - 07:30 AM	11:55 AM - 12:45 PM	Normal Day
2030-02-24	Sunday	Phalguna	Shukla Paksha	Purnima (up to 15:19)	Hasta	Vyaghat	Balava	06:45 AM	05:35 PM	22:11 PM	10:29 AM	04:30 PM - 06:00 PM	12:00 PM - 01:30 PM	03:00 PM - 04:30 PM	11:55 AM - 12:45 PM	Holika Dahan / Holi Purnima
2030-02-25	Monday	Phalguna	Krishna Paksha	Pratipada (up to 14:32)	Chitra	Harshan	Kaulava	06:45 AM	05:35 PM	06:28 AM	18:52 PM	07:30 AM - 09:00 AM	10:30 AM - 12:00 PM	01:30 PM - 03:00 PM	11:55 AM - 12:45 PM	Normal Day
2030-02-26	Tuesday	Phalguna	Krishna Paksha	Dwitiya (up to 21:45)	Swati	Vajra	Taitila	06:45 AM	05:35 PM	07:45 AM	19:15 PM	03:00 PM - 04:30 PM	09:00 AM - 10:30 AM	12:00 PM - 01:30 PM	11:55 AM - 12:45 PM	Normal Day
2030-02-27	Wednesday	Phalguna	Krishna Paksha	Tritiya (up to 20:58)	Vishakha	Siddhi	Garaja	06:45 AM	05:35 PM	08:02 AM	20:38 PM	12:00 PM - 01:30 PM	07:30 AM - 09:00 AM	10:30 AM - 12:00 PM	11:55 AM - 12:45 PM	Normal Day
2030-02-28	Thursday	Phalguna	Krishna Paksha	Chaturthi (up to 19:11)	Anuradha	Vyatipat	Vanija	06:45 AM	05:35 PM	09:19 AM	21:01 PM	01:30 PM - 03:00 PM	06:00 AM - 07:30 AM	09:00 AM - 10:30 AM	11:55 AM - 12:45 PM	Sankashti Chaturthi Vrat
2030-03-01	Friday	Phalguna	Krishna Paksha	Panchami (up to 18:24)	Jyeshtha	Variyan	Vishti	06:10 AM	06:30 PM	10:36 AM	22:24 PM	10:30 AM - 12:00 PM	03:00 PM - 04:30 PM	07:30 AM - 09:00 AM	11:55 AM - 12:45 PM	Normal Day
2030-03-02	Saturday	Phalguna	Krishna Paksha	Shasthi (up to 17:37)	Mula	Parigha	Bava	06:10 AM	06:30 PM	12:53 PM	00:47 AM	09:00 AM - 10:30 AM	01:30 PM - 03:00 PM	06:00 AM - 07:30 AM	11:55 AM - 12:45 PM	Normal Day
2030-03-03	Sunday	Phalguna	Krishna Paksha	Saptami (up to 16:50)	Purva Ashadha	Shiva	Balava	06:10 AM	06:30 PM	13:10 PM	01:10 AM	04:30 PM - 06:00 PM	12:00 PM - 01:30 PM	03:00 PM - 04:30 PM	11:55 AM - 12:45 PM	Normal Day
2030-03-04	Monday	Phalguna	Krishna Paksha	Ashtami (up to 15:03)	Uttara Ashadha	Siddha	Kaulava	06:10 AM	06:30 PM	14:27 PM	02:33 AM	07:30 AM - 09:00 AM	10:30 AM - 12:00 PM	01:30 PM - 03:00 PM	11:55 AM - 12:45 PM	Normal Day
2030-03-05	Tuesday	Phalguna	Krishna Paksha	Navami (up to 14:16)	Shravana	Sadhya	Taitila	06:10 AM	06:30 PM	15:44 PM	03:56 AM	03:00 PM - 04:30 PM	09:00 AM - 10:30 AM	12:00 PM - 01:30 PM	11:55 AM - 12:45 PM	Normal Day
2030-03-06	Wednesday	Phalguna	Krishna Paksha	Dashami (up to 21:29)	Dhanishta	Shubha	Garaja	06:10 AM	06:30 PM	16:01 PM	04:19 AM	12:00 PM - 01:30 PM	07:30 AM - 09:00 AM	10:30 AM - 12:00 PM	11:55 AM - 12:45 PM	Normal Day
2030-03-07	Thursday	Phalguna	Krishna Paksha	Ekadashi (up to 20:42)	Shatabhisha	Shukla	Vanija	06:10 AM	06:30 PM	18:18 PM	06:42 AM	01:30 PM - 03:00 PM	06:00 AM - 07:30 AM	09:00 AM - 10:30 AM	11:55 AM - 12:45 PM	Vijaya Ekadashi Vrat
2030-03-08	Friday	Phalguna	Krishna Paksha	Dwadashi (up to 19:55)	Purva Bhadrapada	Brahma	Vishti	06:10 AM	06:30 PM	19:35 PM	07:05 AM	10:30 AM - 12:00 PM	03:00 PM - 04:30 PM	07:30 AM - 09:00 AM	11:55 AM - 12:45 PM	Normal Day
2030-03-09	Saturday	Phalguna	Krishna Paksha	Trayodashi (up to 18:08)	Uttara Bhadrapada	Indra	Bava	06:10 AM	06:30 PM	20:52 PM	08:28 AM	09:00 AM - 10:30 AM	01:30 PM - 03:00 PM	06:00 AM - 07:30 AM	11:55 AM - 12:45 PM	Pradosh Vrat
2030-03-10	Sunday	Phalguna	Krishna Paksha	Chaturdashi (up to 17:21)	Revati	Vaidhriti	Balava	06:10 AM	06:30 PM	21:09 PM	09:51 AM	04:30 PM - 06:00 PM	12:00 PM - 01:30 PM	03:00 PM - 04:30 PM	11:55 AM - 12:45 PM	Maha Shivratri Vrat
2030-03-11	Monday	Phalguna	Krishna Paksha	Purnima (up to 16:34)	Ashwini	Vishkambha	Kaulava	06:10 AM	06:30 PM	22:26 PM	10:14 AM	07:30 AM - 09:00 AM	10:30 AM - 12:00 PM	01:30 PM - 03:00 PM	11:55 AM - 12:45 PM	Amavasya (Pitru Tarpan)
2030-03-12	Tuesday	Chaitra	Shukla Paksha	Pratipada (up to 15:47)	Bharani	Priti	Taitila	06:10 AM	06:30 PM	06:43 AM	18:37 PM	03:00 PM - 04:30 PM	09:00 AM - 10:30 AM	12:00 PM - 01:30 PM	11:55 AM - 12:45 PM	Chaitra Navratri / Vikram Samvat Gudi Padwa
2030-03-13	Wednesday	Chaitra	Shukla Paksha	Dwitiya (up to 14:00)	Krittika	Ayushman	Garaja	06:10 AM	06:30 PM	07:00 AM	19:00 PM	12:00 PM - 01:30 PM	07:30 AM - 09:00 AM	10:30 AM - 12:00 PM	11:55 AM - 12:45 PM	Normal Day
2030-03-14	Thursday	Chaitra	Shukla Paksha	Tritiya (up to 21:13)	Rohini	Saubhagya	Vanija	06:10 AM	06:30 PM	08:17 AM	20:23 PM	01:30 PM - 03:00 PM	06:00 AM - 07:30 AM	09:00 AM - 10:30 AM	11:55 AM - 12:45 PM	Normal Day
2030-03-15	Friday	Chaitra	Shukla Paksha	Chaturthi (up to 20:26)	Mrigashira	Sobhana	Vishti	06:10 AM	06:30 PM	09:34 AM	21:46 PM	10:30 AM - 12:00 PM	03:00 PM - 04:30 PM	07:30 AM - 09:00 AM	11:55 AM - 12:45 PM	Normal Day
2030-03-16	Saturday	Chaitra	Shukla Paksha	Panchami (up to 19:39)	Ardra	Atiganda	Bava	06:10 AM	06:30 PM	10:51 AM	22:09 PM	09:00 AM - 10:30 AM	01:30 PM - 03:00 PM	06:00 AM - 07:30 AM	11:55 AM - 12:45 PM	Normal Day
2030-03-17	Sunday	Chaitra	Shukla Paksha	Shasthi (up to 18:52)	Punarvasu	Sukarma	Balava	06:10 AM	06:30 PM	12:08 PM	00:32 AM	04:30 PM - 06:00 PM	12:00 PM - 01:30 PM	03:00 PM - 04:30 PM	11:55 AM - 12:45 PM	Normal Day
2030-03-18	Monday	Chaitra	Shukla Paksha	Saptami (up to 17:05)	Pushya	Dhriti	Kaulava	06:10 AM	06:30 PM	13:25 PM	01:55 AM	07:30 AM - 09:00 AM	10:30 AM - 12:00 PM	01:30 PM - 03:00 PM	11:55 AM - 12:45 PM	Normal Day
2030-03-19	Tuesday	Chaitra	Shukla Paksha	Ashtami (up to 16:18)	Ashlesha	Shool	Taitila	06:10 AM	06:30 PM	14:42 PM	02:18 AM	03:00 PM - 04:30 PM	09:00 AM - 10:30 AM	12:00 PM - 01:30 PM	11:55 AM - 12:45 PM	Normal Day
2030-03-20	Wednesday	Chaitra	Shukla Paksha	Navami (up to 15:31)	Magha	Ganda	Garaja	06:10 AM	06:30 PM	15:59 PM	03:41 AM	12:00 PM - 01:30 PM	07:30 AM - 09:00 AM	10:30 AM - 12:00 PM	11:55 AM - 12:45 PM	Shri Rama Navami
2030-03-21	Thursday	Chaitra	Shukla Paksha	Dashami (up to 14:44)	Purva Phalguni	Vriddhi	Vanija	06:10 AM	06:30 PM	16:16 PM	04:04 AM	01:30 PM - 03:00 PM	06:00 AM - 07:30 AM	09:00 AM - 10:30 AM	11:55 AM - 12:45 PM	Normal Day
2030-03-22	Friday	Chaitra	Shukla Paksha	Ekadashi (up to 21:57)	Uttara Phalguni	Dhruva	Vishti	06:10 AM	06:30 PM	18:33 PM	06:27 AM	10:30 AM - 12:00 PM	03:00 PM - 04:30 PM	07:30 AM - 09:00 AM	11:55 AM - 12:45 PM	Kamada Ekadashi Vrat
2030-03-23	Saturday	Chaitra	Shukla Paksha	Dwadashi (up to 20:10)	Hasta	Vyaghat	Bava	06:10 AM	06:30 PM	19:50 PM	07:50 AM	09:00 AM - 10:30 AM	01:30 PM - 03:00 PM	06:00 AM - 07:30 AM	11:55 AM - 12:45 PM	Normal Day
2030-03-24	Sunday	Chaitra	Shukla Paksha	Trayodashi (up to 19:23)	Chitra	Harshan	Balava	06:10 AM	06:30 PM	20:07 PM	08:13 AM	04:30 PM - 06:00 PM	12:00 PM - 01:30 PM	03:00 PM - 04:30 PM	11:55 AM - 12:45 PM	Pradosh Vrat
2030-03-25	Monday	Chaitra	Shukla Paksha	Chaturdashi (up to 18:36)	Swati	Vajra	Kaulava	06:10 AM	06:30 PM	21:24 PM	09:36 AM	07:30 AM - 09:00 AM	10:30 AM - 12:00 PM	01:30 PM - 03:00 PM	11:55 AM - 12:45 PM	Normal Day
2030-03-26	Tuesday	Chaitra	Shukla Paksha	Purnima (up to 17:49)	Vishakha	Siddhi	Taitila	06:10 AM	06:30 PM	22:41 PM	10:59 AM	03:00 PM - 04:30 PM	09:00 AM - 10:30 AM	12:00 PM - 01:30 PM	11:55 AM - 12:45 PM	Hanuman Jayanti
2030-03-27	Wednesday	Chaitra	Krishna Paksha	Pratipada (up to 16:02)	Anuradha	Vyatipat	Garaja	06:10 AM	06:30 PM	06:58 AM	18:22 PM	12:00 PM - 01:30 PM	07:30 AM - 09:00 AM	10:30 AM - 12:00 PM	11:55 AM - 12:45 PM	Normal Day
2030-03-28	Thursday	Chaitra	Krishna Paksha	Dwitiya (up to 15:15)	Jyeshtha	Variyan	Vanija	06:10 AM	06:30 PM	07:15 AM	19:45 PM	01:30 PM - 03:00 PM	06:00 AM - 07:30 AM	09:00 AM - 10:30 AM	11:55 AM - 12:45 PM	Normal Day
2030-03-29	Friday	Chaitra	Krishna Paksha	Tritiya (up to 14:28)	Mula	Parigha	Vishti	06:10 AM	06:30 PM	08:32 AM	20:08 PM	10:30 AM - 12:00 PM	03:00 PM - 04:30 PM	07:30 AM - 09:00 AM	11:55 AM - 12:45 PM	Normal Day
2030-03-30	Saturday	Chaitra	Krishna Paksha	Chaturthi (up to 21:41)	Purva Ashadha	Shiva	Bava	06:10 AM	06:30 PM	09:49 AM	21:31 PM	09:00 AM - 10:30 AM	01:30 PM - 03:00 PM	06:00 AM - 07:30 AM	11:55 AM - 12:45 PM	Sankashti Chaturthi Vrat
2030-03-31	Sunday	Chaitra	Krishna Paksha	Panchami (up to 20:54)	Uttara Ashadha	Siddha	Balava	06:10 AM	06:30 PM	10:06 AM	22:54 PM	04:30 PM - 06:00 PM	12:00 PM - 01:30 PM	03:00 PM - 04:30 PM	11:55 AM - 12:45 PM	Normal Day
2030-04-01	Monday	Chaitra	Krishna Paksha	Shasthi (up to 19:07)	Shravana	Sadhya	Kaulava	06:10 AM	06:30 PM	12:23 PM	00:17 AM	07:30 AM - 09:00 AM	10:30 AM - 12:00 PM	01:30 PM - 03:00 PM	11:55 AM - 12:45 PM	Normal Day
2030-04-02	Tuesday	Chaitra	Krishna Paksha	Saptami (up to 18:20)	Dhanishta	Shubha	Taitila	06:10 AM	06:30 PM	13:40 PM	01:40 AM	03:00 PM - 04:30 PM	09:00 AM - 10:30 AM	12:00 PM - 01:30 PM	11:55 AM - 12:45 PM	Normal Day
2030-04-03	Wednesday	Chaitra	Krishna Paksha	Ashtami (up to 17:33)	Shatabhisha	Shukla	Garaja	06:10 AM	06:30 PM	14:57 PM	02:03 AM	12:00 PM - 01:30 PM	07:30 AM - 09:00 AM	10:30 AM - 12:00 PM	11:55 AM - 12:45 PM	Normal Day
2030-04-04	Thursday	Chaitra	Krishna Paksha	Navami (up to 16:46)	Purva Bhadrapada	Brahma	Vanija	06:10 AM	06:30 PM	15:14 PM	03:26 AM	01:30 PM - 03:00 PM	06:00 AM - 07:30 AM	09:00 AM - 10:30 AM	11:55 AM - 12:45 PM	Normal Day
2030-04-05	Friday	Chaitra	Krishna Paksha	Dashami (up to 15:59)	Uttara Bhadrapada	Indra	Vishti	06:10 AM	06:30 PM	16:31 PM	04:49 AM	10:30 AM - 12:00 PM	03:00 PM - 04:30 PM	07:30 AM - 09:00 AM	11:55 AM - 12:45 PM	Normal Day
2030-04-06	Saturday	Chaitra	Krishna Paksha	Ekadashi (up to 14:12)	Revati	Vaidhriti	Bava	06:10 AM	06:30 PM	18:48 PM	06:12 AM	09:00 AM - 10:30 AM	01:30 PM - 03:00 PM	06:00 AM - 07:30 AM	11:55 AM - 12:45 PM	Papmochani Ekadashi Vrat
2030-04-07	Sunday	Chaitra	Krishna Paksha	Dwadashi (up to 21:25)	Ashwini	Vishkambha	Balava	06:10 AM	06:30 PM	19:05 PM	07:35 AM	04:30 PM - 06:00 PM	12:00 PM - 01:30 PM	03:00 PM - 04:30 PM	11:55 AM - 12:45 PM	Normal Day
2030-04-08	Monday	Chaitra	Krishna Paksha	Trayodashi (up to 20:38)	Bharani	Priti	Kaulava	06:10 AM	06:30 PM	20:22 PM	08:58 AM	07:30 AM - 09:00 AM	10:30 AM - 12:00 PM	01:30 PM - 03:00 PM	11:55 AM - 12:45 PM	Pradosh Vrat
2030-04-09	Tuesday	Chaitra	Krishna Paksha	Chaturdashi (up to 19:51)	Krittika	Ayushman	Taitila	06:10 AM	06:30 PM	21:39 PM	09:21 AM	03:00 PM - 04:30 PM	09:00 AM - 10:30 AM	12:00 PM - 01:30 PM	11:55 AM - 12:45 PM	Normal Day
2030-04-10	Wednesday	Chaitra	Krishna Paksha	Purnima (up to 18:04)	Rohini	Saubhagya	Garaja	06:10 AM	06:30 PM	22:56 PM	10:44 AM	12:00 PM - 01:30 PM	07:30 AM - 09:00 AM	10:30 AM - 12:00 PM	11:55 AM - 12:45 PM	Amavasya (Pitru Tarpan)
2030-04-11	Thursday	Vaishakha	Shukla Paksha	Pratipada (up to 17:17)	Mrigashira	Sobhana	Vanija	06:10 AM	06:30 PM	06:13 AM	18:07 PM	01:30 PM - 03:00 PM	06:00 AM - 07:30 AM	09:00 AM - 10:30 AM	11:55 AM - 12:45 PM	Normal Day
2030-04-12	Friday	Vaishakha	Shukla Paksha	Dwitiya (up to 16:30)	Ardra	Atiganda	Vishti	06:10 AM	06:30 PM	07:30 AM	19:30 PM	10:30 AM - 12:00 PM	03:00 PM - 04:30 PM	07:30 AM - 09:00 AM	11:55 AM - 12:45 PM	Normal Day
2030-04-13	Saturday	Vaishakha	Shukla Paksha	Tritiya (up to 15:43)	Punarvasu	Sukarma	Bava	06:10 AM	06:30 PM	08:47 AM	20:53 PM	09:00 AM - 10:30 AM	01:30 PM - 03:00 PM	06:00 AM - 07:30 AM	11:55 AM - 12:45 PM	Akshaya Tritiya
2030-04-14	Sunday	Vaishakha	Shukla Paksha	Chaturthi (up to 14:56)	Pushya	Dhriti	Balava	06:10 AM	06:30 PM	09:04 AM	21:16 PM	04:30 PM - 06:00 PM	12:00 PM - 01:30 PM	03:00 PM - 04:30 PM	11:55 AM - 12:45 PM	Normal Day
2030-04-15	Monday	Vaishakha	Shukla Paksha	Panchami (up to 21:09)	Ashlesha	Shool	Kaulava	06:10 AM	06:30 PM	10:21 AM	22:39 PM	07:30 AM - 09:00 AM	10:30 AM - 12:00 PM	01:30 PM - 03:00 PM	11:55 AM - 12:45 PM	Normal Day
2030-04-16	Tuesday	Vaishakha	Shukla Paksha	Shasthi (up to 20:22)	Magha	Ganda	Taitila	06:10 AM	06:30 PM	12:38 PM	00:02 AM	03:00 PM - 04:30 PM	09:00 AM - 10:30 AM	12:00 PM - 01:30 PM	11:55 AM - 12:45 PM	Normal Day
2030-04-17	Wednesday	Vaishakha	Shukla Paksha	Saptami (up to 19:35)	Purva Phalguni	Vriddhi	Garaja	06:10 AM	06:30 PM	13:55 PM	01:25 AM	12:00 PM - 01:30 PM	07:30 AM - 09:00 AM	10:30 AM - 12:00 PM	11:55 AM - 12:45 PM	Normal Day
2030-04-18	Thursday	Vaishakha	Shukla Paksha	Ashtami (up to 18:48)	Uttara Phalguni	Dhruva	Vanija	06:10 AM	06:30 PM	14:12 PM	02:48 AM	01:30 PM - 03:00 PM	06:00 AM - 07:30 AM	09:00 AM - 10:30 AM	11:55 AM - 12:45 PM	Normal Day
2030-04-19	Friday	Vaishakha	Shukla Paksha	Navami (up to 17:01)	Hasta	Vyaghat	Vishti	06:10 AM	06:30 PM	15:29 PM	03:11 AM	10:30 AM - 12:00 PM	03:00 PM - 04:30 PM	07:30 AM - 09:00 AM	11:55 AM - 12:45 PM	Normal Day
2030-04-20	Saturday	Vaishakha	Shukla Paksha	Dashami (up to 16:14)	Chitra	Harshan	Bava	06:10 AM	06:30 PM	16:46 PM	04:34 AM	09:00 AM - 10:30 AM	01:30 PM - 03:00 PM	06:00 AM - 07:30 AM	11:55 AM - 12:45 PM	Normal Day
2030-04-21	Sunday	Vaishakha	Shukla Paksha	Ekadashi (up to 15:27)	Swati	Vajra	Balava	06:10 AM	06:30 PM	18:03 PM	06:57 AM	04:30 PM - 06:00 PM	12:00 PM - 01:30 PM	03:00 PM - 04:30 PM	11:55 AM - 12:45 PM	Mohini Ekadashi Vrat
2030-04-22	Monday	Vaishakha	Shukla Paksha	Dwadashi (up to 14:40)	Vishakha	Siddhi	Kaulava	06:10 AM	06:30 PM	19:20 PM	07:20 AM	07:30 AM - 09:00 AM	10:30 AM - 12:00 PM	01:30 PM - 03:00 PM	11:55 AM - 12:45 PM	Normal Day
2030-04-23	Tuesday	Vaishakha	Shukla Paksha	Trayodashi (up to 21:53)	Anuradha	Vyatipat	Taitila	06:10 AM	06:30 PM	20:37 PM	08:43 AM	03:00 PM - 04:30 PM	09:00 AM - 10:30 AM	12:00 PM - 01:30 PM	11:55 AM - 12:45 PM	Pradosh Vrat
2030-04-24	Wednesday	Vaishakha	Shukla Paksha	Chaturdashi (up to 20:06)	Jyeshtha	Variyan	Garaja	06:10 AM	06:30 PM	21:54 PM	09:06 AM	12:00 PM - 01:30 PM	07:30 AM - 09:00 AM	10:30 AM - 12:00 PM	11:55 AM - 12:45 PM	Normal Day
2030-04-25	Thursday	Vaishakha	Shukla Paksha	Purnima (up to 19:19)	Mula	Parigha	Vanija	06:10 AM	06:30 PM	22:11 PM	10:29 AM	01:30 PM - 03:00 PM	06:00 AM - 07:30 AM	09:00 AM - 10:30 AM	11:55 AM - 12:45 PM	Purnima Vrat & Satyanarayan Puja
2030-04-26	Friday	Vaishakha	Krishna Paksha	Pratipada (up to 18:32)	Purva Ashadha	Shiva	Vishti	06:10 AM	06:30 PM	06:28 AM	18:52 PM	10:30 AM - 12:00 PM	03:00 PM - 04:30 PM	07:30 AM - 09:00 AM	11:55 AM - 12:45 PM	Normal Day
2030-04-27	Saturday	Vaishakha	Krishna Paksha	Dwitiya (up to 17:45)	Uttara Ashadha	Siddha	Bava	06:10 AM	06:30 PM	07:45 AM	19:15 PM	09:00 AM - 10:30 AM	01:30 PM - 03:00 PM	06:00 AM - 07:30 AM	11:55 AM - 12:45 PM	Normal Day
2030-04-28	Sunday	Vaishakha	Krishna Paksha	Tritiya (up to 16:58)	Shravana	Sadhya	Balava	06:10 AM	06:30 PM	08:02 AM	20:38 PM	04:30 PM - 06:00 PM	12:00 PM - 01:30 PM	03:00 PM - 04:30 PM	11:55 AM - 12:45 PM	Normal Day
2030-04-29	Monday	Vaishakha	Krishna Paksha	Chaturthi (up to 15:11)	Dhanishta	Shubha	Kaulava	06:10 AM	06:30 PM	09:19 AM	21:01 PM	07:30 AM - 09:00 AM	10:30 AM - 12:00 PM	01:30 PM - 03:00 PM	11:55 AM - 12:45 PM	Sankashti Chaturthi Vrat
2030-04-30	Tuesday	Vaishakha	Krishna Paksha	Panchami (up to 14:24)	Shatabhisha	Shukla	Taitila	06:10 AM	06:30 PM	10:36 AM	22:24 PM	03:00 PM - 04:30 PM	09:00 AM - 10:30 AM	12:00 PM - 01:30 PM	11:55 AM - 12:45 PM	Normal Day
2030-05-01	Wednesday	Vaishakha	Krishna Paksha	Shasthi (up to 21:37)	Purva Bhadrapada	Brahma	Garaja	06:10 AM	06:30 PM	12:53 PM	00:47 AM	12:00 PM - 01:30 PM	07:30 AM - 09:00 AM	10:30 AM - 12:00 PM	11:55 AM - 12:45 PM	Normal Day
2030-05-02	Thursday	Vaishakha	Krishna Paksha	Saptami (up to 20:50)	Uttara Bhadrapada	Indra	Vanija	06:10 AM	06:30 PM	13:10 PM	01:10 AM	01:30 PM - 03:00 PM	06:00 AM - 07:30 AM	09:00 AM - 10:30 AM	11:55 AM - 12:45 PM	Normal Day
2030-05-03	Friday	Vaishakha	Krishna Paksha	Ashtami (up to 19:03)	Revati	Vaidhriti	Vishti	06:10 AM	06:30 PM	14:27 PM	02:33 AM	10:30 AM - 12:00 PM	03:00 PM - 04:30 PM	07:30 AM - 09:00 AM	11:55 AM - 12:45 PM	Normal Day
2030-05-04	Saturday	Vaishakha	Krishna Paksha	Navami (up to 18:16)	Ashwini	Vishkambha	Bava	06:10 AM	06:30 PM	15:44 PM	03:56 AM	09:00 AM - 10:30 AM	01:30 PM - 03:00 PM	06:00 AM - 07:30 AM	11:55 AM - 12:45 PM	Normal Day
2030-05-05	Sunday	Vaishakha	Krishna Paksha	Dashami (up to 17:29)	Bharani	Priti	Balava	06:10 AM	06:30 PM	16:01 PM	04:19 AM	04:30 PM - 06:00 PM	12:00 PM - 01:30 PM	03:00 PM - 04:30 PM	11:55 AM - 12:45 PM	Normal Day
2030-05-06	Monday	Vaishakha	Krishna Paksha	Ekadashi (up to 16:42)	Krittika	Ayushman	Kaulava	06:10 AM	06:30 PM	18:18 PM	06:42 AM	07:30 AM - 09:00 AM	10:30 AM - 12:00 PM	01:30 PM - 03:00 PM	11:55 AM - 12:45 PM	Varuthini Ekadashi Vrat
2030-05-07	Tuesday	Vaishakha	Krishna Paksha	Dwadashi (up to 15:55)	Rohini	Saubhagya	Taitila	06:10 AM	06:30 PM	19:35 PM	07:05 AM	03:00 PM - 04:30 PM	09:00 AM - 10:30 AM	12:00 PM - 01:30 PM	11:55 AM - 12:45 PM	Normal Day
2030-05-08	Wednesday	Vaishakha	Krishna Paksha	Trayodashi (up to 14:08)	Mrigashira	Sobhana	Garaja	06:10 AM	06:30 PM	20:52 PM	08:28 AM	12:00 PM - 01:30 PM	07:30 AM - 09:00 AM	10:30 AM - 12:00 PM	11:55 AM - 12:45 PM	Pradosh Vrat
2030-05-09	Thursday	Vaishakha	Krishna Paksha	Chaturdashi (up to 21:21)	Ardra	Atiganda	Vanija	06:10 AM	06:30 PM	21:09 PM	09:51 AM	01:30 PM - 03:00 PM	06:00 AM - 07:30 AM	09:00 AM - 10:30 AM	11:55 AM - 12:45 PM	Normal Day
2030-05-10	Friday	Vaishakha	Krishna Paksha	Purnima (up to 20:34)	Punarvasu	Sukarma	Vishti	06:10 AM	06:30 PM	22:26 PM	10:14 AM	10:30 AM - 12:00 PM	03:00 PM - 04:30 PM	07:30 AM - 09:00 AM	11:55 AM - 12:45 PM	Amavasya (Pitru Tarpan)
2030-05-11	Saturday	Jyeshtha	Shukla Paksha	Pratipada (up to 19:47)	Pushya	Dhriti	Bava	06:10 AM	06:30 PM	06:43 AM	18:37 PM	09:00 AM - 10:30 AM	01:30 PM - 03:00 PM	06:00 AM - 07:30 AM	11:55 AM - 12:45 PM	Normal Day
2030-05-12	Sunday	Jyeshtha	Shukla Paksha	Dwitiya (up to 18:00)	Ashlesha	Shool	Balava	06:10 AM	06:30 PM	07:00 AM	19:00 PM	04:30 PM - 06:00 PM	12:00 PM - 01:30 PM	03:00 PM - 04:30 PM	11:55 AM - 12:45 PM	Normal Day
2030-05-13	Monday	Jyeshtha	Shukla Paksha	Tritiya (up to 17:13)	Magha	Ganda	Kaulava	06:10 AM	06:30 PM	08:17 AM	20:23 PM	07:30 AM - 09:00 AM	10:30 AM - 12:00 PM	01:30 PM - 03:00 PM	11:55 AM - 12:45 PM	Normal Day
2030-05-14	Tuesday	Jyeshtha	Shukla Paksha	Chaturthi (up to 16:26)	Purva Phalguni	Vriddhi	Taitila	06:10 AM	06:30 PM	09:34 AM	21:46 PM	03:00 PM - 04:30 PM	09:00 AM - 10:30 AM	12:00 PM - 01:30 PM	11:55 AM - 12:45 PM	Normal Day
2030-05-15	Wednesday	Jyeshtha	Shukla Paksha	Panchami (up to 15:39)	Uttara Phalguni	Dhruva	Garaja	06:10 AM	06:30 PM	10:51 AM	22:09 PM	12:00 PM - 01:30 PM	07:30 AM - 09:00 AM	10:30 AM - 12:00 PM	11:55 AM - 12:45 PM	Normal Day
2030-05-16	Thursday	Jyeshtha	Shukla Paksha	Shasthi (up to 14:52)	Hasta	Vyaghat	Vanija	06:10 AM	06:30 PM	12:08 PM	00:32 AM	01:30 PM - 03:00 PM	06:00 AM - 07:30 AM	09:00 AM - 10:30 AM	11:55 AM - 12:45 PM	Normal Day
2030-05-17	Friday	Jyeshtha	Shukla Paksha	Saptami (up to 21:05)	Chitra	Harshan	Vishti	06:10 AM	06:30 PM	13:25 PM	01:55 AM	10:30 AM - 12:00 PM	03:00 PM - 04:30 PM	07:30 AM - 09:00 AM	11:55 AM - 12:45 PM	Normal Day
2030-05-18	Saturday	Jyeshtha	Shukla Paksha	Ashtami (up to 20:18)	Swati	Vajra	Bava	06:10 AM	06:30 PM	14:42 PM	02:18 AM	09:00 AM - 10:30 AM	01:30 PM - 03:00 PM	06:00 AM - 07:30 AM	11:55 AM - 12:45 PM	Normal Day
2030-05-19	Sunday	Jyeshtha	Shukla Paksha	Navami (up to 19:31)	Vishakha	Siddhi	Balava	06:10 AM	06:30 PM	15:59 PM	03:41 AM	04:30 PM - 06:00 PM	12:00 PM - 01:30 PM	03:00 PM - 04:30 PM	11:55 AM - 12:45 PM	Normal Day
2030-05-20	Monday	Jyeshtha	Shukla Paksha	Dashami (up to 18:44)	Anuradha	Vyatipat	Kaulava	06:10 AM	06:30 PM	16:16 PM	04:04 AM	07:30 AM - 09:00 AM	10:30 AM - 12:00 PM	01:30 PM - 03:00 PM	11:55 AM - 12:45 PM	Normal Day
2030-05-21	Tuesday	Jyeshtha	Shukla Paksha	Ekadashi (up to 17:57)	Jyeshtha	Variyan	Taitila	06:10 AM	06:30 PM	18:33 PM	06:27 AM	03:00 PM - 04:30 PM	09:00 AM - 10:30 AM	12:00 PM - 01:30 PM	11:55 AM - 12:45 PM	Nirjala Ekadashi Vrat
2030-05-22	Wednesday	Jyeshtha	Shukla Paksha	Dwadashi (up to 16:10)	Mula	Parigha	Garaja	06:10 AM	06:30 PM	19:50 PM	07:50 AM	12:00 PM - 01:30 PM	07:30 AM - 09:00 AM	10:30 AM - 12:00 PM	11:55 AM - 12:45 PM	Normal Day
2030-05-23	Thursday	Jyeshtha	Shukla Paksha	Trayodashi (up to 15:23)	Purva Ashadha	Shiva	Vanija	06:10 AM	06:30 PM	20:07 PM	08:13 AM	01:30 PM - 03:00 PM	06:00 AM - 07:30 AM	09:00 AM - 10:30 AM	11:55 AM - 12:45 PM	Pradosh Vrat
2030-05-24	Friday	Jyeshtha	Shukla Paksha	Chaturdashi (up to 14:36)	Uttara Ashadha	Siddha	Vishti	06:10 AM	06:30 PM	21:24 PM	09:36 AM	10:30 AM - 12:00 PM	03:00 PM - 04:30 PM	07:30 AM - 09:00 AM	11:55 AM - 12:45 PM	Normal Day
2030-05-25	Saturday	Jyeshtha	Shukla Paksha	Purnima (up to 21:49)	Shravana	Sadhya	Bava	06:10 AM	06:30 PM	22:41 PM	10:59 AM	09:00 AM - 10:30 AM	01:30 PM - 03:00 PM	06:00 AM - 07:30 AM	11:55 AM - 12:45 PM	Purnima Vrat & Satyanarayan Puja
2030-05-26	Sunday	Jyeshtha	Krishna Paksha	Pratipada (up to 20:02)	Dhanishta	Shubha	Balava	06:10 AM	06:30 PM	06:58 AM	18:22 PM	04:30 PM - 06:00 PM	12:00 PM - 01:30 PM	03:00 PM - 04:30 PM	11:55 AM - 12:45 PM	Normal Day
2030-05-27	Monday	Jyeshtha	Krishna Paksha	Dwitiya (up to 19:15)	Shatabhisha	Shukla	Kaulava	06:10 AM	06:30 PM	07:15 AM	19:45 PM	07:30 AM - 09:00 AM	10:30 AM - 12:00 PM	01:30 PM - 03:00 PM	11:55 AM - 12:45 PM	Normal Day
2030-05-28	Tuesday	Jyeshtha	Krishna Paksha	Tritiya (up to 18:28)	Purva Bhadrapada	Brahma	Taitila	06:10 AM	06:30 PM	08:32 AM	20:08 PM	03:00 PM - 04:30 PM	09:00 AM - 10:30 AM	12:00 PM - 01:30 PM	11:55 AM - 12:45 PM	Normal Day
2030-05-29	Wednesday	Jyeshtha	Krishna Paksha	Chaturthi (up to 17:41)	Uttara Bhadrapada	Indra	Garaja	06:10 AM	06:30 PM	09:49 AM	21:31 PM	12:00 PM - 01:30 PM	07:30 AM - 09:00 AM	10:30 AM - 12:00 PM	11:55 AM - 12:45 PM	Sankashti Chaturthi Vrat
2030-05-30	Thursday	Jyeshtha	Krishna Paksha	Panchami (up to 16:54)	Revati	Vaidhriti	Vanija	06:10 AM	06:30 PM	10:06 AM	22:54 PM	01:30 PM - 03:00 PM	06:00 AM - 07:30 AM	09:00 AM - 10:30 AM	11:55 AM - 12:45 PM	Normal Day
2030-05-31	Friday	Jyeshtha	Krishna Paksha	Shasthi (up to 15:07)	Ashwini	Vishkambha	Vishti	06:10 AM	06:30 PM	12:23 PM	00:17 AM	10:30 AM - 12:00 PM	03:00 PM - 04:30 PM	07:30 AM - 09:00 AM	11:55 AM - 12:45 PM	Normal Day
2030-06-01	Saturday	Jyeshtha	Krishna Paksha	Saptami (up to 14:20)	Bharani	Priti	Bava	05:35 AM	07:15 PM	13:40 PM	01:40 AM	09:00 AM - 10:30 AM	01:30 PM - 03:00 PM	06:00 AM - 07:30 AM	11:55 AM - 12:45 PM	Normal Day
2030-06-02	Sunday	Jyeshtha	Krishna Paksha	Ashtami (up to 21:33)	Krittika	Ayushman	Balava	05:35 AM	07:15 PM	14:57 PM	02:03 AM	04:30 PM - 06:00 PM	12:00 PM - 01:30 PM	03:00 PM - 04:30 PM	11:55 AM - 12:45 PM	Normal Day
2030-06-03	Monday	Jyeshtha	Krishna Paksha	Navami (up to 20:46)	Rohini	Saubhagya	Kaulava	05:35 AM	07:15 PM	15:14 PM	03:26 AM	07:30 AM - 09:00 AM	10:30 AM - 12:00 PM	01:30 PM - 03:00 PM	11:55 AM - 12:45 PM	Normal Day
2030-06-04	Tuesday	Jyeshtha	Krishna Paksha	Dashami (up to 19:59)	Mrigashira	Sobhana	Taitila	05:35 AM	07:15 PM	16:31 PM	04:49 AM	03:00 PM - 04:30 PM	09:00 AM - 10:30 AM	12:00 PM - 01:30 PM	11:55 AM - 12:45 PM	Normal Day
2030-06-05	Wednesday	Jyeshtha	Krishna Paksha	Ekadashi (up to 18:12)	Ardra	Atiganda	Garaja	05:35 AM	07:15 PM	18:48 PM	06:12 AM	12:00 PM - 01:30 PM	07:30 AM - 09:00 AM	10:30 AM - 12:00 PM	11:55 AM - 12:45 PM	Apara Ekadashi Vrat
2030-06-06	Thursday	Jyeshtha	Krishna Paksha	Dwadashi (up to 17:25)	Punarvasu	Sukarma	Vanija	05:35 AM	07:15 PM	19:05 PM	07:35 AM	01:30 PM - 03:00 PM	06:00 AM - 07:30 AM	09:00 AM - 10:30 AM	11:55 AM - 12:45 PM	Normal Day
2030-06-07	Friday	Jyeshtha	Krishna Paksha	Trayodashi (up to 16:38)	Pushya	Dhriti	Vishti	05:35 AM	07:15 PM	20:22 PM	08:58 AM	10:30 AM - 12:00 PM	03:00 PM - 04:30 PM	07:30 AM - 09:00 AM	11:55 AM - 12:45 PM	Pradosh Vrat
2030-06-08	Saturday	Jyeshtha	Krishna Paksha	Chaturdashi (up to 15:51)	Ashlesha	Shool	Bava	05:35 AM	07:15 PM	21:39 PM	09:21 AM	09:00 AM - 10:30 AM	01:30 PM - 03:00 PM	06:00 AM - 07:30 AM	11:55 AM - 12:45 PM	Normal Day
2030-06-09	Sunday	Jyeshtha	Krishna Paksha	Purnima (up to 14:04)	Magha	Ganda	Balava	05:35 AM	07:15 PM	22:56 PM	10:44 AM	04:30 PM - 06:00 PM	12:00 PM - 01:30 PM	03:00 PM - 04:30 PM	11:55 AM - 12:45 PM	Amavasya (Pitru Tarpan)
2030-06-10	Monday	Ashadha	Shukla Paksha	Pratipada (up to 21:17)	Purva Phalguni	Vriddhi	Kaulava	05:35 AM	07:15 PM	06:13 AM	18:07 PM	07:30 AM - 09:00 AM	10:30 AM - 12:00 PM	01:30 PM - 03:00 PM	11:55 AM - 12:45 PM	Normal Day
2030-06-11	Tuesday	Ashadha	Shukla Paksha	Dwitiya (up to 20:30)	Uttara Phalguni	Dhruva	Taitila	05:35 AM	07:15 PM	07:30 AM	19:30 PM	03:00 PM - 04:30 PM	09:00 AM - 10:30 AM	12:00 PM - 01:30 PM	11:55 AM - 12:45 PM	Normal Day
2030-06-12	Wednesday	Ashadha	Shukla Paksha	Tritiya (up to 19:43)	Hasta	Vyaghat	Garaja	05:35 AM	07:15 PM	08:47 AM	20:53 PM	12:00 PM - 01:30 PM	07:30 AM - 09:00 AM	10:30 AM - 12:00 PM	11:55 AM - 12:45 PM	Normal Day
2030-06-13	Thursday	Ashadha	Shukla Paksha	Chaturthi (up to 18:56)	Chitra	Harshan	Vanija	05:35 AM	07:15 PM	09:04 AM	21:16 PM	01:30 PM - 03:00 PM	06:00 AM - 07:30 AM	09:00 AM - 10:30 AM	11:55 AM - 12:45 PM	Normal Day
2030-06-14	Friday	Ashadha	Shukla Paksha	Panchami (up to 17:09)	Swati	Vajra	Vishti	05:35 AM	07:15 PM	10:21 AM	22:39 PM	10:30 AM - 12:00 PM	03:00 PM - 04:30 PM	07:30 AM - 09:00 AM	11:55 AM - 12:45 PM	Normal Day
2030-06-15	Saturday	Ashadha	Shukla Paksha	Shasthi (up to 16:22)	Vishakha	Siddhi	Bava	05:35 AM	07:15 PM	12:38 PM	00:02 AM	09:00 AM - 10:30 AM	01:30 PM - 03:00 PM	06:00 AM - 07:30 AM	11:55 AM - 12:45 PM	Normal Day
2030-06-16	Sunday	Ashadha	Shukla Paksha	Saptami (up to 15:35)	Anuradha	Vyatipat	Balava	05:35 AM	07:15 PM	13:55 PM	01:25 AM	04:30 PM - 06:00 PM	12:00 PM - 01:30 PM	03:00 PM - 04:30 PM	11:55 AM - 12:45 PM	Normal Day
2030-06-17	Monday	Ashadha	Shukla Paksha	Ashtami (up to 14:48)	Jyeshtha	Variyan	Kaulava	05:35 AM	07:15 PM	14:12 PM	02:48 AM	07:30 AM - 09:00 AM	10:30 AM - 12:00 PM	01:30 PM - 03:00 PM	11:55 AM - 12:45 PM	Normal Day
2030-06-18	Tuesday	Ashadha	Shukla Paksha	Navami (up to 21:01)	Mula	Parigha	Taitila	05:35 AM	07:15 PM	15:29 PM	03:11 AM	03:00 PM - 04:30 PM	09:00 AM - 10:30 AM	12:00 PM - 01:30 PM	11:55 AM - 12:45 PM	Normal Day
2030-06-19	Wednesday	Ashadha	Shukla Paksha	Dashami (up to 20:14)	Purva Ashadha	Shiva	Garaja	05:35 AM	07:15 PM	16:46 PM	04:34 AM	12:00 PM - 01:30 PM	07:30 AM - 09:00 AM	10:30 AM - 12:00 PM	11:55 AM - 12:45 PM	Normal Day
2030-06-20	Thursday	Ashadha	Shukla Paksha	Ekadashi (up to 19:27)	Uttara Ashadha	Siddha	Vanija	05:35 AM	07:15 PM	18:03 PM	06:57 AM	01:30 PM - 03:00 PM	06:00 AM - 07:30 AM	09:00 AM - 10:30 AM	11:55 AM - 12:45 PM	Devshayani Ekadashi Vrat
2030-06-21	Friday	Ashadha	Shukla Paksha	Dwadashi (up to 18:40)	Shravana	Sadhya	Vishti	05:35 AM	07:15 PM	19:20 PM	07:20 AM	10:30 AM - 12:00 PM	03:00 PM - 04:30 PM	07:30 AM - 09:00 AM	11:55 AM - 12:45 PM	Normal Day
2030-06-22	Saturday	Ashadha	Shukla Paksha	Trayodashi (up to 17:53)	Dhanishta	Shubha	Bava	05:35 AM	07:15 PM	20:37 PM	08:43 AM	09:00 AM - 10:30 AM	01:30 PM - 03:00 PM	06:00 AM - 07:30 AM	11:55 AM - 12:45 PM	Pradosh Vrat
2030-06-23	Sunday	Ashadha	Shukla Paksha	Chaturdashi (up to 16:06)	Shatabhisha	Shukla	Balava	05:35 AM	07:15 PM	21:54 PM	09:06 AM	04:30 PM - 06:00 PM	12:00 PM - 01:30 PM	03:00 PM - 04:30 PM	11:55 AM - 12:45 PM	Normal Day
2030-06-24	Monday	Ashadha	Shukla Paksha	Purnima (up to 15:19)	Purva Bhadrapada	Brahma	Kaulava	05:35 AM	07:15 PM	22:11 PM	10:29 AM	07:30 AM - 09:00 AM	10:30 AM - 12:00 PM	01:30 PM - 03:00 PM	11:55 AM - 12:45 PM	Guru Purnima / Vyasa Puja
2030-06-25	Tuesday	Ashadha	Krishna Paksha	Pratipada (up to 14:32)	Uttara Bhadrapada	Indra	Taitila	05:35 AM	07:15 PM	06:28 AM	18:52 PM	03:00 PM - 04:30 PM	09:00 AM - 10:30 AM	12:00 PM - 01:30 PM	11:55 AM - 12:45 PM	Normal Day
2030-06-26	Wednesday	Ashadha	Krishna Paksha	Dwitiya (up to 21:45)	Revati	Vaidhriti	Garaja	05:35 AM	07:15 PM	07:45 AM	19:15 PM	12:00 PM - 01:30 PM	07:30 AM - 09:00 AM	10:30 AM - 12:00 PM	11:55 AM - 12:45 PM	Normal Day
2030-06-27	Thursday	Ashadha	Krishna Paksha	Tritiya (up to 20:58)	Ashwini	Vishkambha	Vanija	05:35 AM	07:15 PM	08:02 AM	20:38 PM	01:30 PM - 03:00 PM	06:00 AM - 07:30 AM	09:00 AM - 10:30 AM	11:55 AM - 12:45 PM	Normal Day
2030-06-28	Friday	Ashadha	Krishna Paksha	Chaturthi (up to 19:11)	Bharani	Priti	Vishti	05:35 AM	07:15 PM	09:19 AM	21:01 PM	10:30 AM - 12:00 PM	03:00 PM - 04:30 PM	07:30 AM - 09:00 AM	11:55 AM - 12:45 PM	Sankashti Chaturthi Vrat
2030-06-29	Saturday	Ashadha	Krishna Paksha	Panchami (up to 18:24)	Krittika	Ayushman	Bava	05:35 AM	07:15 PM	10:36 AM	22:24 PM	09:00 AM - 10:30 AM	01:30 PM - 03:00 PM	06:00 AM - 07:30 AM	11:55 AM - 12:45 PM	Normal Day
2030-06-30	Sunday	Ashadha	Krishna Paksha	Shasthi (up to 17:37)	Rohini	Saubhagya	Balava	05:35 AM	07:15 PM	12:53 PM	00:47 AM	04:30 PM - 06:00 PM	12:00 PM - 01:30 PM	03:00 PM - 04:30 PM	11:55 AM - 12:45 PM	Normal Day
2030-07-01	Monday	Ashadha	Krishna Paksha	Saptami (up to 16:50)	Mrigashira	Sobhana	Kaulava	05:35 AM	07:15 PM	13:10 PM	01:10 AM	07:30 AM - 09:00 AM	10:30 AM - 12:00 PM	01:30 PM - 03:00 PM	11:55 AM - 12:45 PM	Normal Day
2030-07-02	Tuesday	Ashadha	Krishna Paksha	Ashtami (up to 15:03)	Ardra	Atiganda	Taitila	05:35 AM	07:15 PM	14:27 PM	02:33 AM	03:00 PM - 04:30 PM	09:00 AM - 10:30 AM	12:00 PM - 01:30 PM	11:55 AM - 12:45 PM	Normal Day
2030-07-03	Wednesday	Ashadha	Krishna Paksha	Navami (up to 14:16)	Punarvasu	Sukarma	Garaja	05:35 AM	07:15 PM	15:44 PM	03:56 AM	12:00 PM - 01:30 PM	07:30 AM - 09:00 AM	10:30 AM - 12:00 PM	11:55 AM - 12:45 PM	Normal Day
2030-07-04	Thursday	Ashadha	Krishna Paksha	Dashami (up to 21:29)	Pushya	Dhriti	Vanija	05:35 AM	07:15 PM	16:01 PM	04:19 AM	01:30 PM - 03:00 PM	06:00 AM - 07:30 AM	09:00 AM - 10:30 AM	11:55 AM - 12:45 PM	Normal Day
2030-07-05	Friday	Ashadha	Krishna Paksha	Ekadashi (up to 20:42)	Ashlesha	Shool	Vishti	05:35 AM	07:15 PM	18:18 PM	06:42 AM	10:30 AM - 12:00 PM	03:00 PM - 04:30 PM	07:30 AM - 09:00 AM	11:55 AM - 12:45 PM	Yogini Ekadashi Vrat
2030-07-06	Saturday	Ashadha	Krishna Paksha	Dwadashi (up to 19:55)	Magha	Ganda	Bava	05:35 AM	07:15 PM	19:35 PM	07:05 AM	09:00 AM - 10:30 AM	01:30 PM - 03:00 PM	06:00 AM - 07:30 AM	11:55 AM - 12:45 PM	Normal Day
2030-07-07	Sunday	Ashadha	Krishna Paksha	Trayodashi (up to 18:08)	Purva Phalguni	Vriddhi	Balava	05:35 AM	07:15 PM	20:52 PM	08:28 AM	04:30 PM - 06:00 PM	12:00 PM - 01:30 PM	03:00 PM - 04:30 PM	11:55 AM - 12:45 PM	Pradosh Vrat
2030-07-08	Monday	Ashadha	Krishna Paksha	Chaturdashi (up to 17:21)	Uttara Phalguni	Dhruva	Kaulava	05:35 AM	07:15 PM	21:09 PM	09:51 AM	07:30 AM - 09:00 AM	10:30 AM - 12:00 PM	01:30 PM - 03:00 PM	11:55 AM - 12:45 PM	Normal Day
2030-07-09	Tuesday	Ashadha	Krishna Paksha	Purnima (up to 16:34)	Hasta	Vyaghat	Taitila	05:35 AM	07:15 PM	22:26 PM	10:14 AM	03:00 PM - 04:30 PM	09:00 AM - 10:30 AM	12:00 PM - 01:30 PM	11:55 AM - 12:45 PM	Amavasya (Pitru Tarpan)
2030-07-10	Wednesday	Shravana	Shukla Paksha	Pratipada (up to 15:47)	Chitra	Harshan	Garaja	05:35 AM	07:15 PM	06:43 AM	18:37 PM	12:00 PM - 01:30 PM	07:30 AM - 09:00 AM	10:30 AM - 12:00 PM	11:55 AM - 12:45 PM	Normal Day
2030-07-11	Thursday	Shravana	Shukla Paksha	Dwitiya (up to 14:00)	Swati	Vajra	Vanija	05:35 AM	07:15 PM	07:00 AM	19:00 PM	01:30 PM - 03:00 PM	06:00 AM - 07:30 AM	09:00 AM - 10:30 AM	11:55 AM - 12:45 PM	Normal Day
2030-07-12	Friday	Shravana	Shukla Paksha	Tritiya (up to 21:13)	Vishakha	Siddhi	Vishti	05:35 AM	07:15 PM	08:17 AM	20:23 PM	10:30 AM - 12:00 PM	03:00 PM - 04:30 PM	07:30 AM - 09:00 AM	11:55 AM - 12:45 PM	Normal Day
2030-07-13	Saturday	Shravana	Shukla Paksha	Chaturthi (up to 20:26)	Anuradha	Vyatipat	Bava	05:35 AM	07:15 PM	09:34 AM	21:46 PM	09:00 AM - 10:30 AM	01:30 PM - 03:00 PM	06:00 AM - 07:30 AM	11:55 AM - 12:45 PM	Normal Day
2030-07-14	Sunday	Shravana	Shukla Paksha	Panchami (up to 19:39)	Jyeshtha	Variyan	Balava	05:35 AM	07:15 PM	10:51 AM	22:09 PM	04:30 PM - 06:00 PM	12:00 PM - 01:30 PM	03:00 PM - 04:30 PM	11:55 AM - 12:45 PM	Nag Panchami
2030-07-15	Monday	Shravana	Shukla Paksha	Shasthi (up to 18:52)	Mula	Parigha	Kaulava	05:35 AM	07:15 PM	12:08 PM	00:32 AM	07:30 AM - 09:00 AM	10:30 AM - 12:00 PM	01:30 PM - 03:00 PM	11:55 AM - 12:45 PM	Normal Day
2030-07-16	Tuesday	Shravana	Shukla Paksha	Saptami (up to 17:05)	Purva Ashadha	Shiva	Taitila	05:35 AM	07:15 PM	13:25 PM	01:55 AM	03:00 PM - 04:30 PM	09:00 AM - 10:30 AM	12:00 PM - 01:30 PM	11:55 AM - 12:45 PM	Normal Day
2030-07-17	Wednesday	Shravana	Shukla Paksha	Ashtami (up to 16:18)	Uttara Ashadha	Siddha	Garaja	05:35 AM	07:15 PM	14:42 PM	02:18 AM	12:00 PM - 01:30 PM	07:30 AM - 09:00 AM	10:30 AM - 12:00 PM	11:55 AM - 12:45 PM	Normal Day
2030-07-18	Thursday	Shravana	Shukla Paksha	Navami (up to 15:31)	Shravana	Sadhya	Vanija	05:35 AM	07:15 PM	15:59 PM	03:41 AM	01:30 PM - 03:00 PM	06:00 AM - 07:30 AM	09:00 AM - 10:30 AM	11:55 AM - 12:45 PM	Normal Day
2030-07-19	Friday	Shravana	Shukla Paksha	Dashami (up to 14:44)	Dhanishta	Shubha	Vishti	05:35 AM	07:15 PM	16:16 PM	04:04 AM	10:30 AM - 12:00 PM	03:00 PM - 04:30 PM	07:30 AM - 09:00 AM	11:55 AM - 12:45 PM	Normal Day
2030-07-20	Saturday	Shravana	Shukla Paksha	Ekadashi (up to 21:57)	Shatabhisha	Shukla	Bava	05:35 AM	07:15 PM	18:33 PM	06:27 AM	09:00 AM - 10:30 AM	01:30 PM - 03:00 PM	06:00 AM - 07:30 AM	11:55 AM - 12:45 PM	Shravana Putrada Ekadashi Vrat
2030-07-21	Sunday	Shravana	Shukla Paksha	Dwadashi (up to 20:10)	Purva Bhadrapada	Brahma	Balava	05:35 AM	07:15 PM	19:50 PM	07:50 AM	04:30 PM - 06:00 PM	12:00 PM - 01:30 PM	03:00 PM - 04:30 PM	11:55 AM - 12:45 PM	Normal Day
2030-07-22	Monday	Shravana	Shukla Paksha	Trayodashi (up to 19:23)	Uttara Bhadrapada	Indra	Kaulava	05:35 AM	07:15 PM	20:07 PM	08:13 AM	07:30 AM - 09:00 AM	10:30 AM - 12:00 PM	01:30 PM - 03:00 PM	11:55 AM - 12:45 PM	Pradosh Vrat
2030-07-23	Tuesday	Shravana	Shukla Paksha	Chaturdashi (up to 18:36)	Revati	Vaidhriti	Taitila	05:35 AM	07:15 PM	21:24 PM	09:36 AM	03:00 PM - 04:30 PM	09:00 AM - 10:30 AM	12:00 PM - 01:30 PM	11:55 AM - 12:45 PM	Normal Day
2030-07-24	Wednesday	Shravana	Shukla Paksha	Purnima (up to 17:49)	Ashwini	Vishkambha	Garaja	05:35 AM	07:15 PM	22:41 PM	10:59 AM	12:00 PM - 01:30 PM	07:30 AM - 09:00 AM	10:30 AM - 12:00 PM	11:55 AM - 12:45 PM	Raksha Bandhan / Shravani Purnima
2030-07-25	Thursday	Shravana	Krishna Paksha	Pratipada (up to 16:02)	Bharani	Priti	Vanija	05:35 AM	07:15 PM	06:58 AM	18:22 PM	01:30 PM - 03:00 PM	06:00 AM - 07:30 AM	09:00 AM - 10:30 AM	11:55 AM - 12:45 PM	Normal Day
2030-07-26	Friday	Shravana	Krishna Paksha	Dwitiya (up to 15:15)	Krittika	Ayushman	Vishti	05:35 AM	07:15 PM	07:15 AM	19:45 PM	10:30 AM - 12:00 PM	03:00 PM - 04:30 PM	07:30 AM - 09:00 AM	11:55 AM - 12:45 PM	Normal Day
2030-07-27	Saturday	Shravana	Krishna Paksha	Tritiya (up to 14:28)	Rohini	Saubhagya	Bava	05:35 AM	07:15 PM	08:32 AM	20:08 PM	09:00 AM - 10:30 AM	01:30 PM - 03:00 PM	06:00 AM - 07:30 AM	11:55 AM - 12:45 PM	Normal Day
2030-07-28	Sunday	Shravana	Krishna Paksha	Chaturthi (up to 21:41)	Mrigashira	Sobhana	Balava	05:35 AM	07:15 PM	09:49 AM	21:31 PM	04:30 PM - 06:00 PM	12:00 PM - 01:30 PM	03:00 PM - 04:30 PM	11:55 AM - 12:45 PM	Sankashti Chaturthi Vrat
2030-07-29	Monday	Shravana	Krishna Paksha	Panchami (up to 20:54)	Ardra	Atiganda	Kaulava	05:35 AM	07:15 PM	10:06 AM	22:54 PM	07:30 AM - 09:00 AM	10:30 AM - 12:00 PM	01:30 PM - 03:00 PM	11:55 AM - 12:45 PM	Normal Day
2030-07-30	Tuesday	Shravana	Krishna Paksha	Shasthi (up to 19:07)	Punarvasu	Sukarma	Taitila	05:35 AM	07:15 PM	12:23 PM	00:17 AM	03:00 PM - 04:30 PM	09:00 AM - 10:30 AM	12:00 PM - 01:30 PM	11:55 AM - 12:45 PM	Normal Day
2030-07-31	Wednesday	Shravana	Krishna Paksha	Saptami (up to 18:20)	Pushya	Dhriti	Garaja	05:35 AM	07:15 PM	13:40 PM	01:40 AM	12:00 PM - 01:30 PM	07:30 AM - 09:00 AM	10:30 AM - 12:00 PM	11:55 AM - 12:45 PM	Normal Day
2030-08-01	Thursday	Shravana	Krishna Paksha	Ashtami (up to 17:33)	Ashlesha	Shool	Vanija	05:35 AM	07:15 PM	14:57 PM	02:03 AM	01:30 PM - 03:00 PM	06:00 AM - 07:30 AM	09:00 AM - 10:30 AM	11:55 AM - 12:45 PM	Normal Day
2030-08-02	Friday	Shravana	Krishna Paksha	Navami (up to 16:46)	Magha	Ganda	Vishti	05:35 AM	07:15 PM	15:14 PM	03:26 AM	10:30 AM - 12:00 PM	03:00 PM - 04:30 PM	07:30 AM - 09:00 AM	11:55 AM - 12:45 PM	Normal Day
2030-08-03	Saturday	Shravana	Krishna Paksha	Dashami (up to 15:59)	Purva Phalguni	Vriddhi	Bava	05:35 AM	07:15 PM	16:31 PM	04:49 AM	09:00 AM - 10:30 AM	01:30 PM - 03:00 PM	06:00 AM - 07:30 AM	11:55 AM - 12:45 PM	Normal Day
2030-08-04	Sunday	Shravana	Krishna Paksha	Ekadashi (up to 14:12)	Uttara Phalguni	Dhruva	Balava	05:35 AM	07:15 PM	18:48 PM	06:12 AM	04:30 PM - 06:00 PM	12:00 PM - 01:30 PM	03:00 PM - 04:30 PM	11:55 AM - 12:45 PM	Kamika Ekadashi Vrat
2030-08-05	Monday	Shravana	Krishna Paksha	Dwadashi (up to 21:25)	Hasta	Vyaghat	Kaulava	05:35 AM	07:15 PM	19:05 PM	07:35 AM	07:30 AM - 09:00 AM	10:30 AM - 12:00 PM	01:30 PM - 03:00 PM	11:55 AM - 12:45 PM	Normal Day
2030-08-06	Tuesday	Shravana	Krishna Paksha	Trayodashi (up to 20:38)	Chitra	Harshan	Taitila	05:35 AM	07:15 PM	20:22 PM	08:58 AM	03:00 PM - 04:30 PM	09:00 AM - 10:30 AM	12:00 PM - 01:30 PM	11:55 AM - 12:45 PM	Pradosh Vrat
2030-08-07	Wednesday	Shravana	Krishna Paksha	Chaturdashi (up to 19:51)	Swati	Vajra	Garaja	05:35 AM	07:15 PM	21:39 PM	09:21 AM	12:00 PM - 01:30 PM	07:30 AM - 09:00 AM	10:30 AM - 12:00 PM	11:55 AM - 12:45 PM	Normal Day
2030-08-08	Thursday	Shravana	Krishna Paksha	Purnima (up to 18:04)	Vishakha	Siddhi	Vanija	05:35 AM	07:15 PM	22:56 PM	10:44 AM	01:30 PM - 03:00 PM	06:00 AM - 07:30 AM	09:00 AM - 10:30 AM	11:55 AM - 12:45 PM	Amavasya (Pitru Tarpan)
2030-08-09	Friday	Bhadrapada	Shukla Paksha	Pratipada (up to 17:17)	Anuradha	Vyatipat	Vishti	05:35 AM	07:15 PM	06:13 AM	18:07 PM	10:30 AM - 12:00 PM	03:00 PM - 04:30 PM	07:30 AM - 09:00 AM	11:55 AM - 12:45 PM	Normal Day
2030-08-10	Saturday	Bhadrapada	Shukla Paksha	Dwitiya (up to 16:30)	Jyeshtha	Variyan	Bava	05:35 AM	07:15 PM	07:30 AM	19:30 PM	09:00 AM - 10:30 AM	01:30 PM - 03:00 PM	06:00 AM - 07:30 AM	11:55 AM - 12:45 PM	Normal Day
2030-08-11	Sunday	Bhadrapada	Shukla Paksha	Tritiya (up to 15:43)	Mula	Parigha	Balava	05:35 AM	07:15 PM	08:47 AM	20:53 PM	04:30 PM - 06:00 PM	12:00 PM - 01:30 PM	03:00 PM - 04:30 PM	11:55 AM - 12:45 PM	Normal Day
2030-08-12	Monday	Bhadrapada	Shukla Paksha	Chaturthi (up to 14:56)	Purva Ashadha	Shiva	Kaulava	05:35 AM	07:15 PM	09:04 AM	21:16 PM	07:30 AM - 09:00 AM	10:30 AM - 12:00 PM	01:30 PM - 03:00 PM	11:55 AM - 12:45 PM	Ganesh Chaturthi / Haritalika Teej
2030-08-13	Tuesday	Bhadrapada	Shukla Paksha	Panchami (up to 21:09)	Uttara Ashadha	Siddha	Taitila	05:35 AM	07:15 PM	10:21 AM	22:39 PM	03:00 PM - 04:30 PM	09:00 AM - 10:30 AM	12:00 PM - 01:30 PM	11:55 AM - 12:45 PM	Normal Day
2030-08-14	Wednesday	Bhadrapada	Shukla Paksha	Shasthi (up to 20:22)	Shravana	Sadhya	Garaja	05:35 AM	07:15 PM	12:38 PM	00:02 AM	12:00 PM - 01:30 PM	07:30 AM - 09:00 AM	10:30 AM - 12:00 PM	11:55 AM - 12:45 PM	Normal Day
2030-08-15	Thursday	Bhadrapada	Shukla Paksha	Saptami (up to 19:35)	Dhanishta	Shubha	Vanija	05:35 AM	07:15 PM	13:55 PM	01:25 AM	01:30 PM - 03:00 PM	06:00 AM - 07:30 AM	09:00 AM - 10:30 AM	11:55 AM - 12:45 PM	Independence Day
2030-08-16	Friday	Bhadrapada	Shukla Paksha	Ashtami (up to 18:48)	Shatabhisha	Shukla	Vishti	05:35 AM	07:15 PM	14:12 PM	02:48 AM	10:30 AM - 12:00 PM	03:00 PM - 04:30 PM	07:30 AM - 09:00 AM	11:55 AM - 12:45 PM	Normal Day
2030-08-17	Saturday	Bhadrapada	Shukla Paksha	Navami (up to 17:01)	Purva Bhadrapada	Brahma	Bava	05:35 AM	07:15 PM	15:29 PM	03:11 AM	09:00 AM - 10:30 AM	01:30 PM - 03:00 PM	06:00 AM - 07:30 AM	11:55 AM - 12:45 PM	Normal Day
2030-08-18	Sunday	Bhadrapada	Shukla Paksha	Dashami (up to 16:14)	Uttara Bhadrapada	Indra	Balava	05:35 AM	07:15 PM	16:46 PM	04:34 AM	04:30 PM - 06:00 PM	12:00 PM - 01:30 PM	03:00 PM - 04:30 PM	11:55 AM - 12:45 PM	Normal Day
2030-08-19	Monday	Bhadrapada	Shukla Paksha	Ekadashi (up to 15:27)	Revati	Vaidhriti	Kaulava	05:35 AM	07:15 PM	18:03 PM	06:57 AM	07:30 AM - 09:00 AM	10:30 AM - 12:00 PM	01:30 PM - 03:00 PM	11:55 AM - 12:45 PM	Parivartini Ekadashi Vrat
2030-08-20	Tuesday	Bhadrapada	Shukla Paksha	Dwadashi (up to 14:40)	Ashwini	Vishkambha	Taitila	05:35 AM	07:15 PM	19:20 PM	07:20 AM	03:00 PM - 04:30 PM	09:00 AM - 10:30 AM	12:00 PM - 01:30 PM	11:55 AM - 12:45 PM	Normal Day
2030-08-21	Wednesday	Bhadrapada	Shukla Paksha	Trayodashi (up to 21:53)	Bharani	Priti	Garaja	05:35 AM	07:15 PM	20:37 PM	08:43 AM	12:00 PM - 01:30 PM	07:30 AM - 09:00 AM	10:30 AM - 12:00 PM	11:55 AM - 12:45 PM	Pradosh Vrat
2030-08-22	Thursday	Bhadrapada	Shukla Paksha	Chaturdashi (up to 20:06)	Krittika	Ayushman	Vanija	05:35 AM	07:15 PM	21:54 PM	09:06 AM	01:30 PM - 03:00 PM	06:00 AM - 07:30 AM	09:00 AM - 10:30 AM	11:55 AM - 12:45 PM	Anant Chaturdashi
2030-08-23	Friday	Bhadrapada	Shukla Paksha	Purnima (up to 19:19)	Rohini	Saubhagya	Vishti	05:35 AM	07:15 PM	22:11 PM	10:29 AM	10:30 AM - 12:00 PM	03:00 PM - 04:30 PM	07:30 AM - 09:00 AM	11:55 AM - 12:45 PM	Purnima Vrat & Satyanarayan Puja
2030-08-24	Saturday	Bhadrapada	Krishna Paksha	Pratipada (up to 18:32)	Mrigashira	Sobhana	Bava	05:35 AM	07:15 PM	06:28 AM	18:52 PM	09:00 AM - 10:30 AM	01:30 PM - 03:00 PM	06:00 AM - 07:30 AM	11:55 AM - 12:45 PM	Normal Day
2030-08-25	Sunday	Bhadrapada	Krishna Paksha	Dwitiya (up to 17:45)	Ardra	Atiganda	Balava	05:35 AM	07:15 PM	07:45 AM	19:15 PM	04:30 PM - 06:00 PM	12:00 PM - 01:30 PM	03:00 PM - 04:30 PM	11:55 AM - 12:45 PM	Normal Day
2030-08-26	Monday	Bhadrapada	Krishna Paksha	Tritiya (up to 16:58)	Punarvasu	Sukarma	Kaulava	05:35 AM	07:15 PM	08:02 AM	20:38 PM	07:30 AM - 09:00 AM	10:30 AM - 12:00 PM	01:30 PM - 03:00 PM	11:55 AM - 12:45 PM	Normal Day
2030-08-27	Tuesday	Bhadrapada	Krishna Paksha	Chaturthi (up to 15:11)	Pushya	Dhriti	Taitila	05:35 AM	07:15 PM	09:19 AM	21:01 PM	03:00 PM - 04:30 PM	09:00 AM - 10:30 AM	12:00 PM - 01:30 PM	11:55 AM - 12:45 PM	Sankashti Chaturthi Vrat
2030-08-28	Wednesday	Bhadrapada	Krishna Paksha	Panchami (up to 14:24)	Ashlesha	Shool	Garaja	05:35 AM	07:15 PM	10:36 AM	22:24 PM	12:00 PM - 01:30 PM	07:30 AM - 09:00 AM	10:30 AM - 12:00 PM	11:55 AM - 12:45 PM	Normal Day
2030-08-29	Thursday	Bhadrapada	Krishna Paksha	Shasthi (up to 21:37)	Magha	Ganda	Vanija	05:35 AM	07:15 PM	12:53 PM	00:47 AM	01:30 PM - 03:00 PM	06:00 AM - 07:30 AM	09:00 AM - 10:30 AM	11:55 AM - 12:45 PM	Normal Day
2030-08-30	Friday	Bhadrapada	Krishna Paksha	Saptami (up to 20:50)	Purva Phalguni	Vriddhi	Vishti	05:35 AM	07:15 PM	13:10 PM	01:10 AM	10:30 AM - 12:00 PM	03:00 PM - 04:30 PM	07:30 AM - 09:00 AM	11:55 AM - 12:45 PM	Normal Day
2030-08-31	Saturday	Bhadrapada	Krishna Paksha	Ashtami (up to 19:03)	Uttara Phalguni	Dhruva	Bava	05:35 AM	07:15 PM	14:27 PM	02:33 AM	09:00 AM - 10:30 AM	01:30 PM - 03:00 PM	06:00 AM - 07:30 AM	11:55 AM - 12:45 PM	Shri Krishna Janmashtami
2030-09-01	Sunday	Bhadrapada	Krishna Paksha	Navami (up to 18:16)	Hasta	Vyaghat	Balava	05:35 AM	07:15 PM	15:44 PM	03:56 AM	04:30 PM - 06:00 PM	12:00 PM - 01:30 PM	03:00 PM - 04:30 PM	11:55 AM - 12:45 PM	Normal Day
2030-09-02	Monday	Bhadrapada	Krishna Paksha	Dashami (up to 17:29)	Chitra	Harshan	Kaulava	05:35 AM	07:15 PM	16:01 PM	04:19 AM	07:30 AM - 09:00 AM	10:30 AM - 12:00 PM	01:30 PM - 03:00 PM	11:55 AM - 12:45 PM	Normal Day
2030-09-03	Tuesday	Bhadrapada	Krishna Paksha	Ekadashi (up to 16:42)	Swati	Vajra	Taitila	05:35 AM	07:15 PM	18:18 PM	06:42 AM	03:00 PM - 04:30 PM	09:00 AM - 10:30 AM	12:00 PM - 01:30 PM	11:55 AM - 12:45 PM	Aja Ekadashi Vrat
2030-09-04	Wednesday	Bhadrapada	Krishna Paksha	Dwadashi (up to 15:55)	Vishakha	Siddhi	Garaja	05:35 AM	07:15 PM	19:35 PM	07:05 AM	12:00 PM - 01:30 PM	07:30 AM - 09:00 AM	10:30 AM - 12:00 PM	11:55 AM - 12:45 PM	Normal Day
2030-09-05	Thursday	Bhadrapada	Krishna Paksha	Trayodashi (up to 14:08)	Anuradha	Vyatipat	Vanija	05:35 AM	07:15 PM	20:52 PM	08:28 AM	01:30 PM - 03:00 PM	06:00 AM - 07:30 AM	09:00 AM - 10:30 AM	11:55 AM - 12:45 PM	Pradosh Vrat
2030-09-06	Friday	Bhadrapada	Krishna Paksha	Chaturdashi (up to 21:21)	Jyeshtha	Variyan	Vishti	05:35 AM	07:15 PM	21:09 PM	09:51 AM	10:30 AM - 12:00 PM	03:00 PM - 04:30 PM	07:30 AM - 09:00 AM	11:55 AM - 12:45 PM	Normal Day
2030-09-07	Saturday	Bhadrapada	Krishna Paksha	Purnima (up to 20:34)	Mula	Parigha	Bava	05:35 AM	07:15 PM	22:26 PM	10:14 AM	09:00 AM - 10:30 AM	01:30 PM - 03:00 PM	06:00 AM - 07:30 AM	11:55 AM - 12:45 PM	Amavasya (Pitru Tarpan)
2030-09-08	Sunday	Ashvina	Shukla Paksha	Pratipada (up to 19:47)	Purva Ashadha	Shiva	Balava	05:35 AM	07:15 PM	06:43 AM	18:37 PM	04:30 PM - 06:00 PM	12:00 PM - 01:30 PM	03:00 PM - 04:30 PM	11:55 AM - 12:45 PM	Sharad Navratri Ghatasthapana
2030-09-09	Monday	Ashvina	Shukla Paksha	Dwitiya (up to 18:00)	Uttara Ashadha	Siddha	Kaulava	05:35 AM	07:15 PM	07:00 AM	19:00 PM	07:30 AM - 09:00 AM	10:30 AM - 12:00 PM	01:30 PM - 03:00 PM	11:55 AM - 12:45 PM	Normal Day
2030-09-10	Tuesday	Ashvina	Shukla Paksha	Tritiya (up to 17:13)	Shravana	Sadhya	Taitila	05:35 AM	07:15 PM	08:17 AM	20:23 PM	03:00 PM - 04:30 PM	09:00 AM - 10:30 AM	12:00 PM - 01:30 PM	11:55 AM - 12:45 PM	Normal Day
2030-09-11	Wednesday	Ashvina	Shukla Paksha	Chaturthi (up to 16:26)	Dhanishta	Shubha	Garaja	05:35 AM	07:15 PM	09:34 AM	21:46 PM	12:00 PM - 01:30 PM	07:30 AM - 09:00 AM	10:30 AM - 12:00 PM	11:55 AM - 12:45 PM	Normal Day
2030-09-12	Thursday	Ashvina	Shukla Paksha	Panchami (up to 15:39)	Shatabhisha	Shukla	Vanija	05:35 AM	07:15 PM	10:51 AM	22:09 PM	01:30 PM - 03:00 PM	06:00 AM - 07:30 AM	09:00 AM - 10:30 AM	11:55 AM - 12:45 PM	Normal Day
2030-09-13	Friday	Ashvina	Shukla Paksha	Shasthi (up to 14:52)	Purva Bhadrapada	Brahma	Vishti	05:35 AM	07:15 PM	12:08 PM	00:32 AM	10:30 AM - 12:00 PM	03:00 PM - 04:30 PM	07:30 AM - 09:00 AM	11:55 AM - 12:45 PM	Normal Day
2030-09-14	Saturday	Ashvina	Shukla Paksha	Saptami (up to 21:05)	Uttara Bhadrapada	Indra	Bava	05:35 AM	07:15 PM	13:25 PM	01:55 AM	09:00 AM - 10:30 AM	01:30 PM - 03:00 PM	06:00 AM - 07:30 AM	11:55 AM - 12:45 PM	Normal Day
2030-09-15	Sunday	Ashvina	Shukla Paksha	Ashtami (up to 20:18)	Revati	Vaidhriti	Balava	05:35 AM	07:15 PM	14:42 PM	02:18 AM	04:30 PM - 06:00 PM	12:00 PM - 01:30 PM	03:00 PM - 04:30 PM	11:55 AM - 12:45 PM	Maha Durgashtami
2030-09-16	Monday	Ashvina	Shukla Paksha	Navami (up to 19:31)	Ashwini	Vishkambha	Kaulava	05:35 AM	07:15 PM	15:59 PM	03:41 AM	07:30 AM - 09:00 AM	10:30 AM - 12:00 PM	01:30 PM - 03:00 PM	11:55 AM - 12:45 PM	Maha Navami / Kanya Pujan
2030-09-17	Tuesday	Ashvina	Shukla Paksha	Dashami (up to 18:44)	Bharani	Priti	Taitila	05:35 AM	07:15 PM	16:16 PM	04:04 AM	03:00 PM - 04:30 PM	09:00 AM - 10:30 AM	12:00 PM - 01:30 PM	11:55 AM - 12:45 PM	Dussehra / Vijayadashami
2030-09-18	Wednesday	Ashvina	Shukla Paksha	Ekadashi (up to 17:57)	Krittika	Ayushman	Garaja	05:35 AM	07:15 PM	18:33 PM	06:27 AM	12:00 PM - 01:30 PM	07:30 AM - 09:00 AM	10:30 AM - 12:00 PM	11:55 AM - 12:45 PM	Papankusha Ekadashi Vrat
2030-09-19	Thursday	Ashvina	Shukla Paksha	Dwadashi (up to 16:10)	Rohini	Saubhagya	Vanija	05:35 AM	07:15 PM	19:50 PM	07:50 AM	01:30 PM - 03:00 PM	06:00 AM - 07:30 AM	09:00 AM - 10:30 AM	11:55 AM - 12:45 PM	Normal Day
2030-09-20	Friday	Ashvina	Shukla Paksha	Trayodashi (up to 15:23)	Mrigashira	Sobhana	Vishti	05:35 AM	07:15 PM	20:07 PM	08:13 AM	10:30 AM - 12:00 PM	03:00 PM - 04:30 PM	07:30 AM - 09:00 AM	11:55 AM - 12:45 PM	Pradosh Vrat
2030-09-21	Saturday	Ashvina	Shukla Paksha	Chaturdashi (up to 14:36)	Ardra	Atiganda	Bava	05:35 AM	07:15 PM	21:24 PM	09:36 AM	09:00 AM - 10:30 AM	01:30 PM - 03:00 PM	06:00 AM - 07:30 AM	11:55 AM - 12:45 PM	Normal Day
2030-09-22	Sunday	Ashvina	Shukla Paksha	Purnima (up to 21:49)	Punarvasu	Sukarma	Balava	05:35 AM	07:15 PM	22:41 PM	10:59 AM	04:30 PM - 06:00 PM	12:00 PM - 01:30 PM	03:00 PM - 04:30 PM	11:55 AM - 12:45 PM	Purnima Vrat & Satyanarayan Puja
2030-09-23	Monday	Ashvina	Krishna Paksha	Pratipada (up to 20:02)	Pushya	Dhriti	Kaulava	05:35 AM	07:15 PM	06:58 AM	18:22 PM	07:30 AM - 09:00 AM	10:30 AM - 12:00 PM	01:30 PM - 03:00 PM	11:55 AM - 12:45 PM	Normal Day
2030-09-24	Tuesday	Ashvina	Krishna Paksha	Dwitiya (up to 19:15)	Ashlesha	Shool	Taitila	05:35 AM	07:15 PM	07:15 AM	19:45 PM	03:00 PM - 04:30 PM	09:00 AM - 10:30 AM	12:00 PM - 01:30 PM	11:55 AM - 12:45 PM	Normal Day
2030-09-25	Wednesday	Ashvina	Krishna Paksha	Tritiya (up to 18:28)	Magha	Ganda	Garaja	05:35 AM	07:15 PM	08:32 AM	20:08 PM	12:00 PM - 01:30 PM	07:30 AM - 09:00 AM	10:30 AM - 12:00 PM	11:55 AM - 12:45 PM	Normal Day
2030-09-26	Thursday	Ashvina	Krishna Paksha	Chaturthi (up to 17:41)	Purva Phalguni	Vriddhi	Vanija	05:35 AM	07:15 PM	09:49 AM	21:31 PM	01:30 PM - 03:00 PM	06:00 AM - 07:30 AM	09:00 AM - 10:30 AM	11:55 AM - 12:45 PM	Sankashti Chaturthi Vrat
2030-09-27	Friday	Ashvina	Krishna Paksha	Panchami (up to 16:54)	Uttara Phalguni	Dhruva	Vishti	05:35 AM	07:15 PM	10:06 AM	22:54 PM	10:30 AM - 12:00 PM	03:00 PM - 04:30 PM	07:30 AM - 09:00 AM	11:55 AM - 12:45 PM	Normal Day
2030-09-28	Saturday	Ashvina	Krishna Paksha	Shasthi (up to 15:07)	Hasta	Vyaghat	Bava	05:35 AM	07:15 PM	12:23 PM	00:17 AM	09:00 AM - 10:30 AM	01:30 PM - 03:00 PM	06:00 AM - 07:30 AM	11:55 AM - 12:45 PM	Normal Day
2030-09-29	Sunday	Ashvina	Krishna Paksha	Saptami (up to 14:20)	Chitra	Harshan	Balava	05:35 AM	07:15 PM	13:40 PM	01:40 AM	04:30 PM - 06:00 PM	12:00 PM - 01:30 PM	03:00 PM - 04:30 PM	11:55 AM - 12:45 PM	Normal Day
2030-09-30	Monday	Ashvina	Krishna Paksha	Ashtami (up to 21:33)	Swati	Vajra	Kaulava	05:35 AM	07:15 PM	14:57 PM	02:03 AM	07:30 AM - 09:00 AM	10:30 AM - 12:00 PM	01:30 PM - 03:00 PM	11:55 AM - 12:45 PM	Normal Day
2030-10-01	Tuesday	Ashvina	Krishna Paksha	Navami (up to 20:46)	Vishakha	Siddhi	Taitila	05:42 AM	07:12 PM	15:14 PM	03:26 AM	03:00 PM - 04:30 PM	09:00 AM - 10:30 AM	12:00 PM - 01:30 PM	11:55 AM - 12:45 PM	Normal Day
2030-10-02	Wednesday	Ashvina	Krishna Paksha	Dashami (up to 19:59)	Anuradha	Vyatipat	Garaja	05:42 AM	07:12 PM	16:31 PM	04:49 AM	12:00 PM - 01:30 PM	07:30 AM - 09:00 AM	10:30 AM - 12:00 PM	11:55 AM - 12:45 PM	Normal Day
2030-10-03	Thursday	Ashvina	Krishna Paksha	Ekadashi (up to 18:12)	Jyeshtha	Variyan	Vanija	05:42 AM	07:12 PM	18:48 PM	06:12 AM	01:30 PM - 03:00 PM	06:00 AM - 07:30 AM	09:00 AM - 10:30 AM	11:55 AM - 12:45 PM	Indira Ekadashi Vrat
2030-10-04	Friday	Ashvina	Krishna Paksha	Dwadashi (up to 17:25)	Mula	Parigha	Vishti	05:42 AM	07:12 PM	19:05 PM	07:35 AM	10:30 AM - 12:00 PM	03:00 PM - 04:30 PM	07:30 AM - 09:00 AM	11:55 AM - 12:45 PM	Normal Day
2030-10-05	Saturday	Ashvina	Krishna Paksha	Trayodashi (up to 16:38)	Purva Ashadha	Shiva	Bava	05:42 AM	07:12 PM	20:22 PM	08:58 AM	09:00 AM - 10:30 AM	01:30 PM - 03:00 PM	06:00 AM - 07:30 AM	11:55 AM - 12:45 PM	Pradosh Vrat
2030-10-06	Sunday	Ashvina	Krishna Paksha	Chaturdashi (up to 15:51)	Uttara Ashadha	Siddha	Balava	05:42 AM	07:12 PM	21:39 PM	09:21 AM	04:30 PM - 06:00 PM	12:00 PM - 01:30 PM	03:00 PM - 04:30 PM	11:55 AM - 12:45 PM	Normal Day
2030-10-07	Monday	Ashvina	Krishna Paksha	Purnima (up to 14:04)	Shravana	Sadhya	Kaulava	05:42 AM	07:12 PM	22:56 PM	10:44 AM	07:30 AM - 09:00 AM	10:30 AM - 12:00 PM	01:30 PM - 03:00 PM	11:55 AM - 12:45 PM	Amavasya (Pitru Tarpan)
2030-10-08	Tuesday	Kartika	Shukla Paksha	Pratipada (up to 21:17)	Dhanishta	Shubha	Taitila	05:42 AM	07:12 PM	06:13 AM	18:07 PM	03:00 PM - 04:30 PM	09:00 AM - 10:30 AM	12:00 PM - 01:30 PM	11:55 AM - 12:45 PM	Govardhan Puja / Annakut
2030-10-09	Wednesday	Kartika	Shukla Paksha	Dwitiya (up to 20:30)	Shatabhisha	Shukla	Garaja	05:42 AM	07:12 PM	07:30 AM	19:30 PM	12:00 PM - 01:30 PM	07:30 AM - 09:00 AM	10:30 AM - 12:00 PM	11:55 AM - 12:45 PM	Bhai Dooj / Yama Dwitiya
2030-10-10	Thursday	Kartika	Shukla Paksha	Tritiya (up to 19:43)	Purva Bhadrapada	Brahma	Vanija	05:42 AM	07:12 PM	08:47 AM	20:53 PM	01:30 PM - 03:00 PM	06:00 AM - 07:30 AM	09:00 AM - 10:30 AM	11:55 AM - 12:45 PM	Normal Day
2030-10-11	Friday	Kartika	Shukla Paksha	Chaturthi (up to 18:56)	Uttara Bhadrapada	Indra	Vishti	05:42 AM	07:12 PM	09:04 AM	21:16 PM	10:30 AM - 12:00 PM	03:00 PM - 04:30 PM	07:30 AM - 09:00 AM	11:55 AM - 12:45 PM	Normal Day
2030-10-12	Saturday	Kartika	Shukla Paksha	Panchami (up to 17:09)	Revati	Vaidhriti	Bava	05:42 AM	07:12 PM	10:21 AM	22:39 PM	09:00 AM - 10:30 AM	01:30 PM - 03:00 PM	06:00 AM - 07:30 AM	11:55 AM - 12:45 PM	Normal Day
2030-10-13	Sunday	Kartika	Shukla Paksha	Shasthi (up to 16:22)	Ashwini	Vishkambha	Balava	05:42 AM	07:12 PM	12:38 PM	00:02 AM	04:30 PM - 06:00 PM	12:00 PM - 01:30 PM	03:00 PM - 04:30 PM	11:55 AM - 12:45 PM	Chhath Puja (Surya Sashthi)
2030-10-14	Monday	Kartika	Shukla Paksha	Saptami (up to 15:35)	Bharani	Priti	Kaulava	05:42 AM	07:12 PM	13:55 PM	01:25 AM	07:30 AM - 09:00 AM	10:30 AM - 12:00 PM	01:30 PM - 03:00 PM	11:55 AM - 12:45 PM	Normal Day
2030-10-15	Tuesday	Kartika	Shukla Paksha	Ashtami (up to 14:48)	Krittika	Ayushman	Taitila	05:42 AM	07:12 PM	14:12 PM	02:48 AM	03:00 PM - 04:30 PM	09:00 AM - 10:30 AM	12:00 PM - 01:30 PM	11:55 AM - 12:45 PM	Normal Day
2030-10-16	Wednesday	Kartika	Shukla Paksha	Navami (up to 21:01)	Rohini	Saubhagya	Garaja	05:42 AM	07:12 PM	15:29 PM	03:11 AM	12:00 PM - 01:30 PM	07:30 AM - 09:00 AM	10:30 AM - 12:00 PM	11:55 AM - 12:45 PM	Normal Day
2030-10-17	Thursday	Kartika	Shukla Paksha	Dashami (up to 20:14)	Mrigashira	Sobhana	Vanija	05:42 AM	07:12 PM	16:46 PM	04:34 AM	01:30 PM - 03:00 PM	06:00 AM - 07:30 AM	09:00 AM - 10:30 AM	11:55 AM - 12:45 PM	Normal Day
2030-10-18	Friday	Kartika	Shukla Paksha	Ekadashi (up to 19:27)	Ardra	Atiganda	Vishti	05:42 AM	07:12 PM	18:03 PM	06:57 AM	10:30 AM - 12:00 PM	03:00 PM - 04:30 PM	07:30 AM - 09:00 AM	11:55 AM - 12:45 PM	Dev Uthani / Prabodhini Ekadashi
2030-10-19	Saturday	Kartika	Shukla Paksha	Dwadashi (up to 18:40)	Punarvasu	Sukarma	Bava	05:42 AM	07:12 PM	19:20 PM	07:20 AM	09:00 AM - 10:30 AM	01:30 PM - 03:00 PM	06:00 AM - 07:30 AM	11:55 AM - 12:45 PM	Tulsi Vivah / Devotthan
2030-10-20	Sunday	Kartika	Shukla Paksha	Trayodashi (up to 17:53)	Pushya	Dhriti	Balava	05:42 AM	07:12 PM	20:37 PM	08:43 AM	04:30 PM - 06:00 PM	12:00 PM - 01:30 PM	03:00 PM - 04:30 PM	11:55 AM - 12:45 PM	Pradosh Vrat
2030-10-21	Monday	Kartika	Shukla Paksha	Chaturdashi (up to 16:06)	Ashlesha	Shool	Kaulava	05:42 AM	07:12 PM	21:54 PM	09:06 AM	07:30 AM - 09:00 AM	10:30 AM - 12:00 PM	01:30 PM - 03:00 PM	11:55 AM - 12:45 PM	Normal Day
2030-10-22	Tuesday	Kartika	Shukla Paksha	Purnima (up to 15:19)	Magha	Ganda	Taitila	05:42 AM	07:12 PM	22:11 PM	10:29 AM	03:00 PM - 04:30 PM	09:00 AM - 10:30 AM	12:00 PM - 01:30 PM	11:55 AM - 12:45 PM	Purnima Vrat & Satyanarayan Puja
2030-10-23	Wednesday	Kartika	Krishna Paksha	Pratipada (up to 14:32)	Purva Phalguni	Vriddhi	Garaja	05:42 AM	07:12 PM	06:28 AM	18:52 PM	12:00 PM - 01:30 PM	07:30 AM - 09:00 AM	10:30 AM - 12:00 PM	11:55 AM - 12:45 PM	Normal Day
2030-10-24	Thursday	Kartika	Krishna Paksha	Dwitiya (up to 21:45)	Uttara Phalguni	Dhruva	Vanija	05:42 AM	07:12 PM	07:45 AM	19:15 PM	01:30 PM - 03:00 PM	06:00 AM - 07:30 AM	09:00 AM - 10:30 AM	11:55 AM - 12:45 PM	Normal Day
2030-10-25	Friday	Kartika	Krishna Paksha	Tritiya (up to 20:58)	Hasta	Vyaghat	Vishti	05:42 AM	07:12 PM	08:02 AM	20:38 PM	10:30 AM - 12:00 PM	03:00 PM - 04:30 PM	07:30 AM - 09:00 AM	11:55 AM - 12:45 PM	Normal Day
2030-10-26	Saturday	Kartika	Krishna Paksha	Chaturthi (up to 19:11)	Chitra	Harshan	Bava	05:42 AM	07:12 PM	09:19 AM	21:01 PM	09:00 AM - 10:30 AM	01:30 PM - 03:00 PM	06:00 AM - 07:30 AM	11:55 AM - 12:45 PM	Karwa Chauth Vrat
2030-10-27	Sunday	Kartika	Krishna Paksha	Panchami (up to 18:24)	Swati	Vajra	Balava	05:42 AM	07:12 PM	10:36 AM	22:24 PM	04:30 PM - 06:00 PM	12:00 PM - 01:30 PM	03:00 PM - 04:30 PM	11:55 AM - 12:45 PM	Normal Day
2030-10-28	Monday	Kartika	Krishna Paksha	Shasthi (up to 17:37)	Vishakha	Siddhi	Kaulava	05:42 AM	07:12 PM	12:53 PM	00:47 AM	07:30 AM - 09:00 AM	10:30 AM - 12:00 PM	01:30 PM - 03:00 PM	11:55 AM - 12:45 PM	Normal Day
2030-10-29	Tuesday	Kartika	Krishna Paksha	Saptami (up to 16:50)	Anuradha	Vyatipat	Taitila	05:42 AM	07:12 PM	13:10 PM	01:10 AM	03:00 PM - 04:30 PM	09:00 AM - 10:30 AM	12:00 PM - 01:30 PM	11:55 AM - 12:45 PM	Normal Day
2030-10-30	Wednesday	Kartika	Krishna Paksha	Ashtami (up to 15:03)	Jyeshtha	Variyan	Garaja	05:42 AM	07:12 PM	14:27 PM	02:33 AM	12:00 PM - 01:30 PM	07:30 AM - 09:00 AM	10:30 AM - 12:00 PM	11:55 AM - 12:45 PM	Normal Day
2030-10-31	Thursday	Kartika	Krishna Paksha	Navami (up to 14:16)	Mula	Parigha	Vanija	05:42 AM	07:12 PM	15:44 PM	03:56 AM	01:30 PM - 03:00 PM	06:00 AM - 07:30 AM	09:00 AM - 10:30 AM	11:55 AM - 12:45 PM	Normal Day
2030-11-01	Friday	Kartika	Krishna Paksha	Dashami (up to 21:29)	Purva Ashadha	Shiva	Vishti	06:45 AM	05:35 PM	16:01 PM	04:19 AM	10:30 AM - 12:00 PM	03:00 PM - 04:30 PM	07:30 AM - 09:00 AM	11:55 AM - 12:45 PM	Normal Day
2030-11-02	Saturday	Kartika	Krishna Paksha	Ekadashi (up to 20:42)	Uttara Ashadha	Siddha	Bava	06:45 AM	05:35 PM	18:18 PM	06:42 AM	09:00 AM - 10:30 AM	01:30 PM - 03:00 PM	06:00 AM - 07:30 AM	11:55 AM - 12:45 PM	Rama Ekadashi Vrat
2030-11-03	Sunday	Kartika	Krishna Paksha	Dwadashi (up to 19:55)	Shravana	Sadhya	Balava	06:45 AM	05:35 PM	19:35 PM	07:05 AM	04:30 PM - 06:00 PM	12:00 PM - 01:30 PM	03:00 PM - 04:30 PM	11:55 AM - 12:45 PM	Normal Day
2030-11-04	Monday	Kartika	Krishna Paksha	Trayodashi (up to 18:08)	Dhanishta	Shubha	Kaulava	06:45 AM	05:35 PM	20:52 PM	08:28 AM	07:30 AM - 09:00 AM	10:30 AM - 12:00 PM	01:30 PM - 03:00 PM	11:55 AM - 12:45 PM	Dhanteras / Dhanvantari Jayanti
2030-11-05	Tuesday	Kartika	Krishna Paksha	Chaturdashi (up to 17:21)	Shatabhisha	Shukla	Taitila	06:45 AM	05:35 PM	21:09 PM	09:51 AM	03:00 PM - 04:30 PM	09:00 AM - 10:30 AM	12:00 PM - 01:30 PM	11:55 AM - 12:45 PM	Chhoti Diwali / Narak Chaturdashi
2030-11-06	Wednesday	Kartika	Krishna Paksha	Purnima (up to 16:34)	Purva Bhadrapada	Brahma	Garaja	06:45 AM	05:35 PM	22:26 PM	10:14 AM	12:00 PM - 01:30 PM	07:30 AM - 09:00 AM	10:30 AM - 12:00 PM	11:55 AM - 12:45 PM	Deepawali / Lakshmi Puja
2030-11-07	Thursday	Margashirsha	Shukla Paksha	Pratipada (up to 15:47)	Uttara Bhadrapada	Indra	Vanija	06:45 AM	05:35 PM	06:43 AM	18:37 PM	01:30 PM - 03:00 PM	06:00 AM - 07:30 AM	09:00 AM - 10:30 AM	11:55 AM - 12:45 PM	Normal Day
2030-11-08	Friday	Margashirsha	Shukla Paksha	Dwitiya (up to 14:00)	Revati	Vaidhriti	Vishti	06:45 AM	05:35 PM	07:00 AM	19:00 PM	10:30 AM - 12:00 PM	03:00 PM - 04:30 PM	07:30 AM - 09:00 AM	11:55 AM - 12:45 PM	Normal Day
2030-11-09	Saturday	Margashirsha	Shukla Paksha	Tritiya (up to 21:13)	Ashwini	Vishkambha	Bava	06:45 AM	05:35 PM	08:17 AM	20:23 PM	09:00 AM - 10:30 AM	01:30 PM - 03:00 PM	06:00 AM - 07:30 AM	11:55 AM - 12:45 PM	Normal Day
2030-11-10	Sunday	Margashirsha	Shukla Paksha	Chaturthi (up to 20:26)	Bharani	Priti	Balava	06:45 AM	05:35 PM	09:34 AM	21:46 PM	04:30 PM - 06:00 PM	12:00 PM - 01:30 PM	03:00 PM - 04:30 PM	11:55 AM - 12:45 PM	Normal Day
2030-11-11	Monday	Margashirsha	Shukla Paksha	Panchami (up to 19:39)	Krittika	Ayushman	Kaulava	06:45 AM	05:35 PM	10:51 AM	22:09 PM	07:30 AM - 09:00 AM	10:30 AM - 12:00 PM	01:30 PM - 03:00 PM	11:55 AM - 12:45 PM	Normal Day
2030-11-12	Tuesday	Margashirsha	Shukla Paksha	Shasthi (up to 18:52)	Rohini	Saubhagya	Taitila	06:45 AM	05:35 PM	12:08 PM	00:32 AM	03:00 PM - 04:30 PM	09:00 AM - 10:30 AM	12:00 PM - 01:30 PM	11:55 AM - 12:45 PM	Normal Day
2030-11-13	Wednesday	Margashirsha	Shukla Paksha	Saptami (up to 17:05)	Mrigashira	Sobhana	Garaja	06:45 AM	05:35 PM	13:25 PM	01:55 AM	12:00 PM - 01:30 PM	07:30 AM - 09:00 AM	10:30 AM - 12:00 PM	11:55 AM - 12:45 PM	Normal Day
2030-11-14	Thursday	Margashirsha	Shukla Paksha	Ashtami (up to 16:18)	Ardra	Atiganda	Vanija	06:45 AM	05:35 PM	14:42 PM	02:18 AM	01:30 PM - 03:00 PM	06:00 AM - 07:30 AM	09:00 AM - 10:30 AM	11:55 AM - 12:45 PM	Normal Day
2030-11-15	Friday	Margashirsha	Shukla Paksha	Navami (up to 15:31)	Punarvasu	Sukarma	Vishti	06:45 AM	05:35 PM	15:59 PM	03:41 AM	10:30 AM - 12:00 PM	03:00 PM - 04:30 PM	07:30 AM - 09:00 AM	11:55 AM - 12:45 PM	Normal Day
2030-11-16	Saturday	Margashirsha	Shukla Paksha	Dashami (up to 14:44)	Pushya	Dhriti	Bava	06:45 AM	05:35 PM	16:16 PM	04:04 AM	09:00 AM - 10:30 AM	01:30 PM - 03:00 PM	06:00 AM - 07:30 AM	11:55 AM - 12:45 PM	Normal Day
2030-11-17	Sunday	Margashirsha	Shukla Paksha	Ekadashi (up to 21:57)	Ashlesha	Shool	Balava	06:45 AM	05:35 PM	18:33 PM	06:27 AM	04:30 PM - 06:00 PM	12:00 PM - 01:30 PM	03:00 PM - 04:30 PM	11:55 AM - 12:45 PM	Gita Jayanti / Mokshada Ekadashi
2030-11-18	Monday	Margashirsha	Shukla Paksha	Dwadashi (up to 20:10)	Magha	Ganda	Kaulava	06:45 AM	05:35 PM	19:50 PM	07:50 AM	07:30 AM - 09:00 AM	10:30 AM - 12:00 PM	01:30 PM - 03:00 PM	11:55 AM - 12:45 PM	Normal Day
2030-11-19	Tuesday	Margashirsha	Shukla Paksha	Trayodashi (up to 19:23)	Purva Phalguni	Vriddhi	Taitila	06:45 AM	05:35 PM	20:07 PM	08:13 AM	03:00 PM - 04:30 PM	09:00 AM - 10:30 AM	12:00 PM - 01:30 PM	11:55 AM - 12:45 PM	Pradosh Vrat
2030-11-20	Wednesday	Margashirsha	Shukla Paksha	Chaturdashi (up to 18:36)	Uttara Phalguni	Dhruva	Garaja	06:45 AM	05:35 PM	21:24 PM	09:36 AM	12:00 PM - 01:30 PM	07:30 AM - 09:00 AM	10:30 AM - 12:00 PM	11:55 AM - 12:45 PM	Normal Day
2030-11-21	Thursday	Margashirsha	Shukla Paksha	Purnima (up to 17:49)	Hasta	Vyaghat	Vanija	06:45 AM	05:35 PM	22:41 PM	10:59 AM	01:30 PM - 03:00 PM	06:00 AM - 07:30 AM	09:00 AM - 10:30 AM	11:55 AM - 12:45 PM	Purnima Vrat & Satyanarayan Puja
2030-11-22	Friday	Margashirsha	Krishna Paksha	Pratipada (up to 16:02)	Chitra	Harshan	Vishti	06:45 AM	05:35 PM	06:58 AM	18:22 PM	10:30 AM - 12:00 PM	03:00 PM - 04:30 PM	07:30 AM - 09:00 AM	11:55 AM - 12:45 PM	Normal Day
2030-11-23	Saturday	Margashirsha	Krishna Paksha	Dwitiya (up to 15:15)	Swati	Vajra	Bava	06:45 AM	05:35 PM	07:15 AM	19:45 PM	09:00 AM - 10:30 AM	01:30 PM - 03:00 PM	06:00 AM - 07:30 AM	11:55 AM - 12:45 PM	Normal Day
2030-11-24	Sunday	Margashirsha	Krishna Paksha	Tritiya (up to 14:28)	Vishakha	Siddhi	Balava	06:45 AM	05:35 PM	08:32 AM	20:08 PM	04:30 PM - 06:00 PM	12:00 PM - 01:30 PM	03:00 PM - 04:30 PM	11:55 AM - 12:45 PM	Normal Day
2030-11-25	Monday	Margashirsha	Krishna Paksha	Chaturthi (up to 21:41)	Anuradha	Vyatipat	Kaulava	06:45 AM	05:35 PM	09:49 AM	21:31 PM	07:30 AM - 09:00 AM	10:30 AM - 12:00 PM	01:30 PM - 03:00 PM	11:55 AM - 12:45 PM	Sankashti Chaturthi Vrat
2030-11-26	Tuesday	Margashirsha	Krishna Paksha	Panchami (up to 20:54)	Jyeshtha	Variyan	Taitila	06:45 AM	05:35 PM	10:06 AM	22:54 PM	03:00 PM - 04:30 PM	09:00 AM - 10:30 AM	12:00 PM - 01:30 PM	11:55 AM - 12:45 PM	Normal Day
2030-11-27	Wednesday	Margashirsha	Krishna Paksha	Shasthi (up to 19:07)	Mula	Parigha	Garaja	06:45 AM	05:35 PM	12:23 PM	00:17 AM	12:00 PM - 01:30 PM	07:30 AM - 09:00 AM	10:30 AM - 12:00 PM	11:55 AM - 12:45 PM	Normal Day
2030-11-28	Thursday	Margashirsha	Krishna Paksha	Saptami (up to 18:20)	Purva Ashadha	Shiva	Vanija	06:45 AM	05:35 PM	13:40 PM	01:40 AM	01:30 PM - 03:00 PM	06:00 AM - 07:30 AM	09:00 AM - 10:30 AM	11:55 AM - 12:45 PM	Normal Day
2030-11-29	Friday	Margashirsha	Krishna Paksha	Ashtami (up to 17:33)	Uttara Ashadha	Siddha	Vishti	06:45 AM	05:35 PM	14:57 PM	02:03 AM	10:30 AM - 12:00 PM	03:00 PM - 04:30 PM	07:30 AM - 09:00 AM	11:55 AM - 12:45 PM	Normal Day
2030-11-30	Saturday	Margashirsha	Krishna Paksha	Navami (up to 16:46)	Shravana	Sadhya	Bava	06:45 AM	05:35 PM	15:14 PM	03:26 AM	09:00 AM - 10:30 AM	01:30 PM - 03:00 PM	06:00 AM - 07:30 AM	11:55 AM - 12:45 PM	Normal Day
2030-12-01	Sunday	Margashirsha	Krishna Paksha	Dashami (up to 15:59)	Dhanishta	Shubha	Balava	06:45 AM	05:35 PM	16:31 PM	04:49 AM	04:30 PM - 06:00 PM	12:00 PM - 01:30 PM	03:00 PM - 04:30 PM	11:55 AM - 12:45 PM	Normal Day
2030-12-02	Monday	Margashirsha	Krishna Paksha	Ekadashi (up to 14:12)	Shatabhisha	Shukla	Kaulava	06:45 AM	05:35 PM	18:48 PM	06:12 AM	07:30 AM - 09:00 AM	10:30 AM - 12:00 PM	01:30 PM - 03:00 PM	11:55 AM - 12:45 PM	Utpanna Ekadashi Vrat
2030-12-03	Tuesday	Margashirsha	Krishna Paksha	Dwadashi (up to 21:25)	Purva Bhadrapada	Brahma	Taitila	06:45 AM	05:35 PM	19:05 PM	07:35 AM	03:00 PM - 04:30 PM	09:00 AM - 10:30 AM	12:00 PM - 01:30 PM	11:55 AM - 12:45 PM	Normal Day
2030-12-04	Wednesday	Margashirsha	Krishna Paksha	Trayodashi (up to 20:38)	Uttara Bhadrapada	Indra	Garaja	06:45 AM	05:35 PM	20:22 PM	08:58 AM	12:00 PM - 01:30 PM	07:30 AM - 09:00 AM	10:30 AM - 12:00 PM	11:55 AM - 12:45 PM	Pradosh Vrat
2030-12-05	Thursday	Margashirsha	Krishna Paksha	Chaturdashi (up to 19:51)	Revati	Vaidhriti	Vanija	06:45 AM	05:35 PM	21:39 PM	09:21 AM	01:30 PM - 03:00 PM	06:00 AM - 07:30 AM	09:00 AM - 10:30 AM	11:55 AM - 12:45 PM	Normal Day
2030-12-06	Friday	Margashirsha	Krishna Paksha	Purnima (up to 18:04)	Ashwini	Vishkambha	Vishti	06:45 AM	05:35 PM	22:56 PM	10:44 AM	10:30 AM - 12:00 PM	03:00 PM - 04:30 PM	07:30 AM - 09:00 AM	11:55 AM - 12:45 PM	Amavasya (Pitru Tarpan)
2030-12-07	Saturday	Pausha	Shukla Paksha	Pratipada (up to 17:17)	Bharani	Priti	Bava	06:45 AM	05:35 PM	06:13 AM	18:07 PM	09:00 AM - 10:30 AM	01:30 PM - 03:00 PM	06:00 AM - 07:30 AM	11:55 AM - 12:45 PM	Normal Day
2030-12-08	Sunday	Pausha	Shukla Paksha	Dwitiya (up to 16:30)	Krittika	Ayushman	Balava	06:45 AM	05:35 PM	07:30 AM	19:30 PM	04:30 PM - 06:00 PM	12:00 PM - 01:30 PM	03:00 PM - 04:30 PM	11:55 AM - 12:45 PM	Normal Day
2030-12-09	Monday	Pausha	Shukla Paksha	Tritiya (up to 15:43)	Rohini	Saubhagya	Kaulava	06:45 AM	05:35 PM	08:47 AM	20:53 PM	07:30 AM - 09:00 AM	10:30 AM - 12:00 PM	01:30 PM - 03:00 PM	11:55 AM - 12:45 PM	Normal Day
2030-12-10	Tuesday	Pausha	Shukla Paksha	Chaturthi (up to 14:56)	Mrigashira	Sobhana	Taitila	06:45 AM	05:35 PM	09:04 AM	21:16 PM	03:00 PM - 04:30 PM	09:00 AM - 10:30 AM	12:00 PM - 01:30 PM	11:55 AM - 12:45 PM	Normal Day
2030-12-11	Wednesday	Pausha	Shukla Paksha	Panchami (up to 21:09)	Ardra	Atiganda	Garaja	06:45 AM	05:35 PM	10:21 AM	22:39 PM	12:00 PM - 01:30 PM	07:30 AM - 09:00 AM	10:30 AM - 12:00 PM	11:55 AM - 12:45 PM	Normal Day
2030-12-12	Thursday	Pausha	Shukla Paksha	Shasthi (up to 20:22)	Punarvasu	Sukarma	Vanija	06:45 AM	05:35 PM	12:38 PM	00:02 AM	01:30 PM - 03:00 PM	06:00 AM - 07:30 AM	09:00 AM - 10:30 AM	11:55 AM - 12:45 PM	Normal Day
2030-12-13	Friday	Pausha	Shukla Paksha	Saptami (up to 19:35)	Pushya	Dhriti	Vishti	06:45 AM	05:35 PM	13:55 PM	01:25 AM	10:30 AM - 12:00 PM	03:00 PM - 04:30 PM	07:30 AM - 09:00 AM	11:55 AM - 12:45 PM	Normal Day
2030-12-14	Saturday	Pausha	Shukla Paksha	Ashtami (up to 18:48)	Ashlesha	Shool	Bava	06:45 AM	05:35 PM	14:12 PM	02:48 AM	09:00 AM - 10:30 AM	01:30 PM - 03:00 PM	06:00 AM - 07:30 AM	11:55 AM - 12:45 PM	Normal Day
2030-12-15	Sunday	Pausha	Shukla Paksha	Navami (up to 17:01)	Magha	Ganda	Balava	06:45 AM	05:35 PM	15:29 PM	03:11 AM	04:30 PM - 06:00 PM	12:00 PM - 01:30 PM	03:00 PM - 04:30 PM	11:55 AM - 12:45 PM	Normal Day
2030-12-16	Monday	Pausha	Shukla Paksha	Dashami (up to 16:14)	Purva Phalguni	Vriddhi	Kaulava	06:45 AM	05:35 PM	16:46 PM	04:34 AM	07:30 AM - 09:00 AM	10:30 AM - 12:00 PM	01:30 PM - 03:00 PM	11:55 AM - 12:45 PM	Normal Day
2030-12-17	Tuesday	Pausha	Shukla Paksha	Ekadashi (up to 15:27)	Uttara Phalguni	Dhruva	Taitila	06:45 AM	05:35 PM	18:03 PM	06:57 AM	03:00 PM - 04:30 PM	09:00 AM - 10:30 AM	12:00 PM - 01:30 PM	11:55 AM - 12:45 PM	Pausha Putrada Ekadashi Vrat
2030-12-18	Wednesday	Pausha	Shukla Paksha	Dwadashi (up to 14:40)	Hasta	Vyaghat	Garaja	06:45 AM	05:35 PM	19:20 PM	07:20 AM	12:00 PM - 01:30 PM	07:30 AM - 09:00 AM	10:30 AM - 12:00 PM	11:55 AM - 12:45 PM	Normal Day
2030-12-19	Thursday	Pausha	Shukla Paksha	Trayodashi (up to 21:53)	Chitra	Harshan	Vanija	06:45 AM	05:35 PM	20:37 PM	08:43 AM	01:30 PM - 03:00 PM	06:00 AM - 07:30 AM	09:00 AM - 10:30 AM	11:55 AM - 12:45 PM	Pradosh Vrat
2030-12-20	Friday	Pausha	Shukla Paksha	Chaturdashi (up to 20:06)	Swati	Vajra	Vishti	06:45 AM	05:35 PM	21:54 PM	09:06 AM	10:30 AM - 12:00 PM	03:00 PM - 04:30 PM	07:30 AM - 09:00 AM	11:55 AM - 12:45 PM	Normal Day
2030-12-21	Saturday	Pausha	Shukla Paksha	Purnima (up to 19:19)	Vishakha	Siddhi	Bava	06:45 AM	05:35 PM	22:11 PM	10:29 AM	09:00 AM - 10:30 AM	01:30 PM - 03:00 PM	06:00 AM - 07:30 AM	11:55 AM - 12:45 PM	Purnima Vrat & Satyanarayan Puja
2030-12-22	Sunday	Pausha	Krishna Paksha	Pratipada (up to 18:32)	Anuradha	Vyatipat	Balava	06:45 AM	05:35 PM	06:28 AM	18:52 PM	04:30 PM - 06:00 PM	12:00 PM - 01:30 PM	03:00 PM - 04:30 PM	11:55 AM - 12:45 PM	Normal Day
2030-12-23	Monday	Pausha	Krishna Paksha	Dwitiya (up to 17:45)	Jyeshtha	Variyan	Kaulava	06:45 AM	05:35 PM	07:45 AM	19:15 PM	07:30 AM - 09:00 AM	10:30 AM - 12:00 PM	01:30 PM - 03:00 PM	11:55 AM - 12:45 PM	Normal Day
2030-12-24	Tuesday	Pausha	Krishna Paksha	Tritiya (up to 16:58)	Mula	Parigha	Taitila	06:45 AM	05:35 PM	08:02 AM	20:38 PM	03:00 PM - 04:30 PM	09:00 AM - 10:30 AM	12:00 PM - 01:30 PM	11:55 AM - 12:45 PM	Normal Day
2030-12-25	Wednesday	Pausha	Krishna Paksha	Chaturthi (up to 15:11)	Purva Ashadha	Shiva	Garaja	06:45 AM	05:35 PM	09:19 AM	21:01 PM	12:00 PM - 01:30 PM	07:30 AM - 09:00 AM	10:30 AM - 12:00 PM	11:55 AM - 12:45 PM	Sankashti Chaturthi Vrat
2030-12-26	Thursday	Pausha	Krishna Paksha	Panchami (up to 14:24)	Uttara Ashadha	Siddha	Vanija	06:45 AM	05:35 PM	10:36 AM	22:24 PM	01:30 PM - 03:00 PM	06:00 AM - 07:30 AM	09:00 AM - 10:30 AM	11:55 AM - 12:45 PM	Normal Day
2030-12-27	Friday	Pausha	Krishna Paksha	Shasthi (up to 21:37)	Shravana	Sadhya	Vishti	06:45 AM	05:35 PM	12:53 PM	00:47 AM	10:30 AM - 12:00 PM	03:00 PM - 04:30 PM	07:30 AM - 09:00 AM	11:55 AM - 12:45 PM	Normal Day
2030-12-28	Saturday	Pausha	Krishna Paksha	Saptami (up to 20:50)	Dhanishta	Shubha	Bava	06:45 AM	05:35 PM	13:10 PM	01:10 AM	09:00 AM - 10:30 AM	01:30 PM - 03:00 PM	06:00 AM - 07:30 AM	11:55 AM - 12:45 PM	Normal Day
2030-12-29	Sunday	Pausha	Krishna Paksha	Ashtami (up to 19:03)	Shatabhisha	Shukla	Balava	06:45 AM	05:35 PM	14:27 PM	02:33 AM	04:30 PM - 06:00 PM	12:00 PM - 01:30 PM	03:00 PM - 04:30 PM	11:55 AM - 12:45 PM	Normal Day
2030-12-30	Monday	Pausha	Krishna Paksha	Navami (up to 18:16)	Purva Bhadrapada	Brahma	Kaulava	06:45 AM	05:35 PM	15:44 PM	03:56 AM	07:30 AM - 09:00 AM	10:30 AM - 12:00 PM	01:30 PM - 03:00 PM	11:55 AM - 12:45 PM	Normal Day
2030-12-31	Tuesday	Pausha	Krishna Paksha	Dashami (up to 17:29)	Uttara Bhadrapada	Indra	Taitila	06:45 AM	05:35 PM	16:01 PM	04:19 AM	03:00 PM - 04:30 PM	09:00 AM - 10:30 AM	12:00 PM - 01:30 PM	11:55 AM - 12:45 PM	Normal Day
2031-01-01	Wednesday	Pausha	Krishna Paksha	Ekadashi (up to 16:42)	Revati	Vaidhriti	Garaja	06:45 AM	05:35 PM	18:18 PM	06:42 AM	12:00 PM - 01:30 PM	07:30 AM - 09:00 AM	10:30 AM - 12:00 PM	11:55 AM - 12:45 PM	Saphala Ekadashi Vrat
2031-01-02	Thursday	Pausha	Krishna Paksha	Dwadashi (up to 15:55)	Ashwini	Vishkambha	Vanija	06:45 AM	05:35 PM	19:35 PM	07:05 AM	01:30 PM - 03:00 PM	06:00 AM - 07:30 AM	09:00 AM - 10:30 AM	11:55 AM - 12:45 PM	Normal Day
2031-01-03	Friday	Pausha	Krishna Paksha	Trayodashi (up to 14:08)	Bharani	Priti	Vishti	06:45 AM	05:35 PM	20:52 PM	08:28 AM	10:30 AM - 12:00 PM	03:00 PM - 04:30 PM	07:30 AM - 09:00 AM	11:55 AM - 12:45 PM	Pradosh Vrat
2031-01-04	Saturday	Pausha	Krishna Paksha	Chaturdashi (up to 21:21)	Krittika	Ayushman	Bava	06:45 AM	05:35 PM	21:09 PM	09:51 AM	09:00 AM - 10:30 AM	01:30 PM - 03:00 PM	06:00 AM - 07:30 AM	11:55 AM - 12:45 PM	Normal Day
2031-01-05	Sunday	Pausha	Krishna Paksha	Purnima (up to 20:34)	Rohini	Saubhagya	Balava	06:45 AM	05:35 PM	22:26 PM	10:14 AM	04:30 PM - 06:00 PM	12:00 PM - 01:30 PM	03:00 PM - 04:30 PM	11:55 AM - 12:45 PM	Amavasya (Pitru Tarpan)
2031-01-06	Monday	Magha	Shukla Paksha	Pratipada (up to 19:47)	Mrigashira	Sobhana	Kaulava	06:45 AM	05:35 PM	06:43 AM	18:37 PM	07:30 AM - 09:00 AM	10:30 AM - 12:00 PM	01:30 PM - 03:00 PM	11:55 AM - 12:45 PM	Normal Day
2031-01-07	Tuesday	Magha	Shukla Paksha	Dwitiya (up to 18:00)	Ardra	Atiganda	Taitila	06:45 AM	05:35 PM	07:00 AM	19:00 PM	03:00 PM - 04:30 PM	09:00 AM - 10:30 AM	12:00 PM - 01:30 PM	11:55 AM - 12:45 PM	Normal Day
2031-01-08	Wednesday	Magha	Shukla Paksha	Tritiya (up to 17:13)	Punarvasu	Sukarma	Garaja	06:45 AM	05:35 PM	08:17 AM	20:23 PM	12:00 PM - 01:30 PM	07:30 AM - 09:00 AM	10:30 AM - 12:00 PM	11:55 AM - 12:45 PM	Normal Day
2031-01-09	Thursday	Magha	Shukla Paksha	Chaturthi (up to 16:26)	Pushya	Dhriti	Vanija	06:45 AM	05:35 PM	09:34 AM	21:46 PM	01:30 PM - 03:00 PM	06:00 AM - 07:30 AM	09:00 AM - 10:30 AM	11:55 AM - 12:45 PM	Normal Day
2031-01-10	Friday	Magha	Shukla Paksha	Panchami (up to 15:39)	Ashlesha	Shool	Vishti	06:45 AM	05:35 PM	10:51 AM	22:09 PM	10:30 AM - 12:00 PM	03:00 PM - 04:30 PM	07:30 AM - 09:00 AM	11:55 AM - 12:45 PM	Vasant Panchami / Saraswati Puja
2031-01-11	Saturday	Magha	Shukla Paksha	Shasthi (up to 14:52)	Magha	Ganda	Bava	06:45 AM	05:35 PM	12:08 PM	00:32 AM	09:00 AM - 10:30 AM	01:30 PM - 03:00 PM	06:00 AM - 07:30 AM	11:55 AM - 12:45 PM	Normal Day
2031-01-12	Sunday	Magha	Shukla Paksha	Saptami (up to 21:05)	Purva Phalguni	Vriddhi	Balava	06:45 AM	05:35 PM	13:25 PM	01:55 AM	04:30 PM - 06:00 PM	12:00 PM - 01:30 PM	03:00 PM - 04:30 PM	11:55 AM - 12:45 PM	Normal Day
2031-01-13	Monday	Magha	Shukla Paksha	Ashtami (up to 20:18)	Uttara Phalguni	Dhruva	Kaulava	06:45 AM	05:35 PM	14:42 PM	02:18 AM	07:30 AM - 09:00 AM	10:30 AM - 12:00 PM	01:30 PM - 03:00 PM	11:55 AM - 12:45 PM	Normal Day
2031-01-14	Tuesday	Magha	Shukla Paksha	Navami (up to 19:31)	Hasta	Vyaghat	Taitila	06:45 AM	05:35 PM	15:59 PM	03:41 AM	03:00 PM - 04:30 PM	09:00 AM - 10:30 AM	12:00 PM - 01:30 PM	11:55 AM - 12:45 PM	Makar Sankranti
2031-01-15	Wednesday	Magha	Shukla Paksha	Dashami (up to 18:44)	Chitra	Harshan	Garaja	06:45 AM	05:35 PM	16:16 PM	04:04 AM	12:00 PM - 01:30 PM	07:30 AM - 09:00 AM	10:30 AM - 12:00 PM	11:55 AM - 12:45 PM	Makar Sankranti
2031-01-16	Thursday	Magha	Shukla Paksha	Ekadashi (up to 17:57)	Swati	Vajra	Vanija	06:45 AM	05:35 PM	18:33 PM	06:27 AM	01:30 PM - 03:00 PM	06:00 AM - 07:30 AM	09:00 AM - 10:30 AM	11:55 AM - 12:45 PM	Jaya Ekadashi Vrat
2031-01-17	Friday	Magha	Shukla Paksha	Dwadashi (up to 16:10)	Vishakha	Siddhi	Vishti	06:45 AM	05:35 PM	19:50 PM	07:50 AM	10:30 AM - 12:00 PM	03:00 PM - 04:30 PM	07:30 AM - 09:00 AM	11:55 AM - 12:45 PM	Normal Day
2031-01-18	Saturday	Magha	Shukla Paksha	Trayodashi (up to 15:23)	Anuradha	Vyatipat	Bava	06:45 AM	05:35 PM	20:07 PM	08:13 AM	09:00 AM - 10:30 AM	01:30 PM - 03:00 PM	06:00 AM - 07:30 AM	11:55 AM - 12:45 PM	Pradosh Vrat
2031-01-19	Sunday	Magha	Shukla Paksha	Chaturdashi (up to 14:36)	Jyeshtha	Variyan	Balava	06:45 AM	05:35 PM	21:24 PM	09:36 AM	04:30 PM - 06:00 PM	12:00 PM - 01:30 PM	03:00 PM - 04:30 PM	11:55 AM - 12:45 PM	Normal Day
2031-01-20	Monday	Magha	Shukla Paksha	Purnima (up to 21:49)	Mula	Parigha	Kaulava	06:45 AM	05:35 PM	22:41 PM	10:59 AM	07:30 AM - 09:00 AM	10:30 AM - 12:00 PM	01:30 PM - 03:00 PM	11:55 AM - 12:45 PM	Purnima Vrat & Satyanarayan Puja
2031-01-21	Tuesday	Magha	Krishna Paksha	Pratipada (up to 20:02)	Purva Ashadha	Shiva	Taitila	06:45 AM	05:35 PM	06:58 AM	18:22 PM	03:00 PM - 04:30 PM	09:00 AM - 10:30 AM	12:00 PM - 01:30 PM	11:55 AM - 12:45 PM	Normal Day
2031-01-22	Wednesday	Magha	Krishna Paksha	Dwitiya (up to 19:15)	Uttara Ashadha	Siddha	Garaja	06:45 AM	05:35 PM	07:15 AM	19:45 PM	12:00 PM - 01:30 PM	07:30 AM - 09:00 AM	10:30 AM - 12:00 PM	11:55 AM - 12:45 PM	Normal Day
2031-01-23	Thursday	Magha	Krishna Paksha	Tritiya (up to 18:28)	Shravana	Sadhya	Vanija	06:45 AM	05:35 PM	08:32 AM	20:08 PM	01:30 PM - 03:00 PM	06:00 AM - 07:30 AM	09:00 AM - 10:30 AM	11:55 AM - 12:45 PM	Normal Day
2031-01-24	Friday	Magha	Krishna Paksha	Chaturthi (up to 17:41)	Dhanishta	Shubha	Vishti	06:45 AM	05:35 PM	09:49 AM	21:31 PM	10:30 AM - 12:00 PM	03:00 PM - 04:30 PM	07:30 AM - 09:00 AM	11:55 AM - 12:45 PM	Sankashti Chaturthi Vrat
2031-01-25	Saturday	Magha	Krishna Paksha	Panchami (up to 16:54)	Shatabhisha	Shukla	Bava	06:45 AM	05:35 PM	10:06 AM	22:54 PM	09:00 AM - 10:30 AM	01:30 PM - 03:00 PM	06:00 AM - 07:30 AM	11:55 AM - 12:45 PM	Normal Day
2031-01-26	Sunday	Magha	Krishna Paksha	Shasthi (up to 15:07)	Purva Bhadrapada	Brahma	Balava	06:45 AM	05:35 PM	12:23 PM	00:17 AM	04:30 PM - 06:00 PM	12:00 PM - 01:30 PM	03:00 PM - 04:30 PM	11:55 AM - 12:45 PM	Republic Day
2031-01-27	Monday	Magha	Krishna Paksha	Saptami (up to 14:20)	Uttara Bhadrapada	Indra	Kaulava	06:45 AM	05:35 PM	13:40 PM	01:40 AM	07:30 AM - 09:00 AM	10:30 AM - 12:00 PM	01:30 PM - 03:00 PM	11:55 AM - 12:45 PM	Normal Day
2031-01-28	Tuesday	Magha	Krishna Paksha	Ashtami (up to 21:33)	Revati	Vaidhriti	Taitila	06:45 AM	05:35 PM	14:57 PM	02:03 AM	03:00 PM - 04:30 PM	09:00 AM - 10:30 AM	12:00 PM - 01:30 PM	11:55 AM - 12:45 PM	Normal Day
2031-01-29	Wednesday	Magha	Krishna Paksha	Navami (up to 20:46)	Ashwini	Vishkambha	Garaja	06:45 AM	05:35 PM	15:14 PM	03:26 AM	12:00 PM - 01:30 PM	07:30 AM - 09:00 AM	10:30 AM - 12:00 PM	11:55 AM - 12:45 PM	Normal Day
2031-01-30	Thursday	Magha	Krishna Paksha	Dashami (up to 19:59)	Bharani	Priti	Vanija	06:45 AM	05:35 PM	16:31 PM	04:49 AM	01:30 PM - 03:00 PM	06:00 AM - 07:30 AM	09:00 AM - 10:30 AM	11:55 AM - 12:45 PM	Normal Day
2031-01-31	Friday	Magha	Krishna Paksha	Ekadashi (up to 18:12)	Krittika	Ayushman	Vishti	06:45 AM	05:35 PM	18:48 PM	06:12 AM	10:30 AM - 12:00 PM	03:00 PM - 04:30 PM	07:30 AM - 09:00 AM	11:55 AM - 12:45 PM	Shattila Ekadashi Vrat
2031-02-01	Saturday	Magha	Krishna Paksha	Dwadashi (up to 17:25)	Rohini	Saubhagya	Bava	06:45 AM	05:35 PM	19:05 PM	07:35 AM	09:00 AM - 10:30 AM	01:30 PM - 03:00 PM	06:00 AM - 07:30 AM	11:55 AM - 12:45 PM	Normal Day
2031-02-02	Sunday	Magha	Krishna Paksha	Trayodashi (up to 16:38)	Mrigashira	Sobhana	Balava	06:45 AM	05:35 PM	20:22 PM	08:58 AM	04:30 PM - 06:00 PM	12:00 PM - 01:30 PM	03:00 PM - 04:30 PM	11:55 AM - 12:45 PM	Pradosh Vrat
2031-02-03	Monday	Magha	Krishna Paksha	Chaturdashi (up to 15:51)	Ardra	Atiganda	Kaulava	06:45 AM	05:35 PM	21:39 PM	09:21 AM	07:30 AM - 09:00 AM	10:30 AM - 12:00 PM	01:30 PM - 03:00 PM	11:55 AM - 12:45 PM	Normal Day
2031-02-04	Tuesday	Magha	Krishna Paksha	Purnima (up to 14:04)	Punarvasu	Sukarma	Taitila	06:45 AM	05:35 PM	22:56 PM	10:44 AM	03:00 PM - 04:30 PM	09:00 AM - 10:30 AM	12:00 PM - 01:30 PM	11:55 AM - 12:45 PM	Amavasya (Pitru Tarpan)
2031-02-05	Wednesday	Phalguna	Shukla Paksha	Pratipada (up to 21:17)	Pushya	Dhriti	Garaja	06:45 AM	05:35 PM	06:13 AM	18:07 PM	12:00 PM - 01:30 PM	07:30 AM - 09:00 AM	10:30 AM - 12:00 PM	11:55 AM - 12:45 PM	Normal Day
2031-02-06	Thursday	Phalguna	Shukla Paksha	Dwitiya (up to 20:30)	Ashlesha	Shool	Vanija	06:45 AM	05:35 PM	07:30 AM	19:30 PM	01:30 PM - 03:00 PM	06:00 AM - 07:30 AM	09:00 AM - 10:30 AM	11:55 AM - 12:45 PM	Normal Day
2031-02-07	Friday	Phalguna	Shukla Paksha	Tritiya (up to 19:43)	Magha	Ganda	Vishti	06:45 AM	05:35 PM	08:47 AM	20:53 PM	10:30 AM - 12:00 PM	03:00 PM - 04:30 PM	07:30 AM - 09:00 AM	11:55 AM - 12:45 PM	Normal Day
2031-02-08	Saturday	Phalguna	Shukla Paksha	Chaturthi (up to 18:56)	Purva Phalguni	Vriddhi	Bava	06:45 AM	05:35 PM	09:04 AM	21:16 PM	09:00 AM - 10:30 AM	01:30 PM - 03:00 PM	06:00 AM - 07:30 AM	11:55 AM - 12:45 PM	Normal Day
2031-02-09	Sunday	Phalguna	Shukla Paksha	Panchami (up to 17:09)	Uttara Phalguni	Dhruva	Balava	06:45 AM	05:35 PM	10:21 AM	22:39 PM	04:30 PM - 06:00 PM	12:00 PM - 01:30 PM	03:00 PM - 04:30 PM	11:55 AM - 12:45 PM	Normal Day
2031-02-10	Monday	Phalguna	Shukla Paksha	Shasthi (up to 16:22)	Hasta	Vyaghat	Kaulava	06:45 AM	05:35 PM	12:38 PM	00:02 AM	07:30 AM - 09:00 AM	10:30 AM - 12:00 PM	01:30 PM - 03:00 PM	11:55 AM - 12:45 PM	Normal Day
2031-02-11	Tuesday	Phalguna	Shukla Paksha	Saptami (up to 15:35)	Chitra	Harshan	Taitila	06:45 AM	05:35 PM	13:55 PM	01:25 AM	03:00 PM - 04:30 PM	09:00 AM - 10:30 AM	12:00 PM - 01:30 PM	11:55 AM - 12:45 PM	Normal Day
2031-02-12	Wednesday	Phalguna	Shukla Paksha	Ashtami (up to 14:48)	Swati	Vajra	Garaja	06:45 AM	05:35 PM	14:12 PM	02:48 AM	12:00 PM - 01:30 PM	07:30 AM - 09:00 AM	10:30 AM - 12:00 PM	11:55 AM - 12:45 PM	Normal Day
2031-02-13	Thursday	Phalguna	Shukla Paksha	Navami (up to 21:01)	Vishakha	Siddhi	Vanija	06:45 AM	05:35 PM	15:29 PM	03:11 AM	01:30 PM - 03:00 PM	06:00 AM - 07:30 AM	09:00 AM - 10:30 AM	11:55 AM - 12:45 PM	Normal Day
2031-02-14	Friday	Phalguna	Shukla Paksha	Dashami (up to 20:14)	Anuradha	Vyatipat	Vishti	06:45 AM	05:35 PM	16:46 PM	04:34 AM	10:30 AM - 12:00 PM	03:00 PM - 04:30 PM	07:30 AM - 09:00 AM	11:55 AM - 12:45 PM	Normal Day
2031-02-15	Saturday	Phalguna	Shukla Paksha	Ekadashi (up to 19:27)	Jyeshtha	Variyan	Bava	06:45 AM	05:35 PM	18:03 PM	06:57 AM	09:00 AM - 10:30 AM	01:30 PM - 03:00 PM	06:00 AM - 07:30 AM	11:55 AM - 12:45 PM	Amalaki Ekadashi Vrat
2031-02-16	Sunday	Phalguna	Shukla Paksha	Dwadashi (up to 18:40)	Mula	Parigha	Balava	06:45 AM	05:35 PM	19:20 PM	07:20 AM	04:30 PM - 06:00 PM	12:00 PM - 01:30 PM	03:00 PM - 04:30 PM	11:55 AM - 12:45 PM	Normal Day
2031-02-17	Monday	Phalguna	Shukla Paksha	Trayodashi (up to 17:53)	Purva Ashadha	Shiva	Kaulava	06:45 AM	05:35 PM	20:37 PM	08:43 AM	07:30 AM - 09:00 AM	10:30 AM - 12:00 PM	01:30 PM - 03:00 PM	11:55 AM - 12:45 PM	Pradosh Vrat
2031-02-18	Tuesday	Phalguna	Shukla Paksha	Chaturdashi (up to 16:06)	Uttara Ashadha	Siddha	Taitila	06:45 AM	05:35 PM	21:54 PM	09:06 AM	03:00 PM - 04:30 PM	09:00 AM - 10:30 AM	12:00 PM - 01:30 PM	11:55 AM - 12:45 PM	Normal Day
2031-02-19	Wednesday	Phalguna	Shukla Paksha	Purnima (up to 15:19)	Shravana	Sadhya	Garaja	06:45 AM	05:35 PM	22:11 PM	10:29 AM	12:00 PM - 01:30 PM	07:30 AM - 09:00 AM	10:30 AM - 12:00 PM	11:55 AM - 12:45 PM	Holika Dahan / Holi Purnima
2031-02-20	Thursday	Phalguna	Krishna Paksha	Pratipada (up to 14:32)	Dhanishta	Shubha	Vanija	06:45 AM	05:35 PM	06:28 AM	18:52 PM	01:30 PM - 03:00 PM	06:00 AM - 07:30 AM	09:00 AM - 10:30 AM	11:55 AM - 12:45 PM	Normal Day
2031-02-21	Friday	Phalguna	Krishna Paksha	Dwitiya (up to 21:45)	Shatabhisha	Shukla	Vishti	06:45 AM	05:35 PM	07:45 AM	19:15 PM	10:30 AM - 12:00 PM	03:00 PM - 04:30 PM	07:30 AM - 09:00 AM	11:55 AM - 12:45 PM	Normal Day
2031-02-22	Saturday	Phalguna	Krishna Paksha	Tritiya (up to 20:58)	Purva Bhadrapada	Brahma	Bava	06:45 AM	05:35 PM	08:02 AM	20:38 PM	09:00 AM - 10:30 AM	01:30 PM - 03:00 PM	06:00 AM - 07:30 AM	11:55 AM - 12:45 PM	Normal Day
2031-02-23	Sunday	Phalguna	Krishna Paksha	Chaturthi (up to 19:11)	Uttara Bhadrapada	Indra	Balava	06:45 AM	05:35 PM	09:19 AM	21:01 PM	04:30 PM - 06:00 PM	12:00 PM - 01:30 PM	03:00 PM - 04:30 PM	11:55 AM - 12:45 PM	Sankashti Chaturthi Vrat
2031-02-24	Monday	Phalguna	Krishna Paksha	Panchami (up to 18:24)	Revati	Vaidhriti	Kaulava	06:45 AM	05:35 PM	10:36 AM	22:24 PM	07:30 AM - 09:00 AM	10:30 AM - 12:00 PM	01:30 PM - 03:00 PM	11:55 AM - 12:45 PM	Normal Day
2031-02-25	Tuesday	Phalguna	Krishna Paksha	Shasthi (up to 17:37)	Ashwini	Vishkambha	Taitila	06:45 AM	05:35 PM	12:53 PM	00:47 AM	03:00 PM - 04:30 PM	09:00 AM - 10:30 AM	12:00 PM - 01:30 PM	11:55 AM - 12:45 PM	Normal Day
2031-02-26	Wednesday	Phalguna	Krishna Paksha	Saptami (up to 16:50)	Bharani	Priti	Garaja	06:45 AM	05:35 PM	13:10 PM	01:10 AM	12:00 PM - 01:30 PM	07:30 AM - 09:00 AM	10:30 AM - 12:00 PM	11:55 AM - 12:45 PM	Normal Day
2031-02-27	Thursday	Phalguna	Krishna Paksha	Ashtami (up to 15:03)	Krittika	Ayushman	Vanija	06:45 AM	05:35 PM	14:27 PM	02:33 AM	01:30 PM - 03:00 PM	06:00 AM - 07:30 AM	09:00 AM - 10:30 AM	11:55 AM - 12:45 PM	Normal Day
2031-02-28	Friday	Phalguna	Krishna Paksha	Navami (up to 14:16)	Rohini	Saubhagya	Vishti	06:45 AM	05:35 PM	15:44 PM	03:56 AM	10:30 AM - 12:00 PM	03:00 PM - 04:30 PM	07:30 AM - 09:00 AM	11:55 AM - 12:45 PM	Normal Day
2031-03-01	Saturday	Phalguna	Krishna Paksha	Dashami (up to 21:29)	Mrigashira	Sobhana	Bava	06:10 AM	06:30 PM	16:01 PM	04:19 AM	09:00 AM - 10:30 AM	01:30 PM - 03:00 PM	06:00 AM - 07:30 AM	11:55 AM - 12:45 PM	Normal Day
2031-03-02	Sunday	Phalguna	Krishna Paksha	Ekadashi (up to 20:42)	Ardra	Atiganda	Balava	06:10 AM	06:30 PM	18:18 PM	06:42 AM	04:30 PM - 06:00 PM	12:00 PM - 01:30 PM	03:00 PM - 04:30 PM	11:55 AM - 12:45 PM	Vijaya Ekadashi Vrat
2031-03-03	Monday	Phalguna	Krishna Paksha	Dwadashi (up to 19:55)	Punarvasu	Sukarma	Kaulava	06:10 AM	06:30 PM	19:35 PM	07:05 AM	07:30 AM - 09:00 AM	10:30 AM - 12:00 PM	01:30 PM - 03:00 PM	11:55 AM - 12:45 PM	Normal Day
2031-03-04	Tuesday	Phalguna	Krishna Paksha	Trayodashi (up to 18:08)	Pushya	Dhriti	Taitila	06:10 AM	06:30 PM	20:52 PM	08:28 AM	03:00 PM - 04:30 PM	09:00 AM - 10:30 AM	12:00 PM - 01:30 PM	11:55 AM - 12:45 PM	Pradosh Vrat
2031-03-05	Wednesday	Phalguna	Krishna Paksha	Chaturdashi (up to 17:21)	Ashlesha	Shool	Garaja	06:10 AM	06:30 PM	21:09 PM	09:51 AM	12:00 PM - 01:30 PM	07:30 AM - 09:00 AM	10:30 AM - 12:00 PM	11:55 AM - 12:45 PM	Maha Shivratri Vrat
2031-03-06	Thursday	Phalguna	Krishna Paksha	Purnima (up to 16:34)	Magha	Ganda	Vanija	06:10 AM	06:30 PM	22:26 PM	10:14 AM	01:30 PM - 03:00 PM	06:00 AM - 07:30 AM	09:00 AM - 10:30 AM	11:55 AM - 12:45 PM	Amavasya (Pitru Tarpan)
2031-03-07	Friday	Chaitra	Shukla Paksha	Pratipada (up to 15:47)	Purva Phalguni	Vriddhi	Vishti	06:10 AM	06:30 PM	06:43 AM	18:37 PM	10:30 AM - 12:00 PM	03:00 PM - 04:30 PM	07:30 AM - 09:00 AM	11:55 AM - 12:45 PM	Chaitra Navratri / Vikram Samvat Gudi Padwa
2031-03-08	Saturday	Chaitra	Shukla Paksha	Dwitiya (up to 14:00)	Uttara Phalguni	Dhruva	Bava	06:10 AM	06:30 PM	07:00 AM	19:00 PM	09:00 AM - 10:30 AM	01:30 PM - 03:00 PM	06:00 AM - 07:30 AM	11:55 AM - 12:45 PM	Normal Day
2031-03-09	Sunday	Chaitra	Shukla Paksha	Tritiya (up to 21:13)	Hasta	Vyaghat	Balava	06:10 AM	06:30 PM	08:17 AM	20:23 PM	04:30 PM - 06:00 PM	12:00 PM - 01:30 PM	03:00 PM - 04:30 PM	11:55 AM - 12:45 PM	Normal Day
2031-03-10	Monday	Chaitra	Shukla Paksha	Chaturthi (up to 20:26)	Chitra	Harshan	Kaulava	06:10 AM	06:30 PM	09:34 AM	21:46 PM	07:30 AM - 09:00 AM	10:30 AM - 12:00 PM	01:30 PM - 03:00 PM	11:55 AM - 12:45 PM	Normal Day
2031-03-11	Tuesday	Chaitra	Shukla Paksha	Panchami (up to 19:39)	Swati	Vajra	Taitila	06:10 AM	06:30 PM	10:51 AM	22:09 PM	03:00 PM - 04:30 PM	09:00 AM - 10:30 AM	12:00 PM - 01:30 PM	11:55 AM - 12:45 PM	Normal Day
2031-03-12	Wednesday	Chaitra	Shukla Paksha	Shasthi (up to 18:52)	Vishakha	Siddhi	Garaja	06:10 AM	06:30 PM	12:08 PM	00:32 AM	12:00 PM - 01:30 PM	07:30 AM - 09:00 AM	10:30 AM - 12:00 PM	11:55 AM - 12:45 PM	Normal Day
2031-03-13	Thursday	Chaitra	Shukla Paksha	Saptami (up to 17:05)	Anuradha	Vyatipat	Vanija	06:10 AM	06:30 PM	13:25 PM	01:55 AM	01:30 PM - 03:00 PM	06:00 AM - 07:30 AM	09:00 AM - 10:30 AM	11:55 AM - 12:45 PM	Normal Day
2031-03-14	Friday	Chaitra	Shukla Paksha	Ashtami (up to 16:18)	Jyeshtha	Variyan	Vishti	06:10 AM	06:30 PM	14:42 PM	02:18 AM	10:30 AM - 12:00 PM	03:00 PM - 04:30 PM	07:30 AM - 09:00 AM	11:55 AM - 12:45 PM	Normal Day
2031-03-15	Saturday	Chaitra	Shukla Paksha	Navami (up to 15:31)	Mula	Parigha	Bava	06:10 AM	06:30 PM	15:59 PM	03:41 AM	09:00 AM - 10:30 AM	01:30 PM - 03:00 PM	06:00 AM - 07:30 AM	11:55 AM - 12:45 PM	Shri Rama Navami
2031-03-16	Sunday	Chaitra	Shukla Paksha	Dashami (up to 14:44)	Purva Ashadha	Shiva	Balava	06:10 AM	06:30 PM	16:16 PM	04:04 AM	04:30 PM - 06:00 PM	12:00 PM - 01:30 PM	03:00 PM - 04:30 PM	11:55 AM - 12:45 PM	Normal Day
2031-03-17	Monday	Chaitra	Shukla Paksha	Ekadashi (up to 21:57)	Uttara Ashadha	Siddha	Kaulava	06:10 AM	06:30 PM	18:33 PM	06:27 AM	07:30 AM - 09:00 AM	10:30 AM - 12:00 PM	01:30 PM - 03:00 PM	11:55 AM - 12:45 PM	Kamada Ekadashi Vrat
2031-03-18	Tuesday	Chaitra	Shukla Paksha	Dwadashi (up to 20:10)	Shravana	Sadhya	Taitila	06:10 AM	06:30 PM	19:50 PM	07:50 AM	03:00 PM - 04:30 PM	09:00 AM - 10:30 AM	12:00 PM - 01:30 PM	11:55 AM - 12:45 PM	Normal Day
2031-03-19	Wednesday	Chaitra	Shukla Paksha	Trayodashi (up to 19:23)	Dhanishta	Shubha	Garaja	06:10 AM	06:30 PM	20:07 PM	08:13 AM	12:00 PM - 01:30 PM	07:30 AM - 09:00 AM	10:30 AM - 12:00 PM	11:55 AM - 12:45 PM	Pradosh Vrat
2031-03-20	Thursday	Chaitra	Shukla Paksha	Chaturdashi (up to 18:36)	Shatabhisha	Shukla	Vanija	06:10 AM	06:30 PM	21:24 PM	09:36 AM	01:30 PM - 03:00 PM	06:00 AM - 07:30 AM	09:00 AM - 10:30 AM	11:55 AM - 12:45 PM	Normal Day
2031-03-21	Friday	Chaitra	Shukla Paksha	Purnima (up to 17:49)	Purva Bhadrapada	Brahma	Vishti	06:10 AM	06:30 PM	22:41 PM	10:59 AM	10:30 AM - 12:00 PM	03:00 PM - 04:30 PM	07:30 AM - 09:00 AM	11:55 AM - 12:45 PM	Hanuman Jayanti
2031-03-22	Saturday	Chaitra	Krishna Paksha	Pratipada (up to 16:02)	Uttara Bhadrapada	Indra	Bava	06:10 AM	06:30 PM	06:58 AM	18:22 PM	09:00 AM - 10:30 AM	01:30 PM - 03:00 PM	06:00 AM - 07:30 AM	11:55 AM - 12:45 PM	Normal Day
2031-03-23	Sunday	Chaitra	Krishna Paksha	Dwitiya (up to 15:15)	Revati	Vaidhriti	Balava	06:10 AM	06:30 PM	07:15 AM	19:45 PM	04:30 PM - 06:00 PM	12:00 PM - 01:30 PM	03:00 PM - 04:30 PM	11:55 AM - 12:45 PM	Normal Day
2031-03-24	Monday	Chaitra	Krishna Paksha	Tritiya (up to 14:28)	Ashwini	Vishkambha	Kaulava	06:10 AM	06:30 PM	08:32 AM	20:08 PM	07:30 AM - 09:00 AM	10:30 AM - 12:00 PM	01:30 PM - 03:00 PM	11:55 AM - 12:45 PM	Normal Day
2031-03-25	Tuesday	Chaitra	Krishna Paksha	Chaturthi (up to 21:41)	Bharani	Priti	Taitila	06:10 AM	06:30 PM	09:49 AM	21:31 PM	03:00 PM - 04:30 PM	09:00 AM - 10:30 AM	12:00 PM - 01:30 PM	11:55 AM - 12:45 PM	Sankashti Chaturthi Vrat
2031-03-26	Wednesday	Chaitra	Krishna Paksha	Panchami (up to 20:54)	Krittika	Ayushman	Garaja	06:10 AM	06:30 PM	10:06 AM	22:54 PM	12:00 PM - 01:30 PM	07:30 AM - 09:00 AM	10:30 AM - 12:00 PM	11:55 AM - 12:45 PM	Normal Day
2031-03-27	Thursday	Chaitra	Krishna Paksha	Shasthi (up to 19:07)	Rohini	Saubhagya	Vanija	06:10 AM	06:30 PM	12:23 PM	00:17 AM	01:30 PM - 03:00 PM	06:00 AM - 07:30 AM	09:00 AM - 10:30 AM	11:55 AM - 12:45 PM	Normal Day
2031-03-28	Friday	Chaitra	Krishna Paksha	Saptami (up to 18:20)	Mrigashira	Sobhana	Vishti	06:10 AM	06:30 PM	13:40 PM	01:40 AM	10:30 AM - 12:00 PM	03:00 PM - 04:30 PM	07:30 AM - 09:00 AM	11:55 AM - 12:45 PM	Normal Day
2031-03-29	Saturday	Chaitra	Krishna Paksha	Ashtami (up to 17:33)	Ardra	Atiganda	Bava	06:10 AM	06:30 PM	14:57 PM	02:03 AM	09:00 AM - 10:30 AM	01:30 PM - 03:00 PM	06:00 AM - 07:30 AM	11:55 AM - 12:45 PM	Normal Day
2031-03-30	Sunday	Chaitra	Krishna Paksha	Navami (up to 16:46)	Punarvasu	Sukarma	Balava	06:10 AM	06:30 PM	15:14 PM	03:26 AM	04:30 PM - 06:00 PM	12:00 PM - 01:30 PM	03:00 PM - 04:30 PM	11:55 AM - 12:45 PM	Normal Day
2031-03-31	Monday	Chaitra	Krishna Paksha	Dashami (up to 15:59)	Pushya	Dhriti	Kaulava	06:10 AM	06:30 PM	16:31 PM	04:49 AM	07:30 AM - 09:00 AM	10:30 AM - 12:00 PM	01:30 PM - 03:00 PM	11:55 AM - 12:45 PM	Normal Day
2031-04-01	Tuesday	Chaitra	Krishna Paksha	Ekadashi (up to 14:12)	Ashlesha	Shool	Taitila	06:10 AM	06:30 PM	18:48 PM	06:12 AM	03:00 PM - 04:30 PM	09:00 AM - 10:30 AM	12:00 PM - 01:30 PM	11:55 AM - 12:45 PM	Papmochani Ekadashi Vrat
2031-04-02	Wednesday	Chaitra	Krishna Paksha	Dwadashi (up to 21:25)	Magha	Ganda	Garaja	06:10 AM	06:30 PM	19:05 PM	07:35 AM	12:00 PM - 01:30 PM	07:30 AM - 09:00 AM	10:30 AM - 12:00 PM	11:55 AM - 12:45 PM	Normal Day
2031-04-03	Thursday	Chaitra	Krishna Paksha	Trayodashi (up to 20:38)	Purva Phalguni	Vriddhi	Vanija	06:10 AM	06:30 PM	20:22 PM	08:58 AM	01:30 PM - 03:00 PM	06:00 AM - 07:30 AM	09:00 AM - 10:30 AM	11:55 AM - 12:45 PM	Pradosh Vrat
2031-04-04	Friday	Chaitra	Krishna Paksha	Chaturdashi (up to 19:51)	Uttara Phalguni	Dhruva	Vishti	06:10 AM	06:30 PM	21:39 PM	09:21 AM	10:30 AM - 12:00 PM	03:00 PM - 04:30 PM	07:30 AM - 09:00 AM	11:55 AM - 12:45 PM	Normal Day
2031-04-05	Saturday	Chaitra	Krishna Paksha	Purnima (up to 18:04)	Hasta	Vyaghat	Bava	06:10 AM	06:30 PM	22:56 PM	10:44 AM	09:00 AM - 10:30 AM	01:30 PM - 03:00 PM	06:00 AM - 07:30 AM	11:55 AM - 12:45 PM	Amavasya (Pitru Tarpan)
2031-04-06	Sunday	Vaishakha	Shukla Paksha	Pratipada (up to 17:17)	Chitra	Harshan	Balava	06:10 AM	06:30 PM	06:13 AM	18:07 PM	04:30 PM - 06:00 PM	12:00 PM - 01:30 PM	03:00 PM - 04:30 PM	11:55 AM - 12:45 PM	Normal Day
2031-04-07	Monday	Vaishakha	Shukla Paksha	Dwitiya (up to 16:30)	Swati	Vajra	Kaulava	06:10 AM	06:30 PM	07:30 AM	19:30 PM	07:30 AM - 09:00 AM	10:30 AM - 12:00 PM	01:30 PM - 03:00 PM	11:55 AM - 12:45 PM	Normal Day
2031-04-08	Tuesday	Vaishakha	Shukla Paksha	Tritiya (up to 15:43)	Vishakha	Siddhi	Taitila	06:10 AM	06:30 PM	08:47 AM	20:53 PM	03:00 PM - 04:30 PM	09:00 AM - 10:30 AM	12:00 PM - 01:30 PM	11:55 AM - 12:45 PM	Akshaya Tritiya
2031-04-09	Wednesday	Vaishakha	Shukla Paksha	Chaturthi (up to 14:56)	Anuradha	Vyatipat	Garaja	06:10 AM	06:30 PM	09:04 AM	21:16 PM	12:00 PM - 01:30 PM	07:30 AM - 09:00 AM	10:30 AM - 12:00 PM	11:55 AM - 12:45 PM	Normal Day
2031-04-10	Thursday	Vaishakha	Shukla Paksha	Panchami (up to 21:09)	Jyeshtha	Variyan	Vanija	06:10 AM	06:30 PM	10:21 AM	22:39 PM	01:30 PM - 03:00 PM	06:00 AM - 07:30 AM	09:00 AM - 10:30 AM	11:55 AM - 12:45 PM	Normal Day
2031-04-11	Friday	Vaishakha	Shukla Paksha	Shasthi (up to 20:22)	Mula	Parigha	Vishti	06:10 AM	06:30 PM	12:38 PM	00:02 AM	10:30 AM - 12:00 PM	03:00 PM - 04:30 PM	07:30 AM - 09:00 AM	11:55 AM - 12:45 PM	Normal Day
2031-04-12	Saturday	Vaishakha	Shukla Paksha	Saptami (up to 19:35)	Purva Ashadha	Shiva	Bava	06:10 AM	06:30 PM	13:55 PM	01:25 AM	09:00 AM - 10:30 AM	01:30 PM - 03:00 PM	06:00 AM - 07:30 AM	11:55 AM - 12:45 PM	Normal Day
2031-04-13	Sunday	Vaishakha	Shukla Paksha	Ashtami (up to 18:48)	Uttara Ashadha	Siddha	Balava	06:10 AM	06:30 PM	14:12 PM	02:48 AM	04:30 PM - 06:00 PM	12:00 PM - 01:30 PM	03:00 PM - 04:30 PM	11:55 AM - 12:45 PM	Normal Day
2031-04-14	Monday	Vaishakha	Shukla Paksha	Navami (up to 17:01)	Shravana	Sadhya	Kaulava	06:10 AM	06:30 PM	15:29 PM	03:11 AM	07:30 AM - 09:00 AM	10:30 AM - 12:00 PM	01:30 PM - 03:00 PM	11:55 AM - 12:45 PM	Normal Day
2031-04-15	Tuesday	Vaishakha	Shukla Paksha	Dashami (up to 16:14)	Dhanishta	Shubha	Taitila	06:10 AM	06:30 PM	16:46 PM	04:34 AM	03:00 PM - 04:30 PM	09:00 AM - 10:30 AM	12:00 PM - 01:30 PM	11:55 AM - 12:45 PM	Normal Day
2031-04-16	Wednesday	Vaishakha	Shukla Paksha	Ekadashi (up to 15:27)	Shatabhisha	Shukla	Garaja	06:10 AM	06:30 PM	18:03 PM	06:57 AM	12:00 PM - 01:30 PM	07:30 AM - 09:00 AM	10:30 AM - 12:00 PM	11:55 AM - 12:45 PM	Mohini Ekadashi Vrat
2031-04-17	Thursday	Vaishakha	Shukla Paksha	Dwadashi (up to 14:40)	Purva Bhadrapada	Brahma	Vanija	06:10 AM	06:30 PM	19:20 PM	07:20 AM	01:30 PM - 03:00 PM	06:00 AM - 07:30 AM	09:00 AM - 10:30 AM	11:55 AM - 12:45 PM	Normal Day
2031-04-18	Friday	Vaishakha	Shukla Paksha	Trayodashi (up to 21:53)	Uttara Bhadrapada	Indra	Vishti	06:10 AM	06:30 PM	20:37 PM	08:43 AM	10:30 AM - 12:00 PM	03:00 PM - 04:30 PM	07:30 AM - 09:00 AM	11:55 AM - 12:45 PM	Pradosh Vrat
2031-04-19	Saturday	Vaishakha	Shukla Paksha	Chaturdashi (up to 20:06)	Revati	Vaidhriti	Bava	06:10 AM	06:30 PM	21:54 PM	09:06 AM	09:00 AM - 10:30 AM	01:30 PM - 03:00 PM	06:00 AM - 07:30 AM	11:55 AM - 12:45 PM	Normal Day
2031-04-20	Sunday	Vaishakha	Shukla Paksha	Purnima (up to 19:19)	Ashwini	Vishkambha	Balava	06:10 AM	06:30 PM	22:11 PM	10:29 AM	04:30 PM - 06:00 PM	12:00 PM - 01:30 PM	03:00 PM - 04:30 PM	11:55 AM - 12:45 PM	Purnima Vrat & Satyanarayan Puja
2031-04-21	Monday	Vaishakha	Krishna Paksha	Pratipada (up to 18:32)	Bharani	Priti	Kaulava	06:10 AM	06:30 PM	06:28 AM	18:52 PM	07:30 AM - 09:00 AM	10:30 AM - 12:00 PM	01:30 PM - 03:00 PM	11:55 AM - 12:45 PM	Normal Day
2031-04-22	Tuesday	Vaishakha	Krishna Paksha	Dwitiya (up to 17:45)	Krittika	Ayushman	Taitila	06:10 AM	06:30 PM	07:45 AM	19:15 PM	03:00 PM - 04:30 PM	09:00 AM - 10:30 AM	12:00 PM - 01:30 PM	11:55 AM - 12:45 PM	Normal Day
2031-04-23	Wednesday	Vaishakha	Krishna Paksha	Tritiya (up to 16:58)	Rohini	Saubhagya	Garaja	06:10 AM	06:30 PM	08:02 AM	20:38 PM	12:00 PM - 01:30 PM	07:30 AM - 09:00 AM	10:30 AM - 12:00 PM	11:55 AM - 12:45 PM	Normal Day
2031-04-24	Thursday	Vaishakha	Krishna Paksha	Chaturthi (up to 15:11)	Mrigashira	Sobhana	Vanija	06:10 AM	06:30 PM	09:19 AM	21:01 PM	01:30 PM - 03:00 PM	06:00 AM - 07:30 AM	09:00 AM - 10:30 AM	11:55 AM - 12:45 PM	Sankashti Chaturthi Vrat
2031-04-25	Friday	Vaishakha	Krishna Paksha	Panchami (up to 14:24)	Ardra	Atiganda	Vishti	06:10 AM	06:30 PM	10:36 AM	22:24 PM	10:30 AM - 12:00 PM	03:00 PM - 04:30 PM	07:30 AM - 09:00 AM	11:55 AM - 12:45 PM	Normal Day
2031-04-26	Saturday	Vaishakha	Krishna Paksha	Shasthi (up to 21:37)	Punarvasu	Sukarma	Bava	06:10 AM	06:30 PM	12:53 PM	00:47 AM	09:00 AM - 10:30 AM	01:30 PM - 03:00 PM	06:00 AM - 07:30 AM	11:55 AM - 12:45 PM	Normal Day
2031-04-27	Sunday	Vaishakha	Krishna Paksha	Saptami (up to 20:50)	Pushya	Dhriti	Balava	06:10 AM	06:30 PM	13:10 PM	01:10 AM	04:30 PM - 06:00 PM	12:00 PM - 01:30 PM	03:00 PM - 04:30 PM	11:55 AM - 12:45 PM	Normal Day
2031-04-28	Monday	Vaishakha	Krishna Paksha	Ashtami (up to 19:03)	Ashlesha	Shool	Kaulava	06:10 AM	06:30 PM	14:27 PM	02:33 AM	07:30 AM - 09:00 AM	10:30 AM - 12:00 PM	01:30 PM - 03:00 PM	11:55 AM - 12:45 PM	Normal Day
2031-04-29	Tuesday	Vaishakha	Krishna Paksha	Navami (up to 18:16)	Magha	Ganda	Taitila	06:10 AM	06:30 PM	15:44 PM	03:56 AM	03:00 PM - 04:30 PM	09:00 AM - 10:30 AM	12:00 PM - 01:30 PM	11:55 AM - 12:45 PM	Normal Day
2031-04-30	Wednesday	Vaishakha	Krishna Paksha	Dashami (up to 17:29)	Purva Phalguni	Vriddhi	Garaja	06:10 AM	06:30 PM	16:01 PM	04:19 AM	12:00 PM - 01:30 PM	07:30 AM - 09:00 AM	10:30 AM - 12:00 PM	11:55 AM - 12:45 PM	Normal Day
2031-05-01	Thursday	Vaishakha	Krishna Paksha	Ekadashi (up to 16:42)	Uttara Phalguni	Dhruva	Vanija	06:10 AM	06:30 PM	18:18 PM	06:42 AM	01:30 PM - 03:00 PM	06:00 AM - 07:30 AM	09:00 AM - 10:30 AM	11:55 AM - 12:45 PM	Varuthini Ekadashi Vrat
2031-05-02	Friday	Vaishakha	Krishna Paksha	Dwadashi (up to 15:55)	Hasta	Vyaghat	Vishti	06:10 AM	06:30 PM	19:35 PM	07:05 AM	10:30 AM - 12:00 PM	03:00 PM - 04:30 PM	07:30 AM - 09:00 AM	11:55 AM - 12:45 PM	Normal Day
2031-05-03	Saturday	Vaishakha	Krishna Paksha	Trayodashi (up to 14:08)	Chitra	Harshan	Bava	06:10 AM	06:30 PM	20:52 PM	08:28 AM	09:00 AM - 10:30 AM	01:30 PM - 03:00 PM	06:00 AM - 07:30 AM	11:55 AM - 12:45 PM	Pradosh Vrat
2031-05-04	Sunday	Vaishakha	Krishna Paksha	Chaturdashi (up to 21:21)	Swati	Vajra	Balava	06:10 AM	06:30 PM	21:09 PM	09:51 AM	04:30 PM - 06:00 PM	12:00 PM - 01:30 PM	03:00 PM - 04:30 PM	11:55 AM - 12:45 PM	Normal Day
2031-05-05	Monday	Vaishakha	Krishna Paksha	Purnima (up to 20:34)	Vishakha	Siddhi	Kaulava	06:10 AM	06:30 PM	22:26 PM	10:14 AM	07:30 AM - 09:00 AM	10:30 AM - 12:00 PM	01:30 PM - 03:00 PM	11:55 AM - 12:45 PM	Amavasya (Pitru Tarpan)
2031-05-06	Tuesday	Jyeshtha	Shukla Paksha	Pratipada (up to 19:47)	Anuradha	Vyatipat	Taitila	06:10 AM	06:30 PM	06:43 AM	18:37 PM	03:00 PM - 04:30 PM	09:00 AM - 10:30 AM	12:00 PM - 01:30 PM	11:55 AM - 12:45 PM	Normal Day
2031-05-07	Wednesday	Jyeshtha	Shukla Paksha	Dwitiya (up to 18:00)	Jyeshtha	Variyan	Garaja	06:10 AM	06:30 PM	07:00 AM	19:00 PM	12:00 PM - 01:30 PM	07:30 AM - 09:00 AM	10:30 AM - 12:00 PM	11:55 AM - 12:45 PM	Normal Day
2031-05-08	Thursday	Jyeshtha	Shukla Paksha	Tritiya (up to 17:13)	Mula	Parigha	Vanija	06:10 AM	06:30 PM	08:17 AM	20:23 PM	01:30 PM - 03:00 PM	06:00 AM - 07:30 AM	09:00 AM - 10:30 AM	11:55 AM - 12:45 PM	Normal Day
2031-05-09	Friday	Jyeshtha	Shukla Paksha	Chaturthi (up to 16:26)	Purva Ashadha	Shiva	Vishti	06:10 AM	06:30 PM	09:34 AM	21:46 PM	10:30 AM - 12:00 PM	03:00 PM - 04:30 PM	07:30 AM - 09:00 AM	11:55 AM - 12:45 PM	Normal Day
2031-05-10	Saturday	Jyeshtha	Shukla Paksha	Panchami (up to 15:39)	Uttara Ashadha	Siddha	Bava	06:10 AM	06:30 PM	10:51 AM	22:09 PM	09:00 AM - 10:30 AM	01:30 PM - 03:00 PM	06:00 AM - 07:30 AM	11:55 AM - 12:45 PM	Normal Day
2031-05-11	Sunday	Jyeshtha	Shukla Paksha	Shasthi (up to 14:52)	Shravana	Sadhya	Balava	06:10 AM	06:30 PM	12:08 PM	00:32 AM	04:30 PM - 06:00 PM	12:00 PM - 01:30 PM	03:00 PM - 04:30 PM	11:55 AM - 12:45 PM	Normal Day
2031-05-12	Monday	Jyeshtha	Shukla Paksha	Saptami (up to 21:05)	Dhanishta	Shubha	Kaulava	06:10 AM	06:30 PM	13:25 PM	01:55 AM	07:30 AM - 09:00 AM	10:30 AM - 12:00 PM	01:30 PM - 03:00 PM	11:55 AM - 12:45 PM	Normal Day
2031-05-13	Tuesday	Jyeshtha	Shukla Paksha	Ashtami (up to 20:18)	Shatabhisha	Shukla	Taitila	06:10 AM	06:30 PM	14:42 PM	02:18 AM	03:00 PM - 04:30 PM	09:00 AM - 10:30 AM	12:00 PM - 01:30 PM	11:55 AM - 12:45 PM	Normal Day
2031-05-14	Wednesday	Jyeshtha	Shukla Paksha	Navami (up to 19:31)	Purva Bhadrapada	Brahma	Garaja	06:10 AM	06:30 PM	15:59 PM	03:41 AM	12:00 PM - 01:30 PM	07:30 AM - 09:00 AM	10:30 AM - 12:00 PM	11:55 AM - 12:45 PM	Normal Day
2031-05-15	Thursday	Jyeshtha	Shukla Paksha	Dashami (up to 18:44)	Uttara Bhadrapada	Indra	Vanija	06:10 AM	06:30 PM	16:16 PM	04:04 AM	01:30 PM - 03:00 PM	06:00 AM - 07:30 AM	09:00 AM - 10:30 AM	11:55 AM - 12:45 PM	Normal Day
2031-05-16	Friday	Jyeshtha	Shukla Paksha	Ekadashi (up to 17:57)	Revati	Vaidhriti	Vishti	06:10 AM	06:30 PM	18:33 PM	06:27 AM	10:30 AM - 12:00 PM	03:00 PM - 04:30 PM	07:30 AM - 09:00 AM	11:55 AM - 12:45 PM	Nirjala Ekadashi Vrat
2031-05-17	Saturday	Jyeshtha	Shukla Paksha	Dwadashi (up to 16:10)	Ashwini	Vishkambha	Bava	06:10 AM	06:30 PM	19:50 PM	07:50 AM	09:00 AM - 10:30 AM	01:30 PM - 03:00 PM	06:00 AM - 07:30 AM	11:55 AM - 12:45 PM	Normal Day
2031-05-18	Sunday	Jyeshtha	Shukla Paksha	Trayodashi (up to 15:23)	Bharani	Priti	Balava	06:10 AM	06:30 PM	20:07 PM	08:13 AM	04:30 PM - 06:00 PM	12:00 PM - 01:30 PM	03:00 PM - 04:30 PM	11:55 AM - 12:45 PM	Pradosh Vrat
2031-05-19	Monday	Jyeshtha	Shukla Paksha	Chaturdashi (up to 14:36)	Krittika	Ayushman	Kaulava	06:10 AM	06:30 PM	21:24 PM	09:36 AM	07:30 AM - 09:00 AM	10:30 AM - 12:00 PM	01:30 PM - 03:00 PM	11:55 AM - 12:45 PM	Normal Day
2031-05-20	Tuesday	Jyeshtha	Shukla Paksha	Purnima (up to 21:49)	Rohini	Saubhagya	Taitila	06:10 AM	06:30 PM	22:41 PM	10:59 AM	03:00 PM - 04:30 PM	09:00 AM - 10:30 AM	12:00 PM - 01:30 PM	11:55 AM - 12:45 PM	Purnima Vrat & Satyanarayan Puja
2031-05-21	Wednesday	Jyeshtha	Krishna Paksha	Pratipada (up to 20:02)	Mrigashira	Sobhana	Garaja	06:10 AM	06:30 PM	06:58 AM	18:22 PM	12:00 PM - 01:30 PM	07:30 AM - 09:00 AM	10:30 AM - 12:00 PM	11:55 AM - 12:45 PM	Normal Day
2031-05-22	Thursday	Jyeshtha	Krishna Paksha	Dwitiya (up to 19:15)	Ardra	Atiganda	Vanija	06:10 AM	06:30 PM	07:15 AM	19:45 PM	01:30 PM - 03:00 PM	06:00 AM - 07:30 AM	09:00 AM - 10:30 AM	11:55 AM - 12:45 PM	Normal Day
2031-05-23	Friday	Jyeshtha	Krishna Paksha	Tritiya (up to 18:28)	Punarvasu	Sukarma	Vishti	06:10 AM	06:30 PM	08:32 AM	20:08 PM	10:30 AM - 12:00 PM	03:00 PM - 04:30 PM	07:30 AM - 09:00 AM	11:55 AM - 12:45 PM	Normal Day
2031-05-24	Saturday	Jyeshtha	Krishna Paksha	Chaturthi (up to 17:41)	Pushya	Dhriti	Bava	06:10 AM	06:30 PM	09:49 AM	21:31 PM	09:00 AM - 10:30 AM	01:30 PM - 03:00 PM	06:00 AM - 07:30 AM	11:55 AM - 12:45 PM	Sankashti Chaturthi Vrat
2031-05-25	Sunday	Jyeshtha	Krishna Paksha	Panchami (up to 16:54)	Ashlesha	Shool	Balava	06:10 AM	06:30 PM	10:06 AM	22:54 PM	04:30 PM - 06:00 PM	12:00 PM - 01:30 PM	03:00 PM - 04:30 PM	11:55 AM - 12:45 PM	Normal Day
2031-05-26	Monday	Jyeshtha	Krishna Paksha	Shasthi (up to 15:07)	Magha	Ganda	Kaulava	06:10 AM	06:30 PM	12:23 PM	00:17 AM	07:30 AM - 09:00 AM	10:30 AM - 12:00 PM	01:30 PM - 03:00 PM	11:55 AM - 12:45 PM	Normal Day
2031-05-27	Tuesday	Jyeshtha	Krishna Paksha	Saptami (up to 14:20)	Purva Phalguni	Vriddhi	Taitila	06:10 AM	06:30 PM	13:40 PM	01:40 AM	03:00 PM - 04:30 PM	09:00 AM - 10:30 AM	12:00 PM - 01:30 PM	11:55 AM - 12:45 PM	Normal Day
2031-05-28	Wednesday	Jyeshtha	Krishna Paksha	Ashtami (up to 21:33)	Uttara Phalguni	Dhruva	Garaja	06:10 AM	06:30 PM	14:57 PM	02:03 AM	12:00 PM - 01:30 PM	07:30 AM - 09:00 AM	10:30 AM - 12:00 PM	11:55 AM - 12:45 PM	Normal Day
2031-05-29	Thursday	Jyeshtha	Krishna Paksha	Navami (up to 20:46)	Hasta	Vyaghat	Vanija	06:10 AM	06:30 PM	15:14 PM	03:26 AM	01:30 PM - 03:00 PM	06:00 AM - 07:30 AM	09:00 AM - 10:30 AM	11:55 AM - 12:45 PM	Normal Day
2031-05-30	Friday	Jyeshtha	Krishna Paksha	Dashami (up to 19:59)	Chitra	Harshan	Vishti	06:10 AM	06:30 PM	16:31 PM	04:49 AM	10:30 AM - 12:00 PM	03:00 PM - 04:30 PM	07:30 AM - 09:00 AM	11:55 AM - 12:45 PM	Normal Day
2031-05-31	Saturday	Jyeshtha	Krishna Paksha	Ekadashi (up to 18:12)	Swati	Vajra	Bava	06:10 AM	06:30 PM	18:48 PM	06:12 AM	09:00 AM - 10:30 AM	01:30 PM - 03:00 PM	06:00 AM - 07:30 AM	11:55 AM - 12:45 PM	Apara Ekadashi Vrat
2031-06-01	Sunday	Jyeshtha	Krishna Paksha	Dwadashi (up to 17:25)	Vishakha	Siddhi	Balava	05:35 AM	07:15 PM	19:05 PM	07:35 AM	04:30 PM - 06:00 PM	12:00 PM - 01:30 PM	03:00 PM - 04:30 PM	11:55 AM - 12:45 PM	Normal Day
2031-06-02	Monday	Jyeshtha	Krishna Paksha	Trayodashi (up to 16:38)	Anuradha	Vyatipat	Kaulava	05:35 AM	07:15 PM	20:22 PM	08:58 AM	07:30 AM - 09:00 AM	10:30 AM - 12:00 PM	01:30 PM - 03:00 PM	11:55 AM - 12:45 PM	Pradosh Vrat
2031-06-03	Tuesday	Jyeshtha	Krishna Paksha	Chaturdashi (up to 15:51)	Jyeshtha	Variyan	Taitila	05:35 AM	07:15 PM	21:39 PM	09:21 AM	03:00 PM - 04:30 PM	09:00 AM - 10:30 AM	12:00 PM - 01:30 PM	11:55 AM - 12:45 PM	Normal Day
2031-06-04	Wednesday	Jyeshtha	Krishna Paksha	Purnima (up to 14:04)	Mula	Parigha	Garaja	05:35 AM	07:15 PM	22:56 PM	10:44 AM	12:00 PM - 01:30 PM	07:30 AM - 09:00 AM	10:30 AM - 12:00 PM	11:55 AM - 12:45 PM	Amavasya (Pitru Tarpan)
2031-06-05	Thursday	Ashadha	Shukla Paksha	Pratipada (up to 21:17)	Purva Ashadha	Shiva	Vanija	05:35 AM	07:15 PM	06:13 AM	18:07 PM	01:30 PM - 03:00 PM	06:00 AM - 07:30 AM	09:00 AM - 10:30 AM	11:55 AM - 12:45 PM	Normal Day
2031-06-06	Friday	Ashadha	Shukla Paksha	Dwitiya (up to 20:30)	Uttara Ashadha	Siddha	Vishti	05:35 AM	07:15 PM	07:30 AM	19:30 PM	10:30 AM - 12:00 PM	03:00 PM - 04:30 PM	07:30 AM - 09:00 AM	11:55 AM - 12:45 PM	Normal Day
2031-06-07	Saturday	Ashadha	Shukla Paksha	Tritiya (up to 19:43)	Shravana	Sadhya	Bava	05:35 AM	07:15 PM	08:47 AM	20:53 PM	09:00 AM - 10:30 AM	01:30 PM - 03:00 PM	06:00 AM - 07:30 AM	11:55 AM - 12:45 PM	Normal Day
2031-06-08	Sunday	Ashadha	Shukla Paksha	Chaturthi (up to 18:56)	Dhanishta	Shubha	Balava	05:35 AM	07:15 PM	09:04 AM	21:16 PM	04:30 PM - 06:00 PM	12:00 PM - 01:30 PM	03:00 PM - 04:30 PM	11:55 AM - 12:45 PM	Normal Day
2031-06-09	Monday	Ashadha	Shukla Paksha	Panchami (up to 17:09)	Shatabhisha	Shukla	Kaulava	05:35 AM	07:15 PM	10:21 AM	22:39 PM	07:30 AM - 09:00 AM	10:30 AM - 12:00 PM	01:30 PM - 03:00 PM	11:55 AM - 12:45 PM	Normal Day
2031-06-10	Tuesday	Ashadha	Shukla Paksha	Shasthi (up to 16:22)	Purva Bhadrapada	Brahma	Taitila	05:35 AM	07:15 PM	12:38 PM	00:02 AM	03:00 PM - 04:30 PM	09:00 AM - 10:30 AM	12:00 PM - 01:30 PM	11:55 AM - 12:45 PM	Normal Day
2031-06-11	Wednesday	Ashadha	Shukla Paksha	Saptami (up to 15:35)	Uttara Bhadrapada	Indra	Garaja	05:35 AM	07:15 PM	13:55 PM	01:25 AM	12:00 PM - 01:30 PM	07:30 AM - 09:00 AM	10:30 AM - 12:00 PM	11:55 AM - 12:45 PM	Normal Day
2031-06-12	Thursday	Ashadha	Shukla Paksha	Ashtami (up to 14:48)	Revati	Vaidhriti	Vanija	05:35 AM	07:15 PM	14:12 PM	02:48 AM	01:30 PM - 03:00 PM	06:00 AM - 07:30 AM	09:00 AM - 10:30 AM	11:55 AM - 12:45 PM	Normal Day
2031-06-13	Friday	Ashadha	Shukla Paksha	Navami (up to 21:01)	Ashwini	Vishkambha	Vishti	05:35 AM	07:15 PM	15:29 PM	03:11 AM	10:30 AM - 12:00 PM	03:00 PM - 04:30 PM	07:30 AM - 09:00 AM	11:55 AM - 12:45 PM	Normal Day
2031-06-14	Saturday	Ashadha	Shukla Paksha	Dashami (up to 20:14)	Bharani	Priti	Bava	05:35 AM	07:15 PM	16:46 PM	04:34 AM	09:00 AM - 10:30 AM	01:30 PM - 03:00 PM	06:00 AM - 07:30 AM	11:55 AM - 12:45 PM	Normal Day
2031-06-15	Sunday	Ashadha	Shukla Paksha	Ekadashi (up to 19:27)	Krittika	Ayushman	Balava	05:35 AM	07:15 PM	18:03 PM	06:57 AM	04:30 PM - 06:00 PM	12:00 PM - 01:30 PM	03:00 PM - 04:30 PM	11:55 AM - 12:45 PM	Devshayani Ekadashi Vrat
2031-06-16	Monday	Ashadha	Shukla Paksha	Dwadashi (up to 18:40)	Rohini	Saubhagya	Kaulava	05:35 AM	07:15 PM	19:20 PM	07:20 AM	07:30 AM - 09:00 AM	10:30 AM - 12:00 PM	01:30 PM - 03:00 PM	11:55 AM - 12:45 PM	Normal Day
2031-06-17	Tuesday	Ashadha	Shukla Paksha	Trayodashi (up to 17:53)	Mrigashira	Sobhana	Taitila	05:35 AM	07:15 PM	20:37 PM	08:43 AM	03:00 PM - 04:30 PM	09:00 AM - 10:30 AM	12:00 PM - 01:30 PM	11:55 AM - 12:45 PM	Pradosh Vrat
2031-06-18	Wednesday	Ashadha	Shukla Paksha	Chaturdashi (up to 16:06)	Ardra	Atiganda	Garaja	05:35 AM	07:15 PM	21:54 PM	09:06 AM	12:00 PM - 01:30 PM	07:30 AM - 09:00 AM	10:30 AM - 12:00 PM	11:55 AM - 12:45 PM	Normal Day
2031-06-19	Thursday	Ashadha	Shukla Paksha	Purnima (up to 15:19)	Punarvasu	Sukarma	Vanija	05:35 AM	07:15 PM	22:11 PM	10:29 AM	01:30 PM - 03:00 PM	06:00 AM - 07:30 AM	09:00 AM - 10:30 AM	11:55 AM - 12:45 PM	Guru Purnima / Vyasa Puja
2031-06-20	Friday	Ashadha	Krishna Paksha	Pratipada (up to 14:32)	Pushya	Dhriti	Vishti	05:35 AM	07:15 PM	06:28 AM	18:52 PM	10:30 AM - 12:00 PM	03:00 PM - 04:30 PM	07:30 AM - 09:00 AM	11:55 AM - 12:45 PM	Normal Day
2031-06-21	Saturday	Ashadha	Krishna Paksha	Dwitiya (up to 21:45)	Ashlesha	Shool	Bava	05:35 AM	07:15 PM	07:45 AM	19:15 PM	09:00 AM - 10:30 AM	01:30 PM - 03:00 PM	06:00 AM - 07:30 AM	11:55 AM - 12:45 PM	Normal Day
2031-06-22	Sunday	Ashadha	Krishna Paksha	Tritiya (up to 20:58)	Magha	Ganda	Balava	05:35 AM	07:15 PM	08:02 AM	20:38 PM	04:30 PM - 06:00 PM	12:00 PM - 01:30 PM	03:00 PM - 04:30 PM	11:55 AM - 12:45 PM	Normal Day
2031-06-23	Monday	Ashadha	Krishna Paksha	Chaturthi (up to 19:11)	Purva Phalguni	Vriddhi	Kaulava	05:35 AM	07:15 PM	09:19 AM	21:01 PM	07:30 AM - 09:00 AM	10:30 AM - 12:00 PM	01:30 PM - 03:00 PM	11:55 AM - 12:45 PM	Sankashti Chaturthi Vrat
2031-06-24	Tuesday	Ashadha	Krishna Paksha	Panchami (up to 18:24)	Uttara Phalguni	Dhruva	Taitila	05:35 AM	07:15 PM	10:36 AM	22:24 PM	03:00 PM - 04:30 PM	09:00 AM - 10:30 AM	12:00 PM - 01:30 PM	11:55 AM - 12:45 PM	Normal Day
2031-06-25	Wednesday	Ashadha	Krishna Paksha	Shasthi (up to 17:37)	Hasta	Vyaghat	Garaja	05:35 AM	07:15 PM	12:53 PM	00:47 AM	12:00 PM - 01:30 PM	07:30 AM - 09:00 AM	10:30 AM - 12:00 PM	11:55 AM - 12:45 PM	Normal Day
2031-06-26	Thursday	Ashadha	Krishna Paksha	Saptami (up to 16:50)	Chitra	Harshan	Vanija	05:35 AM	07:15 PM	13:10 PM	01:10 AM	01:30 PM - 03:00 PM	06:00 AM - 07:30 AM	09:00 AM - 10:30 AM	11:55 AM - 12:45 PM	Normal Day
2031-06-27	Friday	Ashadha	Krishna Paksha	Ashtami (up to 15:03)	Swati	Vajra	Vishti	05:35 AM	07:15 PM	14:27 PM	02:33 AM	10:30 AM - 12:00 PM	03:00 PM - 04:30 PM	07:30 AM - 09:00 AM	11:55 AM - 12:45 PM	Normal Day
2031-06-28	Saturday	Ashadha	Krishna Paksha	Navami (up to 14:16)	Vishakha	Siddhi	Bava	05:35 AM	07:15 PM	15:44 PM	03:56 AM	09:00 AM - 10:30 AM	01:30 PM - 03:00 PM	06:00 AM - 07:30 AM	11:55 AM - 12:45 PM	Normal Day
2031-06-29	Sunday	Ashadha	Krishna Paksha	Dashami (up to 21:29)	Anuradha	Vyatipat	Balava	05:35 AM	07:15 PM	16:01 PM	04:19 AM	04:30 PM - 06:00 PM	12:00 PM - 01:30 PM	03:00 PM - 04:30 PM	11:55 AM - 12:45 PM	Normal Day
2031-06-30	Monday	Ashadha	Krishna Paksha	Ekadashi (up to 20:42)	Jyeshtha	Variyan	Kaulava	05:35 AM	07:15 PM	18:18 PM	06:42 AM	07:30 AM - 09:00 AM	10:30 AM - 12:00 PM	01:30 PM - 03:00 PM	11:55 AM - 12:45 PM	Yogini Ekadashi Vrat
2031-07-01	Tuesday	Ashadha	Krishna Paksha	Dwadashi (up to 19:55)	Mula	Parigha	Taitila	05:35 AM	07:15 PM	19:35 PM	07:05 AM	03:00 PM - 04:30 PM	09:00 AM - 10:30 AM	12:00 PM - 01:30 PM	11:55 AM - 12:45 PM	Normal Day
2031-07-02	Wednesday	Ashadha	Krishna Paksha	Trayodashi (up to 18:08)	Purva Ashadha	Shiva	Garaja	05:35 AM	07:15 PM	20:52 PM	08:28 AM	12:00 PM - 01:30 PM	07:30 AM - 09:00 AM	10:30 AM - 12:00 PM	11:55 AM - 12:45 PM	Pradosh Vrat
2031-07-03	Thursday	Ashadha	Krishna Paksha	Chaturdashi (up to 17:21)	Uttara Ashadha	Siddha	Vanija	05:35 AM	07:15 PM	21:09 PM	09:51 AM	01:30 PM - 03:00 PM	06:00 AM - 07:30 AM	09:00 AM - 10:30 AM	11:55 AM - 12:45 PM	Normal Day
2031-07-04	Friday	Ashadha	Krishna Paksha	Purnima (up to 16:34)	Shravana	Sadhya	Vishti	05:35 AM	07:15 PM	22:26 PM	10:14 AM	10:30 AM - 12:00 PM	03:00 PM - 04:30 PM	07:30 AM - 09:00 AM	11:55 AM - 12:45 PM	Amavasya (Pitru Tarpan)
2031-07-05	Saturday	Shravana	Shukla Paksha	Pratipada (up to 15:47)	Dhanishta	Shubha	Bava	05:35 AM	07:15 PM	06:43 AM	18:37 PM	09:00 AM - 10:30 AM	01:30 PM - 03:00 PM	06:00 AM - 07:30 AM	11:55 AM - 12:45 PM	Normal Day
2031-07-06	Sunday	Shravana	Shukla Paksha	Dwitiya (up to 14:00)	Shatabhisha	Shukla	Balava	05:35 AM	07:15 PM	07:00 AM	19:00 PM	04:30 PM - 06:00 PM	12:00 PM - 01:30 PM	03:00 PM - 04:30 PM	11:55 AM - 12:45 PM	Normal Day
2031-07-07	Monday	Shravana	Shukla Paksha	Tritiya (up to 21:13)	Purva Bhadrapada	Brahma	Kaulava	05:35 AM	07:15 PM	08:17 AM	20:23 PM	07:30 AM - 09:00 AM	10:30 AM - 12:00 PM	01:30 PM - 03:00 PM	11:55 AM - 12:45 PM	Normal Day
2031-07-08	Tuesday	Shravana	Shukla Paksha	Chaturthi (up to 20:26)	Uttara Bhadrapada	Indra	Taitila	05:35 AM	07:15 PM	09:34 AM	21:46 PM	03:00 PM - 04:30 PM	09:00 AM - 10:30 AM	12:00 PM - 01:30 PM	11:55 AM - 12:45 PM	Normal Day
2031-07-09	Wednesday	Shravana	Shukla Paksha	Panchami (up to 19:39)	Revati	Vaidhriti	Garaja	05:35 AM	07:15 PM	10:51 AM	22:09 PM	12:00 PM - 01:30 PM	07:30 AM - 09:00 AM	10:30 AM - 12:00 PM	11:55 AM - 12:45 PM	Nag Panchami
2031-07-10	Thursday	Shravana	Shukla Paksha	Shasthi (up to 18:52)	Ashwini	Vishkambha	Vanija	05:35 AM	07:15 PM	12:08 PM	00:32 AM	01:30 PM - 03:00 PM	06:00 AM - 07:30 AM	09:00 AM - 10:30 AM	11:55 AM - 12:45 PM	Normal Day
2031-07-11	Friday	Shravana	Shukla Paksha	Saptami (up to 17:05)	Bharani	Priti	Vishti	05:35 AM	07:15 PM	13:25 PM	01:55 AM	10:30 AM - 12:00 PM	03:00 PM - 04:30 PM	07:30 AM - 09:00 AM	11:55 AM - 12:45 PM	Normal Day
2031-07-12	Saturday	Shravana	Shukla Paksha	Ashtami (up to 16:18)	Krittika	Ayushman	Bava	05:35 AM	07:15 PM	14:42 PM	02:18 AM	09:00 AM - 10:30 AM	01:30 PM - 03:00 PM	06:00 AM - 07:30 AM	11:55 AM - 12:45 PM	Normal Day
2031-07-13	Sunday	Shravana	Shukla Paksha	Navami (up to 15:31)	Rohini	Saubhagya	Balava	05:35 AM	07:15 PM	15:59 PM	03:41 AM	04:30 PM - 06:00 PM	12:00 PM - 01:30 PM	03:00 PM - 04:30 PM	11:55 AM - 12:45 PM	Normal Day
2031-07-14	Monday	Shravana	Shukla Paksha	Dashami (up to 14:44)	Mrigashira	Sobhana	Kaulava	05:35 AM	07:15 PM	16:16 PM	04:04 AM	07:30 AM - 09:00 AM	10:30 AM - 12:00 PM	01:30 PM - 03:00 PM	11:55 AM - 12:45 PM	Normal Day
2031-07-15	Tuesday	Shravana	Shukla Paksha	Ekadashi (up to 21:57)	Ardra	Atiganda	Taitila	05:35 AM	07:15 PM	18:33 PM	06:27 AM	03:00 PM - 04:30 PM	09:00 AM - 10:30 AM	12:00 PM - 01:30 PM	11:55 AM - 12:45 PM	Shravana Putrada Ekadashi Vrat
2031-07-16	Wednesday	Shravana	Shukla Paksha	Dwadashi (up to 20:10)	Punarvasu	Sukarma	Garaja	05:35 AM	07:15 PM	19:50 PM	07:50 AM	12:00 PM - 01:30 PM	07:30 AM - 09:00 AM	10:30 AM - 12:00 PM	11:55 AM - 12:45 PM	Normal Day
2031-07-17	Thursday	Shravana	Shukla Paksha	Trayodashi (up to 19:23)	Pushya	Dhriti	Vanija	05:35 AM	07:15 PM	20:07 PM	08:13 AM	01:30 PM - 03:00 PM	06:00 AM - 07:30 AM	09:00 AM - 10:30 AM	11:55 AM - 12:45 PM	Pradosh Vrat
2031-07-18	Friday	Shravana	Shukla Paksha	Chaturdashi (up to 18:36)	Ashlesha	Shool	Vishti	05:35 AM	07:15 PM	21:24 PM	09:36 AM	10:30 AM - 12:00 PM	03:00 PM - 04:30 PM	07:30 AM - 09:00 AM	11:55 AM - 12:45 PM	Normal Day
2031-07-19	Saturday	Shravana	Shukla Paksha	Purnima (up to 17:49)	Magha	Ganda	Bava	05:35 AM	07:15 PM	22:41 PM	10:59 AM	09:00 AM - 10:30 AM	01:30 PM - 03:00 PM	06:00 AM - 07:30 AM	11:55 AM - 12:45 PM	Raksha Bandhan / Shravani Purnima
2031-07-20	Sunday	Shravana	Krishna Paksha	Pratipada (up to 16:02)	Purva Phalguni	Vriddhi	Balava	05:35 AM	07:15 PM	06:58 AM	18:22 PM	04:30 PM - 06:00 PM	12:00 PM - 01:30 PM	03:00 PM - 04:30 PM	11:55 AM - 12:45 PM	Normal Day
2031-07-21	Monday	Shravana	Krishna Paksha	Dwitiya (up to 15:15)	Uttara Phalguni	Dhruva	Kaulava	05:35 AM	07:15 PM	07:15 AM	19:45 PM	07:30 AM - 09:00 AM	10:30 AM - 12:00 PM	01:30 PM - 03:00 PM	11:55 AM - 12:45 PM	Normal Day
2031-07-22	Tuesday	Shravana	Krishna Paksha	Tritiya (up to 14:28)	Hasta	Vyaghat	Taitila	05:35 AM	07:15 PM	08:32 AM	20:08 PM	03:00 PM - 04:30 PM	09:00 AM - 10:30 AM	12:00 PM - 01:30 PM	11:55 AM - 12:45 PM	Normal Day
2031-07-23	Wednesday	Shravana	Krishna Paksha	Chaturthi (up to 21:41)	Chitra	Harshan	Garaja	05:35 AM	07:15 PM	09:49 AM	21:31 PM	12:00 PM - 01:30 PM	07:30 AM - 09:00 AM	10:30 AM - 12:00 PM	11:55 AM - 12:45 PM	Sankashti Chaturthi Vrat
2031-07-24	Thursday	Shravana	Krishna Paksha	Panchami (up to 20:54)	Swati	Vajra	Vanija	05:35 AM	07:15 PM	10:06 AM	22:54 PM	01:30 PM - 03:00 PM	06:00 AM - 07:30 AM	09:00 AM - 10:30 AM	11:55 AM - 12:45 PM	Normal Day
2031-07-25	Friday	Shravana	Krishna Paksha	Shasthi (up to 19:07)	Vishakha	Siddhi	Vishti	05:35 AM	07:15 PM	12:23 PM	00:17 AM	10:30 AM - 12:00 PM	03:00 PM - 04:30 PM	07:30 AM - 09:00 AM	11:55 AM - 12:45 PM	Normal Day
2031-07-26	Saturday	Shravana	Krishna Paksha	Saptami (up to 18:20)	Anuradha	Vyatipat	Bava	05:35 AM	07:15 PM	13:40 PM	01:40 AM	09:00 AM - 10:30 AM	01:30 PM - 03:00 PM	06:00 AM - 07:30 AM	11:55 AM - 12:45 PM	Normal Day
2031-07-27	Sunday	Shravana	Krishna Paksha	Ashtami (up to 17:33)	Jyeshtha	Variyan	Balava	05:35 AM	07:15 PM	14:57 PM	02:03 AM	04:30 PM - 06:00 PM	12:00 PM - 01:30 PM	03:00 PM - 04:30 PM	11:55 AM - 12:45 PM	Normal Day
2031-07-28	Monday	Shravana	Krishna Paksha	Navami (up to 16:46)	Mula	Parigha	Kaulava	05:35 AM	07:15 PM	15:14 PM	03:26 AM	07:30 AM - 09:00 AM	10:30 AM - 12:00 PM	01:30 PM - 03:00 PM	11:55 AM - 12:45 PM	Normal Day
2031-07-29	Tuesday	Shravana	Krishna Paksha	Dashami (up to 15:59)	Purva Ashadha	Shiva	Taitila	05:35 AM	07:15 PM	16:31 PM	04:49 AM	03:00 PM - 04:30 PM	09:00 AM - 10:30 AM	12:00 PM - 01:30 PM	11:55 AM - 12:45 PM	Normal Day
2031-07-30	Wednesday	Shravana	Krishna Paksha	Ekadashi (up to 14:12)	Uttara Ashadha	Siddha	Garaja	05:35 AM	07:15 PM	18:48 PM	06:12 AM	12:00 PM - 01:30 PM	07:30 AM - 09:00 AM	10:30 AM - 12:00 PM	11:55 AM - 12:45 PM	Kamika Ekadashi Vrat
2031-07-31	Thursday	Shravana	Krishna Paksha	Dwadashi (up to 21:25)	Shravana	Sadhya	Vanija	05:35 AM	07:15 PM	19:05 PM	07:35 AM	01:30 PM - 03:00 PM	06:00 AM - 07:30 AM	09:00 AM - 10:30 AM	11:55 AM - 12:45 PM	Normal Day
2031-08-01	Friday	Shravana	Krishna Paksha	Trayodashi (up to 20:38)	Dhanishta	Shubha	Vishti	05:35 AM	07:15 PM	20:22 PM	08:58 AM	10:30 AM - 12:00 PM	03:00 PM - 04:30 PM	07:30 AM - 09:00 AM	11:55 AM - 12:45 PM	Pradosh Vrat